time_s,x_m,y_m,z_m,tilt_deg,left_contact,right_contact,max_abs_torque_nm
0.02,1.1784551769775267e-06,-1.0936832291037181e-05,0.12257782291167851,0.015285724211991519,0,0,0.06559979749790876
0.04,-9.988615239471761e-07,-2.471619943444134e-05,0.11626581283386926,0.03567794050009201,1,1,0.03857301190578411
0.05999999999999999,0.0005109496333406836,-5.2271742160290534e-05,0.11465716999390177,0.23977715298792032,1,1,0.049709103626168406
0.08,0.00138405312872758,-7.184817762315518e-05,0.11531329376293496,0.4925635407022734,1,1,0.05775409992739842
0.10000000000000002,0.0022944147626355414,2.070449387525656e-05,0.11585818292942855,0.7533601928636572,1,1,0.061015141249639165
0.12000000000000004,0.002908146278170193,0.00010031827009715212,0.11613277949520866,1.037201796862434,1,1,0.06425586005113777
0.14000000000000004,0.0033184368543267458,0.00012394567685048295,0.11620078879341754,1.264911631261631,1,1,0.06446856204020167
0.16000000000000006,0.0037945603801785785,0.00014339291642610105,0.11624164642812747,1.411888299088625,1,1,0.06205755650389196
0.18000000000000008,0.0042434771233883775,7.931318521622234e-05,0.11620509200376139,1.513552842813334,1,1,0.06187798397393572
0.2000000000000001,0.004613824376658031,5.959670209429492e-05,0.11617111493768656,1.577944902703852,1,1,0.060133462058282336
0.2200000000000001,0.004998965522995178,0.0001913699257113769,0.11617713204165799,1.5986274646088605,1,1,0.06319672572133837
0.24000000000000013,0.005428057955588074,0.00029208811453624775,0.11612305231595213,1.5885764976915389,1,1,0.06519808404615487
0.2600000000000001,0.005828935560439599,0.00028099835383238995,0.11601328253273592,1.5715877863177166,1,1,0.060093357148665816
0.28000000000000014,0.0062212206024344985,0.0002719324323478385,0.11590015583481282,1.5451507608858444,1,1,0.059558295526474916
0.30000000000000016,0.006577870856059791,0.00031065833863002084,0.11579187214793672,1.5071676277719168,1,1,0.06251820675351781
0.3200000000000002,0.006965952681965543,0.0004024864581362008,0.1156945851915062,1.4574332097604608,1,1,0.06100958884708068
0.3400000000000002,0.007328141243298781,0.000495554162505472,0.11558570708874677,1.4087754864577406,1,1,0.060548783476118806
0.3600000000000002,0.007698578336179913,0.0005612136674669838,0.11546761835874932,1.361687486652897,1,1,0.05726517020505089
0.3800000000000002,0.008095104895720339,0.0005946981341222355,0.11534317115595799,1.3165961561958701,1,1,0.061042148124071376
0.40000000000000024,0.008520116657502061,0.0006131044332983236,0.11521393689380598,1.2749446280547387,1,1,0.06200471429134599
0.42000000000000026,0.008936884459193056,0.0006392724986754833,0.11508756528301081,1.2461383623049276,1,1,0.0698961979600135
0.4400000000000003,0.009356942443886131,0.0006692219362569883,0.1149541840159489,1.2137872946505837,1,1,0.06417376746458472
0.4600000000000003,0.009774753297578362,0.0006629647856649701,0.1148145052522428,1.1778374976170831,1,1,0.06474460278595483
0.4800000000000003,0.010236260645784112,0.0005928176106434791,0.11466375693717565,1.130923493049436,1,1,0.05525491550548703
0.5000000000000003,0.010682116197667452,0.0004706971034383842,0.11450725017338197,1.0953516783066612,1,1,0.0551723491313415
0.5200000000000004,0.011085172760970674,0.00028572139141097596,0.11433598774430949,1.0715381658175398,1,1,0.06168189562452599
0.5400000000000004,0.011476403510034807,2.7102185886426422e-05,0.11413613102354284,1.0630825353845936,1,1,0.06215714292282209
0.5600000000000004,0.01181229104940834,-0.00011818953735681442,0.11395553795150273,1.0772745278381588,1,1,0.06719710815598695
0.5800000000000004,0.012149097342231498,-0.00015135343022113382,0.11375595528070952,1.1212564255955733,1,1,0.07587420135307058
0.6000000000000004,0.01254693879091537,-0.0002894602393871426,0.1135323424133303,1.231974033641381,1,1,0.1362325991059194
0.6200000000000004,0.013101382069881045,-0.0007931253158088883,0.11333798061690233,1.4560917131537106,1,1,0.20269483937167654
0.6400000000000005,0.013800287748316944,-0.001784130341929494,0.11321150907180254,1.8107119573453008,1,1,0.24350704604066298
0.6600000000000005,0.014330097456013812,-0.003250765654682294,0.11315266543538251,2.3689362958543785,1,1,0.2362760246825471
0.6800000000000005,0.014786909705320525,-0.004745224647685888,0.11321370735089298,2.8593569593811896,1,1,0.1482214708231282
0.7000000000000005,0.015303303423890411,-0.005697755430963689,0.11335785886985121,3.065906752914701,1,1,0.223440053481023
0.7200000000000005,0.015786594316715596,-0.0057168326342459455,0.11338492362444913,3.104247595301597,1,1,0.320606652594501
0.7400000000000005,0.016256005177918365,-0.004577627820674287,0.11331104856730835,3.012439003003352,0,1,0.3573086453671453
0.7600000000000006,0.016512020670962246,-0.002199647717958892,0.11289442560589821,2.8795488219661647,0,1,0.3376017474306287
0.7800000000000006,0.017006596103986978,0.0011773132283271833,0.11290998748296201,2.630058826598108,0,1,0.29114246917129405
0.8000000000000006,0.018074944434731184,0.005401025376238253,0.11291990615194684,2.342066764435706,0,1,0.16181678807293545
0.8200000000000006,0.019437117938752458,0.009948301507804142,0.11222867388860996,2.5210499884969324,1,1,0.3232988095270006
0.8400000000000006,0.02139419735767787,0.013114878134877592,0.1133993256747501,2.821264180495603,1,0,0.35293425452181737
0.8600000000000007,0.02333646549917937,0.014616574501234386,0.11495043442569411,3.088644941471405,1,0,0.3171739082645356
0.8800000000000007,0.025277958519489108,0.014901180576015527,0.11611218039522336,3.1354077480471405,1,0,0.2513570717493857
0.9000000000000007,0.027231438282287516,0.01403976686020746,0.11668571750737074,2.951849306214542,1,0,0.2186995715141094
0.9200000000000007,0.02923020207529259,0.01196382776547429,0.11663351149760293,2.591791433972441,1,0,0.1911391611890808
0.9400000000000007,0.03109049681291248,0.008813293770022674,0.11625210920710424,2.0989482833332693,1,0,0.16978008191221047
0.9600000000000007,0.03318595385521155,0.004883693556736609,0.11594017014355765,1.294881313653158,1,0,0.15112314862261084
0.9800000000000008,0.03526795451258654,0.0005175615151832879,0.11509038505705266,0.051224709760516914,1,0,0.2595984139262046
1.0000000000000007,0.037133151321295445,-0.0037631637713312037,0.11359327944855026,2.0749527039509803,1,1,0.19433409105591845
1.0200000000000002,0.039064976740828164,-0.00684126125549495,0.11520000752976821,2.807762581677511,0,1,0.20764499640116768
1.0399999999999998,0.041274189186011175,-0.008599773007587469,0.117101594050003,3.2593897764537045,0,1,0.2138252025232115
1.0599999999999994,0.04369331772329416,-0.009374327642216584,0.11835249273232279,3.4777217556426816,0,1,0.12069573122652838
1.079999999999999,0.04635881104163256,-0.009203014497587288,0.118889527947413,3.4350298923451423,0,1,0.0837254516963905
1.0999999999999985,0.04900459480404182,-0.007878865175230308,0.11907561864761741,3.2107977505862078,0,1,0.1273375890915736
1.119999999999998,0.05129384337511468,-0.0053153865135291915,0.11879106962236406,3.0941497683312638,0,1,0.20047863094306637
1.1399999999999977,0.05332514736214407,-0.0017136315629595596,0.11783553072504915,2.9104216195164656,0,1,0.19752204538435192
1.1599999999999973,0.05520264790804733,0.002540161405596627,0.11663024621788791,2.2914901695803165,0,1,0.2803681552132674
1.1799999999999968,0.05697895003040579,0.006935217021762575,0.11464119226995166,1.729118807814528,0,1,0.237049976932828
1.1999999999999964,0.05897304652010406,0.010780406473322882,0.11431257067028285,2.4447097866711616,1,0,0.18115831801183513
1.219999999999996,0.06165701698050066,0.013014631603803254,0.116229075380712,2.801736985720714,1,0,0.1312473848980216
1.2399999999999956,0.06431925607834472,0.014069273179447315,0.11804614815460161,2.9673516109374027,1,0,0.12530229735469595
1.2599999999999951,0.06647743879203423,0.01406397225851108,0.119130067194365,3.039168893601833,1,0,0.1836569877339846
1.2799999999999947,0.06827363237636352,0.012992408890141265,0.11927333354492563,3.08799303836554,1,0,0.2004520354425619
1.2999999999999943,0.06981089638788944,0.010780673468570303,0.11877866396013631,3.0790702783728725,1,0,0.20458879673467117
1.3199999999999938,0.07116413763558034,0.007552327806058726,0.11781320232454602,2.825193185907095,1,0,0.19948645275260746
1.3399999999999934,0.07239797022415952,0.0036361405436154803,0.11679077424297228,2.125245610532462,1,0,0.23379096181056175
1.359999999999993,0.07353948804611868,-0.00040564453657780967,0.11504790645266791,1.6938630134733865,1,0,0.23511158206090377
1.3799999999999926,0.07488391929100753,-0.003925606663429555,0.11489367726590315,2.5723942050691173,0,1,0.15957678822243085
1.3999999999999921,0.07686738630059683,-0.005956174235348352,0.11685552131941532,2.973116880954282,0,1,0.21517046834844816
1.4199999999999917,0.0791260027622551,-0.006961218417860916,0.11832160574652874,3.197488236760834,0,1,0.12679378398558064
1.4399999999999913,0.0814311907100802,-0.00696944813802535,0.11915694844883164,3.2151995712778545,0,1,0.0891938979421405
1.4599999999999909,0.08342257551373526,-0.005833968054966568,0.11927416561440196,3.2263300380673514,0,1,0.15219282260264383
1.4799999999999904,0.08537310350413999,-0.0034602621869781335,0.11874136469743336,3.216172751911606,0,1,0.1813628459357473
1.49999999999999,0.08720826828273893,-6.075360530500022e-05,0.11765882926696507,2.9891548664305607,0,1,0.1995073581195404
1.5199999999999896,0.08894069441500847,0.004007792546431239,0.11630905859142683,2.2754516478114653,0,1,0.2543378132504164
1.5399999999999892,0.09063928713537847,0.008256437990399275,0.11450109097017587,1.450309173459067,0,1,0.22220483497311433
1.5599999999999887,0.09241286868288752,0.011915691152177455,0.11432513538340773,2.0609257622242136,1,0,0.17049281266334057
1.5799999999999883,0.09467759943460438,0.013949504196876388,0.11626474298101709,2.3656810875539502,1,0,0.14188575215244661
1.5999999999999879,0.09715038692037369,0.014839581464016755,0.11779939588301974,2.5776061431838198,1,0,0.13925038051303404
1.6199999999999875,0.09942521019080014,0.014679922278812903,0.11889364386158219,2.539846506609358,1,0,0.12025017675921465
1.639999999999987,0.10126674986050473,0.013400841752187719,0.11924644721185948,2.4344162782549548,1,0,0.17697457603586828
1.6599999999999866,0.1030430795902573,0.010880252441404954,0.11893171565199723,2.318142125636632,1,0,0.17778614040781165
1.6799999999999862,0.10469133309145229,0.007282374152275433,0.11799174139922393,2.0441210801647323,1,0,0.16597699725886644
1.6999999999999857,0.10615637194306053,0.00307435641302684,0.11693540503926732,1.2516847982305694,1,0,0.21826957810147862
1.7199999999999853,0.10767343013342355,-0.0012250573705459668,0.11521134982521648,0.6804231157519495,1,0,0.2244079179705141
1.739999999999985,0.10921036626293286,-0.0049135831711426235,0.11500146159912453,2.063552583504019,0,1,0.16448845884789598
1.7599999999999845,0.11119980450150424,-0.007089288104174478,0.11685677048634724,2.6080960767068335,0,1,0.218527827746708
1.779999999999984,0.11341813100912787,-0.008226518729838973,0.11828565852149091,2.8884476260181766,0,1,0.13524975770173767
1.7999999999999836,0.11586954149909547,-0.00844516073881263,0.11900566694455697,2.9172251444245174,0,1,0.0873671748607896
1.8199999999999832,0.11832523424570009,-0.007544943186482699,0.11929134172514703,2.7953445971405366,0,1,0.12810627664173282
1.8399999999999828,0.12054185991497009,-0.005410819425345737,0.1189097719693586,2.767685837942763,0,1,0.18638609939541068
1.8599999999999823,0.12264019738082665,-0.0021429263579995066,0.11796027676069518,2.6847518438561013,0,1,0.19249992598657267
1.879999999999982,0.12459483859132735,0.0018809576917220164,0.116586305206643,2.193125486366569,0,1,0.2449243210952763
1.8999999999999815,0.1265355686218935,0.006178038772234588,0.11495509091884164,1.2519299438504317,0,1,0.2366203340253601
1.919999999999981,0.12840336566483077,0.010182348815413215,0.11381099575377868,2.0060824798314596,1,0,0.1559544713006895
1.9399999999999806,0.13081885746607796,0.012562848772931744,0.11572483156572315,2.4359477909368126,1,0,0.1468326715948065
1.9599999999999802,0.13347951788439769,0.013708818007589092,0.11748550341283,2.756728742504356,1,0,0.1373050445224417
1.9799999999999798,0.1359093529192554,0.01386371330734126,0.11880036947502678,2.7726925277477985,1,0,0.12085634608817358
1.9999999999999793,0.1377714036261613,0.012974035174891926,0.11930547121172198,2.7082054386706838,1,0,0.17970776315998224
2.019999999999979,0.13933771202530165,0.010903526921819477,0.11908105165598597,2.6584535719720757,1,0,0.18619346238165163
2.0399999999999787,0.14082999223901047,0.007658630829621494,0.11834785118425181,2.4706775671733956,1,0,0.184033836915219
2.0599999999999783,0.14205980631601528,0.0036356674955970256,0.11719469896280693,1.877019830233613,1,0,0.18160934968161346
2.079999999999978,0.1432139219573204,-0.0005873364916067255,0.11572562081003461,0.6493999975030674,1,0,0.24158136445541442
2.0999999999999774,0.14429409368998014,-0.004562138453275238,0.11463799668587142,1.778010878031092,0,1,0.15184850382578233
2.119999999999977,0.14596768620431722,-0.007105348748091906,0.11638504335108447,2.37688133157029,0,1,0.20799627935398285
2.1399999999999766,0.14799405664272186,-0.008513860272072576,0.11796713085065716,2.7389385335383003,0,1,0.15430803649569189
2.159999999999976,0.15027194978696803,-0.009008582242650168,0.11884826764145176,2.836738788112799,0,1,0.08403538947575964
2.1799999999999757,0.1526958302247602,-0.00844251874026876,0.11921390643721799,2.7438638604348453,0,1,0.11415886482239818
2.1999999999999753,0.15495219264435153,-0.006625554334391245,0.11902199173166246,2.69755046991937,0,1,0.1821536260686734
2.219999999999975,0.15715207633377307,-0.0036348167817587033,0.11815109227068023,2.6295142557636626,0,1,0.1810467169369484
2.2399999999999745,0.15918945815294513,0.00018621769058471877,0.11675201034274864,2.2214293585024794,0,1,0.22981114251559348
2.259999999999974,0.1611998011453863,0.00439941161785669,0.11521522333376503,1.246670272359386,0,1,0.24614240744482244
2.2799999999999736,0.16314535151158732,0.008461935808422336,0.11406487601816058,1.6358717213957055,1,0,0.16658633197818476
2.299999999999973,0.16547210515102315,0.011034911536011615,0.11567148499779165,2.0677189479123146,1,0,0.16231620720543224
2.3199999999999728,0.16804062703032766,0.01229480959433877,0.11726834021829953,2.3978915364278435,1,0,0.1455027654530729
2.3399999999999723,0.1707099690476022,0.012511762957961402,0.11831532506257654,2.5075013486144884,1,0,0.13280224220427722
2.359999999999972,0.17301704072090757,0.011618123658212931,0.11903643645249666,2.341420043573228,1,0,0.14031474790420434
2.3799999999999715,0.17497401023937625,0.00952921931363419,0.11902797667808043,2.185719010772864,1,0,0.1818407013039377
2.399999999999971,0.17669470266389245,0.006298013204241881,0.118316790989769,2.0334959907386074,1,0,0.17249126329686532
2.4199999999999706,0.17817262329669686,0.0022988337107795317,0.11725137496757543,1.5201721568953295,1,0,0.1610949321677466
2.43999999999997,0.17967780138744807,-0.0019925608246445852,0.11596514534222317,0.17869255318150337,1,0,0.24208869099666716
2.4599999999999698,0.1811088237995353,-0.006047529988397889,0.11480401116448065,1.6173163494497598,0,1,0.1647534645024241
2.4799999999999693,0.18295518225915972,-0.008688759230744449,0.11626799856062417,2.2092336515818953,0,1,0.21664313333909607
2.499999999999969,0.18515534381934232,-0.010128101710311697,0.11769376986294021,2.5402119303709845,0,1,0.18243873120080228
2.5199999999999685,0.1875701353678835,-0.010599185884550534,0.11851081326167133,2.577559047834236,0,1,0.09962211255242742
2.539999999999968,0.19024685868178703,-0.010020199259880729,0.11875404366048359,2.417879091932176,0,1,0.11671128247964388
2.5599999999999676,0.1927823060106941,-0.00813288748894124,0.11860952980268856,2.269191363982808,0,1,0.1769319673486531
2.579999999999967,0.19513376321526793,-0.005063304942355631,0.11778621004454512,2.184316193372225,0,1,0.17841329284392551
2.599999999999967,0.1973079220209423,-0.001174858717624431,0.11645711403104583,1.7963565480752215,0,1,0.23550698551596444
2.6199999999999664,0.19946689623573477,0.0030475484906625034,0.11487681537189291,0.9791306791506662,0,1,0.26344309123751286
2.639999999999966,0.20159080157771425,0.007000768610568655,0.11381176729214312,1.8206271083757657,1,0,0.18279804998794258
2.6599999999999655,0.20411371881433374,0.009366462196599541,0.11553687728624017,2.296886389653768,1,0,0.16261147644620635
2.679999999999965,0.20685923051120006,0.010467120372787742,0.11716847725779346,2.6259343732078,1,0,0.13966039503109454
2.6999999999999647,0.20964003324878597,0.010531568447852222,0.11830038753534192,2.6927029975524492,1,0,0.12448574463562019
2.7199999999999642,0.2118747791867124,0.009504716450673214,0.11898165940128833,2.5396250615490388,1,0,0.16367601433075168
2.739999999999964,0.2136775135514645,0.007321014504259677,0.11886827430914677,2.4279524739375886,1,0,0.183648474413225
2.7599999999999634,0.21512638199555476,0.004110994658193904,0.11811489393626406,2.2815152326930046,1,0,0.18423731108526317
2.779999999999963,0.21633541165846398,0.0001588864885793042,0.11701208496170203,1.7353143613354922,1,0,0.1677946575422019
2.7999999999999625,0.21750810976866544,-0.00401353497490954,0.11563138180737002,0.564732864659974,1,0,0.2481766904603238
2.819999999999962,0.21862173553834105,-0.007965291480377687,0.11458743975137961,1.7379880236107625,0,1,0.15767369631085879
2.8399999999999617,0.22036151102659876,-0.010525421429416619,0.11622960284388201,2.3172268235585913,0,1,0.21399308421579735
2.8599999999999612,0.22250284748342097,-0.011946296528713637,0.11773588990653994,2.6437152086990525,0,1,0.1644733732782841
2.879999999999961,0.22492636907985408,-0.012429081830926787,0.11857056123441907,2.7058420992767935,0,1,0.09058006965847704
2.8999999999999604,0.22741007331889618,-0.011788361420329985,0.11895397765722605,2.589170986286475,0,1,0.12022975125215173
2.91999999999996,0.22980004485470268,-0.009890808446271947,0.11869588627902768,2.529496751404303,0,1,0.18540307607461826
2.9399999999999595,0.23211994153759669,-0.006844990448391225,0.11776032106304361,2.428733339096098,0,1,0.18380887792488754
2.959999999999959,0.23435631217036823,-0.003030138203132619,0.11648020068803848,1.939641940321689,0,1,0.2388790810970749
2.9799999999999587,0.23661032137061896,0.001067407064775934,0.11489775612568583,1.0316238168996443,0,1,0.24966731260448508
2.9999999999999583,0.23878994118895677,0.004908188976159688,0.11382427229862581,1.8555834625866514,1,0,0.165579834631167
3.019999999999958,0.2412990808792413,0.00714249074705657,0.11561392199752178,2.301038652445833,1,0,0.15750314997149442
3.0399999999999574,0.2439745996710317,0.008107342253460412,0.11728326205164731,2.616911191349115,1,0,0.14253091263402531
3.059999999999957,0.2466355400980794,0.008047594322906975,0.11842633004354741,2.6741774913236425,1,0,0.12595380744784618
3.0799999999999566,0.24872249420162565,0.006930561447179743,0.11905886138333256,2.5197218516195936,1,0,0.16017491601675277
3.099999999999956,0.2504259222902318,0.004634993744835331,0.11895906591086361,2.3954408406998886,1,0,0.17914849522033327
3.1199999999999557,0.2518829084917091,0.0012329936497356862,0.1182241856583348,2.2153900555448214,1,0,0.17622590824875017
3.1399999999999553,0.2530411878784625,-0.0028437318407856394,0.11714005273448437,1.625764351336396,1,0,0.1727185597229003
3.159999999999955,0.25416751163897555,-0.007100633674776037,0.115674474227785,0.3380250866546141,1,0,0.24007297060585753
3.1799999999999544,0.2552300523894627,-0.011113993503619647,0.11459770544230197,1.7850444150324856,0,1,0.1559804723930775
3.199999999999954,0.25690383032879516,-0.013727957589407088,0.11630107963448783,2.3973369319096642,0,1,0.21081909212927968
3.2199999999999536,0.25898542640824734,-0.015224786712156595,0.11784557319397244,2.7534086887856284,0,1,0.15934927412151162
3.239999999999953,0.2613651847226169,-0.015811579453017848,0.11870598757310402,2.8370862276127657,0,1,0.08664640055811805
3.2599999999999527,0.2638161877471366,-0.01530679608761024,0.11910975670297584,2.724025029101754,0,1,0.1174979119668046
3.2799999999999523,0.26613209252568265,-0.01354987999412547,0.11886477488937755,2.691907014688468,0,1,0.18628250162333515
3.299999999999952,0.26846924349371754,-0.010605936613201071,0.11797795758881591,2.6306291778650857,0,1,0.18797841407888966
3.3199999999999514,0.27071829904399963,-0.006821089196228986,0.11666253394343397,2.208900957593469,0,1,0.2365827548434871
3.339999999999951,0.2729763428661411,-0.0026999453565811587,0.11513970379204638,1.252207903849936,0,1,0.25090292558631067
3.3599999999999506,0.2751616446809457,0.0012366414246888808,0.11396377765451686,1.6968580403283149,1,0,0.1680353215560867
3.37999999999995,0.27767814984793493,0.003619939994196509,0.1155949878298851,2.109269222236006,1,0,0.161539485011346
3.3999999999999497,0.28036048247078627,0.004682503824452771,0.11721488535913671,2.4183637419450594,1,0,0.1446688380487296
3.4199999999999493,0.28302920792483177,0.004687782592965933,0.11833538430070471,2.49375587510957,1,0,0.12781849564319633
3.439999999999949,0.2852018571007712,0.003584030793004501,0.119048692741968,2.352164479267491,1,0,0.1564880019531376
3.4599999999999485,0.28702500466621045,0.0013181500249797593,0.11897137395966459,2.2108698586184676,1,0,0.1796044694193749
3.479999999999948,0.28858068203732473,-0.0020627686244417557,0.11820992404947661,2.033087721477993,1,0,0.16831194678570127
3.4999999999999476,0.28985807239292205,-0.006131883340066174,0.11715820992197337,1.4605415009022507,1,0,0.1672157309568032
3.519999999999947,0.2912520009304486,-0.010449832870030873,0.11585155970666056,0.07290932893544219,1,0,0.23783764269832347
3.5399999999999467,0.292522451184786,-0.01451393582988691,0.11477776345954833,1.7781489701487045,0,1,0.1577076858514202
3.5599999999999463,0.2942550608700905,-0.017196900122918895,0.11635769334979748,2.375360971549083,0,1,0.2166398879552112
3.579999999999946,0.2963809870921498,-0.018730292965960068,0.11782988419792235,2.7173937312021423,0,1,0.17458636143762765
3.5999999999999455,0.2987686025579747,-0.019329646992951824,0.1186708787196347,2.7675794401505667,0,1,0.09306571200642377
3.619999999999945,0.30145009959756375,-0.018902983196946766,0.1189486537345072,2.6134436227988114,0,1,0.11402222072635472
3.6399999999999446,0.30405646191480207,-0.017182981386164052,0.11883285810865415,2.4713333133339943,0,1,0.17717921098968756
3.659999999999944,0.3065463557531969,-0.014282153088499958,0.11804647270902224,2.38858524210243,0,1,0.18097511271733874
3.6799999999999438,0.3089146499193805,-0.01053962632842182,0.11674567580938897,2.0048987219350174,0,1,0.2321692531977852
3.6999999999999433,0.3112846631954629,-0.006432999279554947,0.11520159297559146,1.1022026161252088,0,1,0.26166779386786176
3.719999999999943,0.313583705057784,-0.002510053550982261,0.11399653187742878,1.654563703180799,1,0,0.18108277353869806
3.7399999999999425,0.31620114214941003,-0.00012239426128841143,0.11555171750168944,2.116866632187873,1,0,0.16386639267377426
3.759999999999942,0.31899357759328295,0.0009436897913022161,0.1171199252075277,2.4444102801193663,1,0,0.14219139925558177
3.7799999999999416,0.32179381108390026,0.0009443221700077824,0.11821172316598916,2.5245340154683333,1,0,0.12669228261398774
3.799999999999941,0.3240702707050749,-0.00015648091888523073,0.11891163097392039,2.37360411662256,1,0,0.160974293069912
3.8199999999999408,0.32593442469804274,-0.0024152075752283024,0.11883790222411296,2.2374023725607044,1,0,0.1845319745777978
3.8399999999999403,0.3273939251991835,-0.00568875002600921,0.11805945307045754,2.0818008371977084,1,0,0.1800220246540386
3.85999999999994,0.3286479303652299,-0.009677227974856083,0.11704636398787734,1.5224206275589012,1,0,0.16400554045198829
3.8799999999999395,0.3299895677743149,-0.013923060656104765,0.11577282459823739,0.25308931593349854,1,0,0.24486101794251977
3.899999999999939,0.33121513393631385,-0.017935178912060087,0.11467826031778287,1.7343566435466267,0,1,0.16286297156618357
3.9199999999999386,0.33296146537674154,-0.020570441138031872,0.11621989117888631,2.322616132455518,0,1,0.2159734210005974
3.939999999999938,0.3351268593150491,-0.022053869449323756,0.11767090658703436,2.6446273350854335,0,1,0.1757053296020328
3.959999999999938,0.3375687061854926,-0.022587565748786682,0.11849431874631908,2.6868291047963284,0,1,0.0957159323675636
3.9799999999999374,0.3402158324891832,-0.022043650741973266,0.11881886637219226,2.532981713673071,0,1,0.11810561548906204
3.999999999999937,0.3427429902780931,-0.02019700338747705,0.11863852089237155,2.4353986410011905,0,1,0.18544561698047213
4.0199999999999365,0.3451327661687449,-0.0172137633319585,0.11775678533790676,2.3691013212435577,0,1,0.1844552356814571
4.039999999999936,0.34745023060497066,-0.013417932206537342,0.11647585481692437,1.95376459676054,0,1,0.24290966934040545
4.059999999999936,0.3497653955027018,-0.009324534918028189,0.11488443334113055,1.1350006741936056,0,1,0.25998491025778575
4.079999999999935,0.35203372984867687,-0.005495331415703556,0.11379947662626023,1.893670357396339,1,0,0.1765797693368721
4.099999999999935,0.35467098683099235,-0.0032909255833310654,0.11555508013458522,2.324017468602505,1,0,0.15869227708501707
4.119999999999934,0.3574726745850364,-0.0023655942010435598,0.11719991218760603,2.6318007283167892,1,0,0.13979122246068493
4.139999999999934,0.3601294159849299,-0.002470512885134256,0.11840368454032188,2.661180795256582,1,0,0.11707421448149002
4.1599999999999335,0.36212369492179586,-0.0036178501793646743,0.11897190148785468,2.552603927881665,1,0,0.1744475129354968
4.179999999999933,0.36375510002287276,-0.005942731588182559,0.11881597854266196,2.454347170277152,1,0,0.1838989344897146
4.199999999999933,0.36514380932278884,-0.009374910040644446,0.11807525826508038,2.2530311427343017,1,0,0.18134798406840552
4.219999999999932,0.3662303364461539,-0.013475992843618655,0.11703429855622244,1.6284042365998597,1,0,0.17868575653364532
4.239999999999932,0.36726758253538067,-0.01773873793714157,0.11553861396099657,0.45669035477641795,1,0,0.24303367194399197
4.259999999999931,0.3682326399912604,-0.021733232067975086,0.11444281010985567,1.9323564349653433,0,1,0.15780708910929261
4.279999999999931,0.3698348669536291,-0.024313392422926582,0.11624161510530105,2.5405014610877323,0,1,0.2095240925148013
4.2999999999999305,0.3718398547917029,-0.02578731132639466,0.11786056705074045,2.8908199301091613,0,1,0.1549462282878912
4.31999999999993,0.37415398290375845,-0.02636955692424476,0.11875952482865185,2.9782698887351047,0,1,0.08177935911272037
4.33999999999993,0.3765695274121698,-0.025870294431799484,0.11919984997128792,2.870563755431159,0,1,0.11843549520476232
4.359999999999929,0.3788745282621344,-0.024136958881253664,0.11896732020410318,2.828353421289253,0,1,0.18344122352298012
4.379999999999929,0.38120413443794343,-0.021218425530460702,0.11808648344679336,2.7618770373405934,0,1,0.18539383399221343
4.399999999999928,0.3834222433962373,-0.017468416626885124,0.11669879505218372,2.345196577228688,0,1,0.2366817076038087
4.419999999999928,0.38562963225507707,-0.01334841832233241,0.11514611666729985,1.3668990623584343,0,1,0.24737429414489828
4.439999999999928,0.38777441927801765,-0.009401956465550603,0.1139833601925709,1.6893444587557624,1,0,0.1652699575067145
4.459999999999927,0.39026236439532425,-0.00701615317243907,0.11561996138342007,2.066407012024871,1,0,0.16045052666561346
4.479999999999927,0.39290750656249024,-0.005955527048577863,0.1172399156902083,2.362451971576117,1,0,0.1451198670092769
4.499999999999926,0.395534280891808,-0.005952009868303175,0.11835326424009432,2.434404136663084,1,0,0.12750201433802627
4.519999999999926,0.39769486390636044,-0.0070665460739594696,0.11907418835565324,2.294621595906219,1,0,0.15375604470442267
4.539999999999925,0.39951902300777564,-0.009343096373559965,0.11900386924127622,2.1497493873488502,1,0,0.17863762891903773
4.559999999999925,0.4010651871003795,-0.012732808882768294,0.1182313411782999,1.9759122889468361,1,0,0.16494280704034203
4.579999999999925,0.40237179521829786,-0.016817980078026182,0.11720962351682873,1.4035373491027834,1,0,0.16518062352463464
4.599999999999924,0.40382471155022787,-0.021148613840723807,0.11592004729585945,0.07092070444747553,1,0,0.23558087860068247
4.619999999999924,0.4051220969859447,-0.02522256928275884,0.1148095568012081,1.8065187702904337,0,1,0.15626605960264417
4.639999999999923,0.4068583876322519,-0.02791343332905327,0.11635692488251928,2.3943734512215,0,1,0.21500192612098687
4.659999999999923,0.40899335650504703,-0.029444739731244854,0.11780994842030205,2.7303575596932013,0,1,0.17614722811464195
4.6799999999999224,0.41138894868195586,-0.03003574392927976,0.11864208444867505,2.7741867290184716,0,1,0.09382185067480216
4.699999999999922,0.4140737063994465,-0.029598691882657853,0.11891501867640761,2.614153908723801,0,1,0.11377071425918353
4.719999999999922,0.4166836479969466,-0.027865968926403726,0.1187981579719097,2.467092046296468,0,1,0.1776179511394328
4.739999999999921,0.4191764612828363,-0.024947540159704296,0.11801313236567582,2.387444687195634,0,1,0.18204902331229983
4.759999999999921,0.42154790234792733,-0.021184086610625097,0.1167142412128412,2.012932831186867,0,1,0.23294969512821
4.77999999999992,0.4239196307482501,-0.017061332076332175,0.1151627040274049,1.1306364951707035,0,1,0.2626419826876817
4.79999999999992,0.42622693001308026,-0.013128403117830815,0.11395227117588787,1.6915039092130961,1,0,0.1817840649096816
4.8199999999999195,0.4288725051106204,-0.010754874877885977,0.11552842976057334,2.1503457791585676,1,0,0.1634819849607694
4.839999999999919,0.4316985883289995,-0.009695544853388062,0.11710502313883489,2.478680481640105,1,0,0.14127655497931363
4.859999999999919,0.4345289711370646,-0.00969503973800243,0.11821152088286899,2.5535900510853855,1,0,0.12547525546818916
4.879999999999918,0.4367657413546018,-0.010774182799922906,0.11888234345603178,2.4152345592632143,1,0,0.1638398907506935
4.899999999999918,0.4384852514284151,-0.01298034015311171,0.11875443326588823,2.3215080327672917,1,0,0.18683403071255716
4.919999999999917,0.4397731759350898,-0.01617865644032009,0.11797253251538188,2.1941923687415756,1,0,0.18629587537914255
4.939999999999917,0.4408665430542053,-0.02009351476669219,0.11697898001425781,1.6526452383793064,1,0,0.16487718323468217
4.9599999999999165,0.44204326070554495,-0.024256973435649566,0.11572878724488012,0.5351556218518362,1,0,0.247966276206346
4.979999999999916,0.4431223517037326,-0.028218339537566396,0.11467110676827454,1.770981366150935,0,1,0.16277005115062262
4.999999999999916,0.4448388601876443,-0.03082646553814909,0.1162248241522363,2.3375224662182976,0,1,0.21679771620696286
5.019999999999915,0.44700181405044065,-0.03229897960308937,0.11767346992508865,2.6441109656351207,0,1,0.17131085678034746
5.039999999999915,0.4494794097517229,-0.03282696260096411,0.11846909078980365,2.691297103171466,0,1,0.09267111840878219
5.059999999999914,0.4520491789205461,-0.03222287053508853,0.11882791794986929,2.5590396833082947,0,1,0.1210531346954277
5.079999999999914,0.45454233577019354,-0.030341746118364057,0.11854858201359374,2.4990787772068894,0,1,0.18815829349637894
5.0999999999999135,0.4569495230755431,-0.027332584710782804,0.11759322470277778,2.4141420259114237,0,1,0.1874712995525718
5.119999999999913,0.45929126246402646,-0.02356593243600868,0.11633811932683312,1.9396938379878688,0,1,0.2466824178310198
5.139999999999913,0.46167026789365473,-0.01954285803731941,0.11472390775472359,1.1474281190351656,0,1,0.25292200447973623
5.159999999999912,0.46397372189472685,-0.015802178648986757,0.11362184457793664,2.0857595265578146,1,0,0.16431629050186614
5.179999999999912,0.46660446834669644,-0.013717395001457354,0.11554065519042284,2.534312080226648,1,0,0.15358476493521128
5.199999999999911,0.469356727418281,-0.012891690473732384,0.11731136033838425,2.8548229753424037,1,0,0.13856849632347423
5.219999999999911,0.4719513660511606,-0.013055891417279348,0.11859217150974191,2.8816978658351413,1,0,0.11492840874326146
5.2399999999999105,0.4738825802931109,-0.014221413798239824,0.11921681602995267,2.761575441922175,1,0,0.17274816869141763
5.25999999999991,0.4753680592940469,-0.01651428393125566,0.11905862887276696,2.6712188471299996,1,0,0.18320462288920702
5.27999999999991,0.4765846657425542,-0.019902094936447696,0.11833939729954616,2.483624374227848,1,0,0.18244822044086448
5.299999999999909,0.47751134970145503,-0.02400060206983651,0.11728101772757941,1.8803413770663355,1,0,0.1751361543954092
5.319999999999909,0.478369845090453,-0.028279637428381552,0.11583611688759902,0.5809615332956172,1,0,0.24162651505836352
5.339999999999908,0.4791664433789264,-0.03231623557430191,0.11473216650802866,1.688847511854122,0,1,0.1553738264641621
5.359999999999908,0.48066992213744036,-0.03499862337775193,0.11637695951608648,2.295785659365849,0,1,0.21043609849819053
5.3799999999999075,0.4826401025762394,-0.03657535410439554,0.11787999891607584,2.651420618289876,0,1,0.15960331504712963
5.399999999999907,0.48495201625530626,-0.03724447210150175,0.11870957647811049,2.7458227662224717,0,1,0.0866134532068057
5.419999999999907,0.4874004732830258,-0.03681770607758207,0.11909327678088605,2.653600767858,0,1,0.11745541026665489
5.439999999999906,0.48985319583790055,-0.0351412596447778,0.11886066273807197,2.6127151501509775,0,1,0.1871886981743009
5.459999999999906,0.4923222015363942,-0.032312381494032365,0.11795895338943398,2.5352774482306484,0,1,0.1863251185336873
5.479999999999905,0.4947256867785637,-0.02867026519128143,0.11661145496636342,2.0954957046338603,0,1,0.2353033088181178
5.499999999999905,0.49716606211151493,-0.02469877637888911,0.1150668924075117,1.1587435403057984,0,1,0.24865073210452757
5.5199999999999045,0.4995356084933199,-0.020950678359398865,0.11395255769801284,1.7326827914693637,1,0,0.16680428645905426
5.539999999999904,0.5021346009221976,-0.018809938721800513,0.11562321417925658,2.1376703319331405,1,0,0.16211025864081044
5.559999999999904,0.504824532257759,-0.017974146651429754,0.11722970581591223,2.424005223817617,1,0,0.14473752798246264
5.579999999999903,0.5074610393877987,-0.01818886356658977,0.11830622953762897,2.4760854724061994,1,0,0.12912345241631157
5.599999999999903,0.5096000627346413,-0.019523131803498146,0.11901521189541393,2.3114247179906506,1,0,0.1544065652725343
5.619999999999902,0.5113742527930909,-0.022010459629991666,0.11892686135793246,2.144639793642698,1,0,0.1781367562989879
5.639999999999902,0.5128317775106147,-0.025595883141861408,0.1180895026388552,1.9519469344752185,1,0,0.1628034058130421
5.6599999999999016,0.5140275635329753,-0.02985073154565919,0.11711697569977292,1.323263848010052,1,0,0.17571552023188708
5.679999999999901,0.51527387272831,-0.0343064664441918,0.11569833059196165,0.2449012321966045,1,0,0.2370794200010747
5.699999999999901,0.516408751654312,-0.03846953319201596,0.11461438904642583,2.001173706283751,0,1,0.15993761864830144
5.7199999999999,0.5180480405065433,-0.041212850034963056,0.11636524488343415,2.6038046352685935,0,1,0.2132090282144766
5.7399999999999,0.5200968296683195,-0.04283965486348055,0.11795179677180707,2.969234441562684,0,1,0.1639843084257699
5.759999999999899,0.5224411069200232,-0.043576771333457,0.11886515442373127,3.0507955993049354,0,1,0.08569397968511638
5.779999999999899,0.5250302703280118,-0.04330689563736308,0.1192689868865992,2.909473650088712,0,1,0.11231572848508899
5.799999999999899,0.5274613898872418,-0.04179009447553325,0.11912196627437355,2.809963265046482,0,1,0.1770225016651068
5.819999999999898,0.5299251591165314,-0.03904875076567448,0.11831615124170879,2.762843900396083,0,1,0.1828714392356628
5.839999999999898,0.5323105945627428,-0.035399479042890925,0.11699254359678118,2.422000510965404,0,1,0.22979552699639277
5.859999999999897,0.5347248718044482,-0.031322799543972865,0.11555243411615307,1.448427811836823,0,1,0.2601500372441784
5.879999999999897,0.5370354297149009,-0.027268645415477157,0.11382984412974324,1.6031488580750952,1,1,0.15987938372593777
5.899999999999896,0.5396170685724814,-0.02461351606675401,0.11531415803688262,2.0805731754681553,1,0,0.16961885767179366
5.919999999999896,0.5423734096462473,-0.023353077356688116,0.11710460766182837,2.406790819235122,1,0,0.138933065692952
5.939999999999896,0.5451574638230257,-0.023144097125226568,0.118323919179528,2.5505211694132393,1,0,0.13319338310461695
5.959999999999895,0.5474256593271387,-0.02397347078312089,0.1191566986729812,2.423810503392311,1,0,0.13840984422659453
5.979999999999895,0.5491276195751694,-0.025904029404562993,0.1191840765456105,2.316927256410388,1,0,0.18154385549323898
5.999999999999894,0.5505843338017699,-0.02905400653481843,0.11859141300735605,2.2075677927999653,1,0,0.17398707770805927
6.019999999999894,0.5517268592064188,-0.0330653366573705,0.11757582876329949,1.7908474981752056,1,0,0.16060520006041978
6.0399999999998935,0.5527485543775691,-0.03744674721243252,0.11634787897226807,0.6477258419790457,1,0,0.2456083404330746
6.059999999999893,0.5536544914376338,-0.041765269593482535,0.11466518018965265,1.4242305642464326,1,1,0.1709594801621064
6.079999999999893,0.5550553626429259,-0.044888342868013915,0.1159514321604158,2.101187310400736,0,1,0.1946880575574899
6.099999999999892,0.55698290529361,-0.04676658159856493,0.1175439628023074,2.477449760847131,0,1,0.19952323489828103
6.119999999999892,0.5592026392322321,-0.04768088386018674,0.11855379318523357,2.5788518207948887,0,1,0.10710768354625912
6.139999999999891,0.561772525698256,-0.047614116496080036,0.11892756760897841,2.4703143766737803,0,1,0.1103195368502877
6.159999999999891,0.5643841916171748,-0.04627971566732884,0.1189171113036958,2.3380834058503814,0,1,0.1638207450998196
6.1799999999998905,0.566949274844893,-0.04371035442508725,0.11821577667735192,2.290383148870775,0,1,0.1822323720575149
6.19999999999989,0.5694028515260356,-0.04021171833626477,0.11692470738032974,2.0287369036943086,0,1,0.2065466053126236
6.21999999999989,0.5718659434022169,-0.03622409719122666,0.11548582649621851,1.2140930233237883,0,1,0.2676407840959515
6.239999999999889,0.5742880985513569,-0.03223621766782839,0.113818272330259,1.548672101562136,1,1,0.18752952499365744
6.259999999999889,0.5768630505684746,-0.029582827065160345,0.11518744335325497,2.050969831643647,1,0,0.17273094302971354
6.279999999999888,0.5796038474013115,-0.02836516478973022,0.11691925443075232,2.362694355374454,1,0,0.1386255143840139
6.299999999999888,0.5823696868262065,-0.028233509609043916,0.1180988726421264,2.504613302980156,1,0,0.13740833004576117
6.3199999999998875,0.5847999463717267,-0.029162813205480764,0.11888344308812336,2.3627898456338117,1,0,0.12808772269340396
6.339999999999887,0.5866574918242147,-0.0312244666106841,0.11900175495875367,2.1897875072640565,1,0,0.17734087700896517
6.359999999999887,0.5881967413450311,-0.034468818207385496,0.11842944368633301,2.056648152875932,1,0,0.17264531923772025
6.379999999999886,0.5893630918421434,-0.038508238318967374,0.11740110204289544,1.6542266841578919,1,0,0.1605480448991145
6.399999999999886,0.5904425158512051,-0.042941970004195175,0.11621499415774775,0.5073863640079777,1,0,0.24715379657605538
6.419999999999885,0.5914550567169238,-0.04731617143980781,0.11452877160728,1.4478749011968304,1,1,0.17903484985970658
6.439999999999885,0.5929260249112716,-0.05047720612354033,0.11579854338583018,2.1327409135536968,0,1,0.196126358514324
6.4599999999998845,0.5949128785582246,-0.05238042472523569,0.11739404226327795,2.5134326863284575,0,1,0.20327670925285754
6.479999999999884,0.5971845897322577,-0.05331268621855593,0.11841633839411057,2.6116670298262035,0,1,0.10916440514207276
6.499999999999884,0.5997608169952573,-0.053245944919751056,0.1188468124346941,2.4902017671819525,0,1,0.10874874597880535
6.519999999999883,0.6023076414112799,-0.05189220606062915,0.11886576610531994,2.3648546267581287,0,1,0.17060725774000451
6.539999999999883,0.6048897725784103,-0.04931339133154301,0.11812742928405721,2.304901822836154,0,1,0.17552916332593915
6.559999999999882,0.6073887308026512,-0.04577538450545484,0.11683474927479462,2.0135430792276408,0,1,0.20345266724504632
6.579999999999882,0.6098941734658738,-0.04175425464389199,0.11541020712203369,1.1500256820509596,0,1,0.268583033842902
6.5999999999998815,0.6123588417238985,-0.03774553511794802,0.11374028837369389,1.4980751405344497,1,1,0.18801286331951583
6.619999999999881,0.6149582126904245,-0.035076008019877494,0.11512572250831977,2.030166684263473,1,0,0.17337687361599968
6.639999999999881,0.6177117605314857,-0.03384594752198049,0.11687700583158421,2.364390056353386,1,0,0.1392647500250258
6.65999999999988,0.6204813386445979,-0.033701285624302635,0.11807421608559211,2.5210788131146558,1,0,0.13795448144516737
6.67999999999988,0.6229076842839548,-0.03461161569210652,0.11887271784094006,2.3831416328415673,1,0,0.12790102940088133
6.699999999999879,0.6247557687076138,-0.03664620538982741,0.11900469117764652,2.205767433515737,1,0,0.1776174012336457
6.719999999999879,0.6263234198102148,-0.039896994000795764,0.11844912764077381,2.0655004067249485,1,0,0.16967952002025918
6.7399999999998785,0.6275474541512212,-0.04400963987535739,0.11741260646217125,1.6633692318351894,1,0,0.15593253414289635
6.759999999999878,0.628626500631638,-0.04849574509673098,0.11616953978324288,0.527003524188231,1,0,0.24942410530059328
6.779999999999878,0.6296175557155067,-0.05291960401314294,0.11449404002282729,1.4138819782715046,1,1,0.18235746824463778
6.799999999999877,0.6310776834867896,-0.056134968775847865,0.11576929340196505,2.1140320542520303,0,1,0.19346122123067874
6.819999999999877,0.6330685989565172,-0.05809300698320291,0.11738178026043991,2.5083072538603672,0,1,0.20317942489129878
6.839999999999876,0.6353513299706973,-0.05908236459492397,0.11842047345192007,2.617640737668182,0,1,0.10943539554275336
6.859999999999876,0.6379426798805082,-0.05907748022877121,0.11886592216592048,2.500914342387427,0,1,0.10744718843582224
6.8799999999998755,0.640509090946707,-0.05778869308126846,0.11889824268368325,2.3733760451344827,0,1,0.16917045990211582
6.899999999999875,0.643114683815438,-0.05527637573765154,0.11817430037936963,2.311457631131451,0,1,0.17544051753657644
6.919999999999875,0.6456457872925607,-0.05179946308674738,0.11689513408323433,2.022819023866258,0,1,0.1975672230407015
6.939999999999874,0.6481814480332375,-0.04783043968555058,0.11547818036849941,1.1634723322850224,0,1,0.2665676498877638
6.959999999999874,0.6506781527079156,-0.04384874921899899,0.11378924142517466,1.4387788971397517,1,1,0.19045428396176825
6.979999999999873,0.6532938318735262,-0.04113332062380401,0.11510653106185534,1.978892638666259,1,0,0.1707309928927343
6.999999999999873,0.6560510095812667,-0.039874560314768014,0.11684606414939012,2.3200062278740248,1,0,0.13921689825255074
7.019999999999873,0.6588208263197026,-0.03971300530367307,0.11804374067565757,2.4904939583501724,1,0,0.13873317477255975
7.039999999999872,0.6612354959005464,-0.04060343827419828,0.1188541535944589,2.358977019791987,1,0,0.12704689673260816
7.059999999999872,0.6630578062879962,-0.04261072865807104,0.11899928654637974,2.186419992685749,1,0,0.17811720742964743
7.079999999999871,0.6645848200447778,-0.04583347771245418,0.11845766658347871,2.053921500822527,1,0,0.1713655186540063
7.099999999999871,0.6657568120611362,-0.04992202387507175,0.1174303330031232,1.6696885029816269,1,0,0.15877065722476094
7.11999999999987,0.6667743722134571,-0.0543966788112729,0.11620102446153822,0.5735399891759462,1,0,0.2502965214895105
7.13999999999987,0.6677153027716464,-0.058825315099705885,0.11453309358882961,1.3478947144113282,1,1,0.18820075952842766
7.15999999999987,0.669143199208138,-0.062064782919369135,0.11574067990278906,2.0431080727178705,0,1,0.19375307034191094
7.179999999999869,0.6711305378156629,-0.06404402614516094,0.11732209439427341,2.429798028596365,0,1,0.2066882715738168
7.199999999999869,0.6734225011499718,-0.06504607460920372,0.11834506049835539,2.5306209723638973,0,1,0.11165452228676111
7.219999999999868,0.6760330854827602,-0.06504477615778785,0.11877814620338112,2.408947978033763,0,1,0.10903135878102731
7.239999999999868,0.678634213097345,-0.06374722125315023,0.11879368506321383,2.2820823096880765,0,1,0.1698632396400155
7.2599999999998674,0.6812925064639923,-0.06122090748875961,0.1180481518566609,2.2204361862234774,0,1,0.17453590223335563
7.279999999999867,0.6838885065521318,-0.05773147848936672,0.116754577880318,1.9243718386696222,0,1,0.20216741056487111
7.299999999999867,0.686511028786358,-0.05375977046934589,0.1153438089059329,1.0609658571677176,0,1,0.26872889531361166
7.319999999999866,0.6890909125968417,-0.04981135584907028,0.11370058164951727,1.5482572173538458,1,1,0.18680826997895142
7.339999999999866,0.6917636626405279,-0.04722599847130288,0.11513550290556432,2.087552972311024,1,0,0.17488473101380647
7.359999999999865,0.6945551664723133,-0.04607229121956687,0.11689730898982131,2.4320241513021643,1,0,0.13929790336312783
7.379999999999865,0.697339774653558,-0.04599454567883866,0.1180978017597875,2.5906369387282266,1,0,0.13766202098400665
7.3999999999998645,0.6997596724731054,-0.046959074175265104,0.1189046552786017,2.449063185583863,1,0,0.12858949872236308
7.419999999999864,0.7015761481919777,-0.04902949160211014,0.11904647359149874,2.266626078179802,1,0,0.17859466720498718
7.439999999999864,0.7030406321072774,-0.05226787062523246,0.11849698213087756,2.128404119992038,1,0,0.17450905447497098
7.459999999999863,0.7041162746507468,-0.05632126300121695,0.1174354094697495,1.738693358372558,1,0,0.16179232112960068
7.479999999999863,0.7050646439036616,-0.06076312411114108,0.11620833197720867,0.6286517512552054,1,0,0.24873886884616642
7.499999999999862,0.7059385920829485,-0.0651653846523294,0.11454955808814349,1.2986024913790053,1,1,0.18673472323630633
7.519999999999862,0.7073138629533389,-0.0684136798224334,0.1157442343112579,1.9933927924148314,0,1,0.19452079539633035
7.5399999999998615,0.7092654645505785,-0.07040590681613099,0.11731752493584705,2.374872001003562,0,1,0.20689967873138093
7.559999999999861,0.7115341576305543,-0.0714200933997061,0.1183329858306352,2.471523462231422,0,1,0.11157155867463076
7.579999999999861,0.7141356972039778,-0.07142964101743758,0.1187541341000009,2.3494827157948377,0,1,0.11007146991951536
7.59999999999986,0.7167512352978361,-0.0701392950242759,0.11874825638005274,2.226702640297045,0,1,0.1707025382467454
7.61999999999986,0.7194507467437394,-0.06762111699085721,0.1179798069685214,2.1622940150641443,0,1,0.17383120727767878
7.639999999999859,0.7221228522512722,-0.06416060960688011,0.11676045423873535,1.847905424572877,0,1,0.20575060252016988
7.659999999999859,0.724859245003161,-0.06026501362576689,0.11536579820402665,0.9823739361330723,0,1,0.269166827284885
7.6799999999998585,0.7275402412350525,-0.05639568918525325,0.11370594429593264,1.608117237341766,1,1,0.18395792405409253
7.699999999999858,0.7302864074280253,-0.05389316141615808,0.11516254877836761,2.1510039954551394,1,0,0.17413069216232682
7.719999999999858,0.7331217568361237,-0.05281185203772406,0.11692733834487486,2.5007521406773536,1,0,0.1383092715109961
7.739999999999857,0.7359356046966476,-0.05279628160816835,0.11813236982501671,2.653840034946344,1,0,0.13645332505577504
7.759999999999857,0.738353541998143,-0.05382229280916803,0.1189521216913668,2.5102561150637417,1,0,0.13235155243912097
7.779999999999856,0.7401227761070355,-0.05592423970041999,0.11906546574304798,2.3349993053092177,1,0,0.18026281876911288
7.799999999999856,0.7415064872059403,-0.05918537826653335,0.11850842511961704,2.2024918759464622,1,0,0.17609132729689225
7.8199999999998555,0.7425001878794746,-0.06325964143657148,0.11748280192831691,1.805938357547231,1,0,0.1639011911882179
7.839999999999855,0.7433425285125076,-0.0677093175388346,0.11624899432822731,0.6886131861337687,1,0,0.24918303826028326
7.859999999999855,0.7440816310116679,-0.0721072543551234,0.11454722157535441,1.3123680130963007,1,1,0.1844529592293406
7.879999999999854,0.7453818104629844,-0.0753470334266807,0.11575059634869536,2.007915705942422,0,1,0.19290291912177207
7.899999999999854,0.7472842857945337,-0.07735030922631658,0.11733069600521379,2.390935211521797,0,1,0.20440352125807568
7.919999999999853,0.749526586461304,-0.07838874181640294,0.11834340952125688,2.499405384745968,0,1,0.1110177680104445
7.939999999999853,0.7521141294199327,-0.07842054572414212,0.11877722368444321,2.3887136843216203,0,1,0.10936033988935731
7.9599999999998525,0.7547403292658103,-0.07716642060227881,0.11877300598676778,2.2813217717391594,0,1,0.17217147371977656
7.979999999999852,0.7574045426518287,-0.07468654516148583,0.118038844435686,2.246803909444014,0,1,0.17829827271232856
7.999999999999852,0.760027859396796,-0.07129593247813899,0.11682902326985212,1.9688128204414477,0,1,0.20990998811232706
8.019999999999854,0.7627261849793421,-0.0674693795357382,0.11542840042842313,1.1585085966240312,0,1,0.2700025589104479
8.039999999999857,0.7653836126328605,-0.06365462266684331,0.11376691594235802,1.6338422875196994,1,1,0.1858099950796766
8.05999999999986,0.768125544081139,-0.061199999522582364,0.11517573922611432,2.1256232883186374,1,0,0.17497974542014544
8.079999999999863,0.7709578548870881,-0.0601782779074405,0.11691152712255068,2.4325844373975465,1,0,0.13954939196847993
8.099999999999866,0.7737621983373595,-0.06023621909529574,0.1180948938610495,2.5603538910191124,1,0,0.1375083076409724
8.11999999999987,0.7761711477290952,-0.061347835620741885,0.1188937774630677,2.4102955161902813,1,0,0.1310839199085758
8.139999999999873,0.7779454667677704,-0.06355586486006988,0.11901132026471739,2.235632520143778,1,0,0.177301248014271
8.159999999999876,0.7792842282165198,-0.0668679934878276,0.1184203082290935,2.1045652767656744,1,0,0.174622301677982
8.179999999999879,0.780208429789535,-0.07092032652157942,0.11738306056043254,1.690339795063575,1,0,0.16269491626057478
8.199999999999882,0.7810386286421462,-0.07535319018933216,0.11618857589355895,0.5238721802394695,1,0,0.24641173852452486
8.219999999999885,0.7818021139431426,-0.07972568858736954,0.11451456207873503,1.481651217356401,1,1,0.17496312739742062
8.239999999999888,0.7831032781720277,-0.08291689048532114,0.11582836749506385,2.165348326935289,0,1,0.19844230148649086
8.259999999999891,0.7849756414937588,-0.08488321882148822,0.11743910082741672,2.5406366383719683,0,1,0.20123570211960615
8.279999999999895,0.7871855679201832,-0.0859007991292749,0.11845608445510318,2.6402681364313088,0,1,0.10695779534226213
8.299999999999898,0.789758688599734,-0.08593981082194789,0.11887717559336844,2.523922565879785,0,1,0.10899558155767144
8.3199999999999,0.7923647997968775,-0.0846903930304125,0.11889552783433156,2.4061287859978293,0,1,0.17163441353385508
8.339999999999904,0.7950273093164965,-0.08223168589925116,0.11817933075035314,2.357055267565682,0,1,0.1781326730467797
8.359999999999907,0.7976289193906426,-0.07884283385573192,0.11687718461425747,2.0816447687136983,0,1,0.20700951848834034
8.37999999999991,0.8002674747405529,-0.0749730711599163,0.11544622835475336,1.2429400408115183,0,1,0.26872987514760427
8.399999999999913,0.8028716518168264,-0.07110253043561295,0.11377422538311972,1.5222339832840868,1,1,0.18801450502551298
8.419999999999916,0.8055658149291467,-0.06856869157374501,0.1151342427614159,2.0155367331498732,1,0,0.17238668416097336
8.43999999999992,0.8083557248311855,-0.0674818019873068,0.11687051462381803,2.3234395356584496,1,0,0.14051796598665497
8.459999999999923,0.8111154748748066,-0.0674887665008931,0.11805997061144495,2.46469716132958,1,0,0.13843612806440045
8.479999999999926,0.8135120172536559,-0.06855698547078055,0.11887575766247571,2.3223884024899273,1,0,0.1272818874404611
8.499999999999929,0.8153086710522754,-0.07072702234862457,0.1190099853739189,2.1386641039022676,1,0,0.1766851161179125
8.519999999999932,0.8167264528455596,-0.07406029709741484,0.11843103408526166,2.000866277870028,1,0,0.16919944956374755
8.539999999999935,0.8177267751159354,-0.07816394115378661,0.11742499834870772,1.595645284619745,1,0,0.15784407499362474
8.559999999999938,0.8187596806881767,-0.08266273585553921,0.11625702763329551,0.45117882953856436,1,0,0.24539426422609997
8.579999999999941,0.8196916676246762,-0.0870975595921145,0.1145900202666006,1.4547225259692076,1,1,0.17998445958195167
8.599999999999945,0.8210856300579864,-0.09035588560105876,0.11581565684720695,2.1379919530311597,0,1,0.19682517495298035
8.619999999999948,0.8230487988238218,-0.09237867809335853,0.11739585803642398,2.514982357566211,0,1,0.2050533943888811
8.63999999999995,0.82534149563614,-0.09343908175401787,0.11841049516614564,2.609985511651795,0,1,0.10793459773311495
8.659999999999954,0.8279846538568787,-0.09351412383083708,0.11883696228436644,2.4826918065214385,0,1,0.1082114872996775
8.679999999999957,0.8306497948680946,-0.09229840026006544,0.11886040250705834,2.3488030984623394,0,1,0.17018942909995755
8.69999999999996,0.8333621431798813,-0.08986777355636517,0.11815202273590872,2.2941876250126634,0,1,0.17948776146754192
8.719999999999963,0.8360144752505763,-0.0864968144694239,0.116864365189776,2.022349104115145,0,1,0.2001330592766816
8.739999999999966,0.8386973532823431,-0.08263709111092198,0.1154382337997798,1.1903838572494367,0,1,0.2675622324930478
8.75999999999997,0.8413454271934947,-0.07877863611018435,0.11375933078639273,1.4944094524480016,1,1,0.1898335533578734
8.779999999999973,0.8440796784875396,-0.07625851078259821,0.11509736540917247,2.0041362336267294,1,0,0.1723993350918854
8.799999999999976,0.8469106971962581,-0.07518855462217412,0.11681913787149303,2.318269777440285,1,0,0.14045196110721614
8.819999999999979,0.8497132665290514,-0.07521612912782866,0.11799733697648972,2.4613527658158407,1,0,0.13874683961437584
8.839999999999982,0.8521234082517012,-0.07628546422469827,0.11878483992886175,2.312778504589323,1,0,0.12890910895166632
8.859999999999985,0.8538884133329772,-0.07846256761447834,0.11891182212898876,2.139449508913605,1,0,0.17899037402419365
8.879999999999988,0.8552205812367466,-0.08175392679037097,0.11833359581651927,2.01387354028689,1,0,0.17549344786830945
8.899999999999991,0.8561318961324975,-0.08579735340253976,0.11732809911792996,1.610302156327684,1,0,0.1635142844862284
8.919999999999995,0.8570841806638424,-0.0902393733283036,0.11616855221091037,0.4636340661919974,1,0,0.24636998687896666
8.939999999999998,0.8579417239509892,-0.09461241523735364,0.11454215396926178,1.4913790032058793,1,1,0.1795314081184965
8.96,0.8593129158218934,-0.09782161216750287,0.11582966581201003,2.174424708562254,0,1,0.19838756840839097
8.980000000000004,0.8612679367207975,-0.09982093320827762,0.11741828434049516,2.5466302189309364,0,1,0.20270106737233026
9.000000000000007,0.8635691195817387,-0.10087319811590668,0.11842671476861967,2.6368833641231686,0,1,0.10753456268106393
9.02000000000001,0.8662261124837238,-0.1009339568959167,0.11885368932863537,2.505307616794438,0,1,0.10936825157232606
9.040000000000013,0.8689004945024508,-0.09970596937909726,0.11885632137682325,2.3766059514281377,0,1,0.1724252308454907
9.060000000000016,0.871620757705552,-0.09725990416156308,0.11812871019555822,2.324631845800291,0,1,0.1787405337072388
9.08000000000002,0.8742878027940876,-0.0938854815895545,0.1168296629310283,2.0393783819492968,0,1,0.20955734708128562
9.100000000000023,0.8769967615817006,-0.09003294635241085,0.1154008092813977,1.1890189536093425,0,1,0.2704044834838748
9.120000000000026,0.8796652208645835,-0.08618746614187042,0.11374790027264058,1.5581664048619608,1,1,0.18608784360525427
9.140000000000029,0.8824057293726129,-0.08370605117336044,0.11516409247410421,2.059933442561038,1,0,0.17426462417456687
9.160000000000032,0.8852200740364461,-0.08266254635140986,0.11691486282660753,2.3809938958504984,1,0,0.14028609068874776
9.180000000000035,0.8879976343179955,-0.0826976044069948,0.11810622967576938,2.5262175711682824,1,0,0.1377419420589787
9.200000000000038,0.8903794494804425,-0.08377111461488389,0.11890529921938872,2.3841344884097664,1,0,0.1280925149517472
9.220000000000041,0.8921224780430566,-0.08593920155261187,0.11903588820153779,2.2100789634684634,1,0,0.17679268070713958
9.240000000000045,0.8934740209325985,-0.08926359028750044,0.11846889566030576,2.0767238260486,1,0,0.17200666971790152
9.260000000000048,0.8944114666367206,-0.0933824630753043,0.11739403647909183,1.6783409408167291,1,0,0.15838806072698952
9.28000000000005,0.895211621544029,-0.09787048001297338,0.11614826730900589,0.5353725374506709,1,0,0.2471155303331365
9.300000000000054,0.8959317436589792,-0.10229301764414739,0.11450081851591172,1.4248957551287877,1,1,0.1792414254200718
9.320000000000057,0.8971950074183502,-0.10554026501178158,0.11580608262572763,2.120174259585773,0,1,0.19591660817967407
9.34000000000006,0.8990550051238885,-0.10757367931327166,0.11741787834834297,2.508416773373857,0,1,0.20247845429949382
9.360000000000063,0.9012606062091557,-0.1086600600774537,0.11844874550066495,2.611756374414171,0,1,0.10869644799205169
9.380000000000067,0.9038308131380695,-0.10876978749263523,0.11888187568396474,2.4920602563805025,0,1,0.10840697008529891
9.40000000000007,0.9064516750386389,-0.10759592959843943,0.11889534683974742,2.3652842942061776,0,1,0.16991234936296506
9.420000000000073,0.9091884242146296,-0.10520569107196671,0.11815284613839953,2.297457568211292,0,1,0.1745135195681683
9.440000000000076,0.9119005623361005,-0.10185270742279247,0.11685064410409096,1.9978690000836241,0,1,0.20147466961362703
9.460000000000079,0.9146478631093412,-0.09801426090068106,0.11542496408712724,1.1202295614885993,0,1,0.26706620104558404
9.480000000000082,0.9173989604641035,-0.09419421604503356,0.11376954804181351,1.4617415832883747,1,1,0.18791263881061082
9.500000000000085,0.9201794580615116,-0.09169500834096543,0.11512461372496786,1.9939125328287644,1,0,0.17341374333387194
9.520000000000088,0.9230182337034293,-0.09064150545623516,0.1168622342051524,2.3241150616250774,1,0,0.14090911362673036
9.540000000000092,0.9258121948880788,-0.09067802212959736,0.11805156304517027,2.477612125463158,1,0,0.1390480258976888
9.560000000000095,0.9282083818497004,-0.09176965537776371,0.11888434834706195,2.336508254282154,1,0,0.12908770901939215
9.580000000000098,0.930094740940751,-0.09397921159441253,0.11908296750907618,2.130985695763556,1,0,0.1776505767746421
9.600000000000101,0.9316195007664017,-0.09736467640655087,0.11850965811289546,1.9773607074718498,1,0,0.17068576272468516
9.620000000000104,0.9327425489263628,-0.10159051448124409,0.1174397697510569,1.5823002099963557,1,0,0.15081861218466158
9.640000000000107,0.9337153207643462,-0.10620643829212412,0.11620999333278285,0.48276170205019586,1,0,0.24780496933557083
9.66000000000011,0.9346116728638811,-0.11076759437217028,0.1145215744575002,1.4488576510713216,1,1,0.18174533678742932
9.680000000000113,0.9359209561959301,-0.11410454474052999,0.11575440936347155,2.1298456012675766,0,1,0.1934054353417909
9.700000000000117,0.9377786467955437,-0.11617510228755407,0.11736795823271158,2.521424279048429,0,1,0.20627971800321201
9.72000000000012,0.9399544087740244,-0.11727639720234033,0.11842082562894526,2.6269188728104456,0,1,0.11047527165432777
9.740000000000123,0.9425238311702849,-0.11743352363105315,0.11883176804536667,2.5069138474483283,0,1,0.10571130302014171
9.760000000000126,0.9451719794475157,-0.11633750820327124,0.11889309773892687,2.323520391238453,0,1,0.15610903178849467
9.780000000000129,0.9478957763284188,-0.11399192390662248,0.11824506629443965,2.248667943993669,0,1,0.18571089172432154
9.800000000000132,0.9505704980234235,-0.11066039450586906,0.11701236198042905,2.0106336451504245,0,1,0.187395250548111
9.820000000000135,0.9532840744863077,-0.10680917747354597,0.1156260686315637,1.2199308321777762,0,1,0.26340044045197036
9.840000000000138,0.9559420630202751,-0.10287574721186886,0.11350350010939736,1.5007149485393338,1,1,0.199236178803043
9.860000000000142,0.9586913594771034,-0.10004550488672484,0.11452509794540976,2.2125681263857127,1,0,0.18043943712075003
9.880000000000145,0.9615528796567584,-0.09876449805105524,0.11656588153516347,2.5710596968902504,1,0,0.12830339049395817
9.900000000000148,0.9643838926415497,-0.09856501260718828,0.1180480991161718,2.7684081027389538,1,0,0.1351696497401659
9.920000000000151,0.9666438245424499,-0.09932756507663248,0.11912684161695233,2.6629098338599277,1,0,0.140140277872296
9.940000000000154,0.9682611875816943,-0.10106766383171491,0.11929773903559543,2.5388960446862723,1,0,0.18718146761419335
9.960000000000157,0.969556621712432,-0.10402445143889368,0.11889100102383231,2.43199142912859,1,0,0.17916181392741165
9.98000000000016,0.970554445611446,-0.10798505651318879,0.11791443085976411,2.098603316683472,1,0,0.17279229427167103
10.000000000000163,0.9712866036750342,-0.11248338213008806,0.11674309530164116,1.1621599780500518,1,0,0.2398945264912004
10.020000000000167,0.9719053967520829,-0.11702826218210807,0.11482807892697885,0.8483944671496462,1,1,0.20961917909705244
10.04000000000017,0.9728662563559622,-0.12064134606558155,0.11543868844759803,1.8409900653660287,0,1,0.15634318638882808
10.060000000000173,0.9744975814711714,-0.1229282566167427,0.11713063603661195,2.3169097856857155,0,1,0.2179712061471617
10.080000000000176,0.9765109853712437,-0.12423622053982268,0.11833919221708046,2.5100109124650247,0,1,0.12580537523474708
10.100000000000179,0.9789437176802319,-0.12463422740996959,0.118866969232526,2.464742155931711,0,1,0.09863689884912924
10.120000000000182,0.981729766333954,-0.12390973776034628,0.11892600155478734,2.311130280978544,0,1,0.1392078683571996
10.140000000000185,0.9845619331635628,-0.12187817879921162,0.11846996749277307,2.228995533321802,0,1,0.18723155184256468
10.160000000000188,0.9873331125565227,-0.11881323853100643,0.11734723720276627,2.057261100249946,0,1,0.18204993736692587
10.180000000000192,0.9901184016585698,-0.1151232985363761,0.11600425456265293,1.41692077934465,0,1,0.26208975751138497
10.200000000000195,0.9928667695062594,-0.11129407104672408,0.11401463619110504,1.2788868849740513,1,1,0.22207388520513668
10.220000000000198,0.9956726016060409,-0.108467549172892,0.11462233885531321,1.8928499550391709,1,0,0.17667733059771323
10.240000000000201,0.998593629513473,-0.10725879158302418,0.11634892633027498,2.183348395208502,1,0,0.14132279636143613
10.260000000000204,1.0014938171009273,-0.10721226557073005,0.11761398161888706,2.343769089650025,1,0,0.1393644517809714
10.280000000000207,1.0039869060221471,-0.10820857340341358,0.11851160507398797,2.222196298921113,1,0,0.132643028829266
10.30000000000021,1.0057770086894933,-0.11028349064208876,0.118721331988983,2.077662894025824,1,0,0.18568356558879034
10.320000000000213,1.0070258814340944,-0.11340649461095006,0.11821189729321317,1.9904537380844274,1,0,0.18390260510547526
10.340000000000217,1.0078372270776648,-0.11731192661613117,0.1172303048368474,1.6566168167318696,1,0,0.17496140220692513
10.36000000000022,1.0085078822899218,-0.12166317043835317,0.1161160489602449,0.6951843560296537,1,0,0.24913047454762438
10.380000000000223,1.0091373274663524,-0.12599649068993327,0.11448862566243055,1.3671914270767496,1,1,0.19964069932378722
10.400000000000226,1.0103730330924048,-0.12921198859773966,0.11561920362438256,2.0042006790774267,0,1,0.20030798565661298
10.420000000000229,1.0122613817769572,-0.13119564596632866,0.11714452624785225,2.34330369361578,0,1,0.21298498850819214
10.440000000000232,1.0145241048815614,-0.1322053746616421,0.1181151683056283,2.4149231726103064,0,1,0.11589467692616173
10.460000000000235,1.0170859469624098,-0.1321547324315228,0.11856197220192992,2.277358285164373,0,1,0.11413452601590925
10.480000000000238,1.0197162316729806,-0.13080044664995202,0.11847462604378184,2.181595209168154,0,1,0.17757062081199207
10.500000000000242,1.0224743888726786,-0.1282344466419985,0.11764181271652573,2.1229713374629844,0,1,0.17556737397401595
10.520000000000245,1.0252375009750485,-0.12479899432391658,0.11643745458415414,1.7720305515811496,0,1,0.22295707659703978
10.540000000000248,1.0282222888438428,-0.12105744395236122,0.1150612748819205,0.9504879505713609,0,1,0.27335402467185627
10.560000000000251,1.031190463240306,-0.11738857781002637,0.11337582790877718,2.014267497806782,1,1,0.1706123923267706
10.580000000000254,1.034221753629968,-0.11511552114575588,0.11506786330238483,2.6000096934515677,1,0,0.17600389501899702
10.600000000000257,1.037288209175326,-0.11421645649129541,0.11702669340319924,2.9736011553995376,1,0,0.13427995551002886
10.62000000000026,1.0402221664918176,-0.11431609345356299,0.11843657254945655,3.102599631666935,1,0,0.12590119860683097
10.640000000000263,1.0424867553117378,-0.11535409994283986,0.11936936186370856,2.9805001288117428,1,0,0.1607102692010044
10.660000000000267,1.0441346856741474,-0.11737000224823027,0.11941622739498407,2.8436170898078603,1,0,0.18781914144692063
10.68000000000027,1.045428887020183,-0.12055723704617494,0.11887100169418909,2.6930864384327706,1,0,0.18066995998380964
10.700000000000273,1.0463552603630717,-0.12465516877917579,0.11782123299561313,2.2662672204637335,1,0,0.16813336920223246
10.720000000000276,1.0470393718200153,-0.12923485728028183,0.11662798987104743,1.1522587638806423,1,0,0.24725286945889968
10.740000000000279,1.047590724901296,-0.13387656388308056,0.11459328483401725,1.030615075098428,1,1,0.19017291442718642
10.760000000000282,1.0485264012967062,-0.1375664689755148,0.1154835503519261,2.0104295080065224,0,1,0.15661897703640787
10.780000000000285,1.050110030685009,-0.13995151746397655,0.11735882609162478,2.518138379894612,0,1,0.210797692943218
10.800000000000288,1.0520735741402079,-0.14138858300360013,0.11867523216211733,2.7716255969562322,0,1,0.11751986547516038
10.820000000000292,1.054466528680592,-0.14196243061397004,0.11928342158618986,2.7811552010175937,0,1,0.09420008464502833
10.840000000000295,1.0570843280019924,-0.14140983881844482,0.11946872185683494,2.6666774859975337,0,1,0.1376562884879662
10.860000000000298,1.0597273834036407,-0.13959630553676516,0.11900161263548101,2.6404755615533118,0,1,0.1881521119935613
10.880000000000301,1.06245965989171,-0.13668554432916355,0.11793952349097858,2.512527980269199,0,1,0.18868163893367346
10.900000000000304,1.06516902491432,-0.13304411184971118,0.11642266359506184,1.937990002753879,0,1,0.2494227605376016
10.920000000000307,1.0678506126081262,-0.12917977261289404,0.11455610088206718,1.1180102616266305,0,1,0.22538453751511112
10.94000000000031,1.070492132722014,-0.12591802215574846,0.11429389503777769,1.776984258267371,1,0,0.16274810223320352
10.960000000000313,1.0732931966995254,-0.12439690649934991,0.11610937212451022,2.0979055429692455,1,0,0.1406591344835526
10.980000000000317,1.0760691382999565,-0.12407852910291421,0.1175641483105164,2.3184239136499922,1,0,0.14096883229493387
11.00000000000032,1.0784196495286797,-0.12477436390809318,0.1186426435795645,2.2639401450132945,1,0,0.12615796173416174
11.020000000000323,1.080083426345066,-0.1264892427261405,0.11897764763716498,2.1579223540027055,1,0,0.18261118416508415
11.040000000000326,1.0813598260666484,-0.12940529100097417,0.11861393364933301,2.0702818718605083,1,0,0.17958113767995806
11.06000000000033,1.0822408023820198,-0.1332851563865995,0.11767544347756988,1.8017152767946423,1,0,0.1674469855586816
11.080000000000332,1.082847532962582,-0.13767651529055377,0.11655662393635419,0.9877047375835138,1,0,0.22864102077139037
11.100000000000335,1.083398362813388,-0.14212631572841058,0.11474573696878318,0.9911192233189173,1,1,0.22211989162883145
11.120000000000339,1.0843285493508106,-0.145672053459051,0.11533724216331745,1.9445065519109062,0,1,0.1652135934134101
11.140000000000342,1.0859860006130448,-0.14792957915650704,0.11697226119082615,2.384084628353733,0,1,0.22492238908339587
11.160000000000345,1.0880864263136218,-0.14922836325303823,0.1181267619638698,2.5391347200811714,0,1,0.13154996921544115
11.180000000000348,1.0906323766257953,-0.14960778424290047,0.11861798682833759,2.4587146969334808,0,1,0.10088770467932014
11.200000000000351,1.093471759097196,-0.14879969134568566,0.11868642901419309,2.288693606234951,0,1,0.14698128241181416
11.220000000000354,1.0963534255715226,-0.14670834568202495,0.11815416968566321,2.2094656796912684,0,1,0.18502785421241713
11.240000000000357,1.0992241931060278,-0.1436242219394052,0.1170035895353827,1.990311073642283,0,1,0.18840067916695336
11.26000000000036,1.102170350905155,-0.1399827810063375,0.11569779103642895,1.284440825024124,0,1,0.2699315822768076
11.280000000000364,1.1050843158086856,-0.13623727350160744,0.11364915951280827,1.4999873087450948,1,1,0.2169167419822792
11.300000000000367,1.1080210354424487,-0.13356375751764965,0.11456803071097323,2.1461644681586933,1,0,0.1816012651885225
11.32000000000037,1.111004731912454,-0.1324691791016304,0.11647887805569603,2.4668748283864006,1,0,0.13871240310610522
11.340000000000373,1.1139012675356377,-0.13248932431173302,0.11787183803776004,2.6477016646989204,1,0,0.13698519508843848
11.360000000000376,1.116179974173521,-0.13347503757543738,0.11890575410409593,2.539570191083501,1,0,0.14091602113589755
11.38000000000038,1.117776597652068,-0.13544061059926915,0.11906750172192207,2.4158953960375764,1,0,0.18923534388353846
11.400000000000382,1.1189605893880044,-0.13859315779437995,0.11857965649850262,2.3045544266981643,1,0,0.18084589303634674
11.420000000000385,1.1197433457816617,-0.1426737728438364,0.11759526008064956,1.9499453184985078,1,0,0.1683328512642168
11.440000000000389,1.1202855439137682,-0.1472245800527316,0.11644750550715965,0.9646859670602521,1,0,0.24671641488444074
11.460000000000392,1.1207060266342006,-0.1518088021640279,0.11444970628762566,1.1811224673365337,1,1,0.2060568746267373
11.480000000000395,1.1215904525279414,-0.15545927886120925,0.11531769129297899,2.1352688473399417,0,1,0.15686187111158598
11.500000000000398,1.1231915934624834,-0.1578474761994983,0.1171575663471913,2.6171304694081674,0,1,0.21338469506035995
11.520000000000401,1.125209036587647,-0.15930068320952648,0.11845324636748279,2.83803695067836,0,1,0.1194659578037034
11.540000000000404,1.127669440706756,-0.15987797392055988,0.11906232883216536,2.8138168736151687,0,1,0.09502334803076537
11.560000000000407,1.130242542566497,-0.15925776298263014,0.11924887318474443,2.6995401763894633,0,1,0.1432199226465885
11.58000000000041,1.1329443537498665,-0.1574023218886191,0.11872047737227456,2.6764753913879247,0,1,0.1846719312538384
11.600000000000414,1.135732560115874,-0.15450691184828097,0.11759813782440055,2.506794217537865,0,1,0.1960381942992693
11.620000000000417,1.1385639696153764,-0.15093533206073942,0.11619524623934206,1.846578355913382,0,1,0.25961486766241826
11.64000000000042,1.1413897145554526,-0.1471991928238178,0.11430091192022854,1.178037187580208,0,1,0.22424991139024933
11.660000000000423,1.1441498206555132,-0.14407995555928624,0.11411843614691483,2.024085905524318,1,0,0.16840395898875699
11.680000000000426,1.1469858721567099,-0.14269964627092624,0.11612851598323261,2.3833405700006853,1,0,0.13628008671576916
11.70000000000043,1.1497521770466836,-0.14247671321973857,0.11771681171750233,2.6182083517610266,1,0,0.13732049360590592
11.720000000000432,1.152042082004715,-0.14319020655511183,0.11885444733365928,2.5596238831936766,1,0,0.12533944862778612
11.740000000000435,1.153539286031148,-0.14483105424312914,0.11918236127386089,2.4606695253898807,1,0,0.18088963496238136
11.760000000000439,1.1545375874534833,-0.14762498449477643,0.11884434646105542,2.3963878440673425,1,0,0.18013345060527608
11.780000000000442,1.1551550939261612,-0.1514424172699761,0.11793466138176752,2.1423885265500475,1,0,0.1782446243040545
11.800000000000445,1.1554459985393337,-0.15581267363706702,0.11682837787389291,1.3588685428286567,1,0,0.22308018604859184
11.820000000000448,1.1556523303703576,-0.1602458257167116,0.11506051545941062,0.7699819192691446,1,0,0.22506192131668926
11.840000000000451,1.156069769497574,-0.16411500945604782,0.11489648284248978,2.090057993200547,0,1,0.15849896323713997
11.860000000000454,1.1573836558689847,-0.1666583689137455,0.11685233595602733,2.6341455977317505,0,1,0.21284423449664824
11.880000000000457,1.1591855931691242,-0.16826786209442726,0.11835143391967476,2.9261279222651915,0,1,0.1274730666190225
11.90000000000046,1.161430892389044,-0.16904388002309084,0.11912105075512637,2.970544258354358,0,1,0.08768540127094508
11.920000000000464,1.163834302037036,-0.16868062414486107,0.11945590180510887,2.8925471837933654,0,1,0.13360221263847824
11.940000000000467,1.1663627139914063,-0.16711871132729642,0.11901914353284626,2.8956421094213227,0,1,0.18401311266231457
11.96000000000047,1.1691351624608388,-0.16443164940013594,0.11800734419287036,2.796374607644981,0,1,0.19058511633357952
11.980000000000473,1.171967495268249,-0.1609545933271976,0.11659765716508397,2.2744755971757655,0,1,0.2456244629768523
12.000000000000476,1.174845996748406,-0.15721212204215493,0.11494988327907946,1.2753922392195223,0,1,0.23155702912570691
12.02000000000048,1.1775813095479717,-0.1537357513133569,0.11380011867409595,1.9573266925373378,1,0,0.1541120550404545
12.040000000000482,1.1804362078901836,-0.15199137307836896,0.1157293915820865,2.3596184776316336,1,0,0.14675073804807162
12.060000000000485,1.1832183261258356,-0.15151409334961213,0.11750627520338114,2.669635820957649,1,0,0.14018302029218851
12.080000000000489,1.1856946268101796,-0.15198641129621546,0.11877995573243766,2.7020187621616905,1,0,0.11039451113506576
12.100000000000492,1.1873629806159136,-0.15334885138588283,0.1193769941280055,2.6053386795542397,1,0,0.16893541242514387
12.120000000000495,1.1884181426995357,-0.1557665732803629,0.11919994364359456,2.553180624827771,1,0,0.17943481774639952
12.140000000000498,1.1890968159724544,-0.1592870813861289,0.11847224576044234,2.3884296121986552,1,0,0.17839151531345754
12.160000000000501,1.1893286186848673,-0.16344595477553972,0.11735637530247744,1.8116831226349301,1,0,0.1777255620142335
12.180000000000504,1.1894549410278845,-0.16778231011742184,0.1158682968254129,0.5516719682066887,1,0,0.23605877021520708
12.200000000000507,1.1895602730199661,-0.1718684744296848,0.11477542641211894,1.6877919136027908,0,1,0.15058777796959985
12.22000000000051,1.190555807190083,-0.17470082690198108,0.11644905879594532,2.286252986742072,0,1,0.2097686759271845
12.240000000000514,1.1921771713164795,-0.1765064874246554,0.1179632437541106,2.641960241690981,0,1,0.15895104185704917
12.260000000000517,1.1942624994183832,-0.1774717657331574,0.11879885609058344,2.7332660118479026,0,1,0.08717524229893978
12.28000000000052,1.196751718168874,-0.17743842738522955,0.11912971647394191,2.6383116886955333,0,1,0.11550608778063795
12.300000000000523,1.1994079042896182,-0.17614144826263425,0.1189498528761588,2.5890974277333307,0,1,0.185272458351076
12.320000000000526,1.2022245033928098,-0.17370274086521162,0.11808063010459306,2.5388113116097952,0,1,0.18215937876463956
12.34000000000053,1.2050892147563441,-0.1704387790785483,0.116716454532793,2.151912185495435,0,1,0.23173542304675718
12.360000000000532,1.2080273347930985,-0.16683940718209367,0.11516697097825543,1.253202978362495,0,1,0.24674414956630172
12.380000000000535,1.2108762753644144,-0.1633993635582971,0.11398818834711681,1.7131401280643963,1,0,0.1674428830022168
12.400000000000539,1.2137748095694525,-0.16157843189194124,0.11560825511292536,2.077457866576877,1,0,0.16205842866223466
12.420000000000542,1.2165911787146146,-0.16109503005813414,0.11720118514287324,2.3507803939330905,1,0,0.14569045768671277
12.440000000000545,1.2192140935225586,-0.16165647294322877,0.11828238793196612,2.398016724599698,1,0,0.1282165224451751
12.460000000000548,1.2211861776823172,-0.16325083560844517,0.11898054757980595,2.238998463838245,1,0,0.15517602959790816
12.480000000000551,1.2226219260774125,-0.16594265631016328,0.11888699637519143,2.0892695652652886,1,0,0.1771718858931669
12.500000000000554,1.2235960922048572,-0.16968280066770197,0.11805449204658792,1.9060170360471558,1,0,0.1631945177275675
12.520000000000557,1.2242247930675152,-0.17405655844600515,0.11709770539582054,1.2830019350229418,1,0,0.1735697630320343
12.54000000000056,1.2248240787587652,-0.17863714535018085,0.11568939158450835,0.27978243077327475,1,0,0.2366724591325567
12.560000000000564,1.2253616349693865,-0.1829052369233235,0.11459993860351636,2.0345488396008817,0,1,0.15764071062570073
12.580000000000567,1.2265749980292644,-0.18583001559232523,0.11635878430278473,2.6375665755625133,0,1,0.21387515082463907
12.60000000000057,1.2283357624530915,-0.18769132958364904,0.11796035609958005,3.0109998843557206,0,1,0.16530897708866332
12.620000000000573,1.230494337941675,-0.18870641254676387,0.11889016733751707,3.1011558198642497,0,1,0.08718459840149234
12.640000000000576,1.2330882205163702,-0.1887935551432711,0.11925655127465805,2.9722698850146654,0,1,0.10746372291810549
12.66000000000058,1.2357022296535967,-0.18762950355606484,0.11915212270395172,2.857820873530004,0,1,0.17236247436347246
12.680000000000582,1.238400384552961,-0.185231997606464,0.11841672978138308,2.8496558607715596,0,1,0.1836004847853381
12.700000000000585,1.2411094645711542,-0.18192210023533545,0.11705285441453245,2.593929883841333,0,1,0.2282327644350713
12.720000000000589,1.2438901706878012,-0.17811605991289928,0.11560902382411375,1.7292045054251344,0,1,0.2625765762300489
12.740000000000592,1.2465861770044804,-0.17429866269940716,0.11389521160215924,1.7331976886450615,1,1,0.1651203788327169
12.760000000000595,1.2494881264903661,-0.1719051368462906,0.11531755978689699,2.1083949780598847,1,0,0.17077761793894902
12.780000000000598,1.252425332638982,-0.17094652035383698,0.11708166717951918,2.37390212543736,1,0,0.13908570709040383
12.800000000000601,1.2552130990979642,-0.17105862398619898,0.11835875280937766,2.473028776630885,1,0,0.1276449413154655
12.820000000000604,1.25724199829271,-0.1721213624723965,0.11912435350351745,2.392957133615188,1,0,0.15369698398740206
12.840000000000607,1.2586626015784574,-0.17424713895702337,0.11910286425979512,2.324215085575052,1,0,0.17907171135204691
12.86000000000061,1.2597548138271852,-0.17756225977567067,0.11847836774306919,2.1978476315161566,1,0,0.17301993045095324
12.880000000000614,1.2604334145344886,-0.18166269499250567,0.1174987572826931,1.740219782787918,1,0,0.1594103029705048
12.900000000000617,1.2609566084442643,-0.18609599860748635,0.11625401546824839,0.5817700664974131,1,0,0.2451104006303329
12.92000000000062,1.2613669481156897,-0.19045778102875635,0.11459251496103291,1.5234334766785518,1,1,0.1666512283824661
12.940000000000623,1.2623639155827053,-0.1936538163737918,0.11595345133207062,2.1943819035004353,0,1,0.19616450573735836
12.960000000000626,1.2639978652943575,-0.19567378080658343,0.1175779774793366,2.569481230957144,0,1,0.19705023160938184
12.98000000000063,1.2660171581848694,-0.19676999078251242,0.1186060804680602,2.669458692557606,0,1,0.10455774053845399
13.000000000000632,1.2685071494715012,-0.19695208440069153,0.11896964552984983,2.5631914619203804,0,1,0.10973594524056746
13.020000000000636,1.271165158498571,-0.19588600770524459,0.11897449731964979,2.41501063076527,0,1,0.15987485920547434
13.040000000000639,1.2739865971171032,-0.19358745762574256,0.11826450507728296,2.342804445055634,0,1,0.18249233548121463
13.060000000000642,1.276813851905919,-0.19031667400593685,0.11695006072945993,2.065717734964979,0,1,0.20562455275145466
13.080000000000645,1.2796890257467382,-0.18655382703594917,0.11550345953056343,1.217460329091475,0,1,0.2671661055300081
13.100000000000648,1.2825211735667301,-0.1827934692050085,0.11381658353934636,1.4814799037587607,1,1,0.18696692558889266
13.120000000000651,1.2853775329269854,-0.1803800550616928,0.11516569398064759,1.98692623238642,1,0,0.17186929435145037
13.140000000000654,1.2882509301986738,-0.17942203279718597,0.11689240905513948,2.3085029801805352,1,0,0.13902776300805356
13.160000000000657,1.2910430401934505,-0.17955125152137993,0.11807065070246067,2.4592062667714885,1,0,0.1374735187145309
13.18000000000066,1.2933958694980294,-0.1807056232339162,0.11886030636520266,2.3222940872428146,1,0,0.12835197855772945
13.200000000000664,1.2950651250459047,-0.18293051690503792,0.11898760360392995,2.1527489873565497,1,0,0.17747284432157462
13.220000000000667,1.2962979140954203,-0.18629900235990365,0.11842388277281585,2.024983065969809,1,0,0.1729714083936263
13.24000000000067,1.297083148808407,-0.19044951276678143,0.11736166310229527,1.6343165489729816,1,0,0.16062971264763043
13.260000000000673,1.2977139195909169,-0.19498526272021535,0.11615172046832986,0.5071494276664779,1,0,0.24787136980685762
13.280000000000676,1.2982781799174274,-0.19946030460952868,0.1144961436613122,1.4296449042104886,1,1,0.1821710538795618
13.30000000000068,1.299416212530267,-0.20277876185475777,0.11577028693185729,2.123642934147394,0,1,0.19595111862483094
13.320000000000682,1.3012012678783158,-0.2048996600137112,0.11738174872626107,2.513658982204506,0,1,0.204958451722336
13.340000000000686,1.3033648492182517,-0.20608032371743526,0.11842052759207271,2.6210693541311136,0,1,0.11029801999573324
13.360000000000689,1.305925441692332,-0.20629786570617592,0.11886469803510782,2.5045461206679605,0,1,0.10755737040630678
13.380000000000692,1.308582908036043,-0.20523568571661052,0.11889374242266047,2.3787050462641948,0,1,0.16926324368534468
13.400000000000695,1.311399090863955,-0.20295788671414808,0.11816816722437448,2.3201291717483423,0,1,0.17643318887810594
13.420000000000698,1.3142295559222326,-0.19971099426359015,0.11688507160936108,2.039080219061426,0,1,0.1988294847114531
13.440000000000701,1.3171084756332443,-0.19597701352098776,0.11546479259980676,1.1909933967690256,0,1,0.26680870182770605
13.460000000000704,1.319950776786091,-0.19224517915336817,0.11377803856093266,1.4580407670131117,1,1,0.18999630870303463
13.480000000000707,1.3228073136541718,-0.18985018336885012,0.11509620806673063,1.9694941806809596,1,0,0.1726923004516523
13.50000000000071,1.3256804938981601,-0.18891411637358663,0.11681351259946512,2.2832788534999575,1,0,0.14127018885975484
13.520000000000714,1.328474454554778,-0.18907514602561593,0.11798774836749762,2.4273709865733935,1,0,0.13957066497437023
13.540000000000717,1.3308469740308009,-0.19028483099484025,0.1188034568414324,2.2811782327796495,1,0,0.12773339808800646
13.56000000000072,1.3326054272175425,-0.19259193776605318,0.11898067974476724,2.0874501128784186,1,0,0.17655112611457893
13.580000000000723,1.333860832188165,-0.19597396465854927,0.11839287277386816,1.9530831390026655,1,0,0.17206425483635576
13.600000000000726,1.3346798046373127,-0.2000860948196639,0.11735988988750677,1.5512264016730233,1,0,0.1609747900169004
13.62000000000073,1.3355126812253322,-0.20460859744414042,0.11623170639971615,0.403407878071447,1,0,0.2451235286101819
13.640000000000732,1.3362418147411483,-0.20907727624860142,0.1145726946746794,1.4863441674876972,1,1,0.18106273496223296
13.660000000000736,1.3374710691843519,-0.21238245220803606,0.1157892278665138,2.15978926011844,0,1,0.19764293192744875
13.680000000000739,1.3393191029864158,-0.21447147686386425,0.1173657674590478,2.5308999564112438,0,1,0.2065643105680894
13.700000000000742,1.3415337262293254,-0.21560767792118257,0.11838117885714294,2.6203432919370933,0,1,0.10925167614480397
13.720000000000745,1.3441360492315648,-0.21577150416667154,0.11880901300478491,2.488539991718201,0,1,0.10820442648095654
13.740000000000748,1.3468214837714718,-0.21464937685545626,0.11882785462143709,2.3502257626568355,0,1,0.17015055652704508
13.760000000000751,1.3496480298689368,-0.21230294990100812,0.11809250736616884,2.291365618766623,0,1,0.17763900181179776
13.780000000000754,1.352477317761017,-0.20898519890108805,0.1168079152922391,2.0130610278292616,0,1,0.20329568322693298
13.800000000000757,1.3553535355179407,-0.20518966910928813,0.11538345729522641,1.1663898212099124,0,1,0.26947812133558835
13.82000000000076,1.3581898762960622,-0.20141578213553513,0.1137122670909507,1.5199764451719808,1,1,0.18799019280969445
13.840000000000764,1.3610593173497905,-0.19901990079643594,0.11510990031641753,2.036539300014932,1,0,0.17390839852891554
13.860000000000767,1.3639561196520806,-0.19807142279358825,0.1168527431178244,2.369388800670248,1,0,0.1394905702089041
13.88000000000077,1.366774101149947,-0.198204974461067,0.11805239907673945,2.517478391209969,1,0,0.13755384659464537
13.900000000000773,1.3689907026829549,-0.19934758286061563,0.11890695692119581,2.3777461164443268,1,0,0.13792175376402915
13.920000000000776,1.370673014697907,-0.20158313910638057,0.11903426895011596,2.2097603681431126,1,0,0.18136724573869084
13.94000000000078,1.3719988260008917,-0.20499245629278492,0.11844051463293559,2.0553305972057614,1,0,0.171073842207008
13.960000000000782,1.3729000151719721,-0.209207966505816,0.11742588329706215,1.6275524028174477,1,0,0.1559377029036048
13.980000000000786,1.3736504966743066,-0.21377608320811237,0.11617116993511571,0.47198207278611104,1,0,0.24701131920056169
14.000000000000789,1.3743141880053036,-0.2182749332227246,0.11448815013974026,1.4470549532978403,1,1,0.1777838010837253
14.020000000000792,1.3754834763851986,-0.22158465916484973,0.1157696382501277,2.136495353319041,0,1,0.19526710815660628
14.040000000000795,1.3772551448212165,-0.22367430146970937,0.1173938261180791,2.524845995860604,0,1,0.20356073022888085
14.060000000000798,1.3793804487030354,-0.22481373995101278,0.11844306386903465,2.629367787563267,0,1,0.10803380340374286
14.080000000000801,1.3819497686128184,-0.22502650272692196,0.11883501237318495,2.5166426901798133,0,1,0.10717533217407509
14.100000000000804,1.3846435443636693,-0.22398894822768903,0.1188816543278766,2.3465704350323375,0,1,0.15768787299331924
14.120000000000807,1.3874371842109905,-0.22170171344119194,0.11821398798406808,2.282664155400367,0,1,0.18523560560479774
14.14000000000081,1.3902256502456067,-0.21842304219150302,0.11695570208566877,2.0387281330039437,0,1,0.19607124317525287
14.160000000000814,1.3930764158172655,-0.2146380704645754,0.11557199010537642,1.2448376576721059,0,1,0.26701010646329437
14.180000000000817,1.3958806039963727,-0.21084392350943512,0.11386075733483218,1.4559539759566853,1,1,0.19386017695958563
14.20000000000082,1.3987662679848076,-0.20833381842476786,0.11511077931398492,1.9677103063085775,1,0,0.17172820417821405
14.220000000000823,1.401719992663703,-0.2072953418987379,0.11679389655770817,2.2857481403216644,1,0,0.13925668058980162
14.240000000000826,1.404611147050077,-0.20736841391117772,0.11797207035892063,2.4316448555929417,1,0,0.13850951619944168
14.26000000000083,1.4068994605895035,-0.2084655209427306,0.11882030217606476,2.2955549432330193,1,0,0.1401138167604306
14.280000000000832,1.4086419277781237,-0.2106614618813794,0.11893095348215244,2.1388776565382694,1,0,0.18396532950723332
14.300000000000836,1.4099983320767269,-0.21400801235747416,0.1183350283728352,1.9966177098532956,1,0,0.1761878349487718
14.320000000000839,1.4109260439635287,-0.21812818199805847,0.11733339877856441,1.5790777398229874,1,0,0.16231411309000948
14.340000000000842,1.4117386473691143,-0.2226551934824819,0.11617123339846333,0.4320948829841908,1,0,0.24841590963905186
14.360000000000845,1.4124835878850082,-0.22712567504566702,0.11448656319943844,1.4725666658237646,1,1,0.1814207326080846
14.380000000000848,1.413706014855523,-0.23039037274285057,0.115742668444951,2.1469929554065446,0,1,0.19755507556662802
14.400000000000851,1.4155109017811012,-0.23241599854496883,0.11735018410675309,2.521012770550054,0,1,0.2063849522244057
14.420000000000854,1.4176568296057819,-0.2334813210911188,0.11838894474673475,2.61212284099427,0,1,0.1101749001897914
14.440000000000857,1.4202280837321395,-0.23360382454363537,0.11877751163430454,2.4893427605298637,0,1,0.10867921055719765
14.46000000000086,1.4229102560198332,-0.23246112938469074,0.11881764820979952,2.318059351579438,0,1,0.15889676143840833
14.480000000000864,1.4256767173785112,-0.2300668511535588,0.11813169218035476,2.252443481133545,0,1,0.18482671656273858
14.500000000000867,1.4284134121544998,-0.22669056406752527,0.11687003982327675,2.00106186348055,0,1,0.20049359072835862
14.52000000000087,1.431169602042202,-0.2228234606777838,0.1154359992402717,1.203163521761799,0,1,0.26873060954916694
14.540000000000873,1.4338834707747432,-0.21896967793485603,0.11373852630311203,1.5291749505085577,1,1,0.19006962156608356
14.560000000000876,1.4367012210007828,-0.2164779016363845,0.1150899997182573,2.0402628232920894,1,0,0.1725784809109925
14.58000000000088,1.439595650753944,-0.2154361442845084,0.11682137006307078,2.362075609941512,1,0,0.1378224705615011
14.600000000000882,1.4424421240838885,-0.21548803630359625,0.11801782731117023,2.504752628920822,1,0,0.1363213810338231
14.620000000000886,1.4447063793933288,-0.21656493772948018,0.11887160047028442,2.3658854892562653,1,0,0.14047744237640414
14.640000000000889,1.4463905567821367,-0.21872040188078867,0.11893891802008665,2.2177052050290045,1,0,0.18449029389321245
14.660000000000892,1.4477180491278814,-0.2220407414862085,0.11834338083364031,2.077149345154124,1,0,0.1763580350168912
14.680000000000895,1.4486332688506605,-0.22613252152275512,0.11734400929823094,1.6514196473657714,1,0,0.1628067503553613
14.700000000000898,1.4494437509190745,-0.23060999319967956,0.11616221189861634,0.49299327594076414,1,0,0.247694672685924
14.720000000000901,1.4501811066537695,-0.23502007770105604,0.11448276478394757,1.462188181284418,1,1,0.1786149882857926
14.740000000000904,1.4514288126251065,-0.2382464821827714,0.11576036813473935,2.144255956056758,0,1,0.19676715692886396
14.760000000000908,1.4532637600974838,-0.24024935728889715,0.11737072602360941,2.5185950138372397,0,1,0.20402673528044787
14.78000000000091,1.4554374735225386,-0.2412954488028688,0.11840412286518566,2.6119247602907225,0,1,0.10866696172430718
14.800000000000914,1.458024503438667,-0.24138658512584174,0.11879154378929001,2.4912280085072376,0,1,0.10871953017412786
14.820000000000917,1.4607369272466189,-0.24021492606474643,0.1188092227076831,2.3318551344675256,0,1,0.1621119834604609
14.84000000000092,1.4634842896657734,-0.23779960914916257,0.11813995638904652,2.269745226269787,0,1,0.18448025766551068
14.860000000000923,1.4661743785479466,-0.23444052290496975,0.11687328268285187,2.011291517725044,0,1,0.20406694718088816
14.880000000000926,1.468893737294974,-0.2305931555038833,0.11543691352254093,1.2092919050767446,0,1,0.2689745348807018
14.90000000000093,1.4715730743501823,-0.22675512982034482,0.11375860122513569,1.5594133780015489,1,1,0.18875649991667834
14.920000000000933,1.4743504815988644,-0.22428567544530184,0.11512926217500918,2.0563085242223416,1,0,0.1735123996472964
14.940000000000936,1.4772136322188305,-0.22326171992263996,0.1168533609312377,2.367571807037822,1,0,0.13908076119425883
14.960000000000939,1.4800384563322502,-0.22332659500777513,0.1180378040663111,2.5014035892203634,1,0,0.1375091404201324
14.980000000000942,1.4822977052535915,-0.22441718665353053,0.11887237782748182,2.3536904518110298,1,0,0.13846363592358335
15.000000000000945,1.4840427648775891,-0.22661877797902608,0.11897532962390198,2.1863684983244234,1,0,0.1826110117630902
15.020000000000948,1.4854761680677557,-0.23001427777147565,0.11836884720285372,2.0298805188074294,1,0,0.1704903364528333
15.040000000000951,1.4865178520668498,-0.23421961446512995,0.11737244671155632,1.5872414974497553,1,0,0.1547603784698974
15.060000000000954,1.4874366652050617,-0.2387657265223697,0.11611528454999344,0.4011683154670958,1,0,0.24676103054836523
15.080000000000958,1.488261424851118,-0.24322214748545606,0.11444386235056646,1.5397091540565213,1,1,0.17361442689742335
15.10000000000096,1.4895542917809044,-0.24645848172649487,0.11580681276600263,2.227699307629862,0,1,0.1961328355951241
15.120000000000964,1.4913978437617228,-0.2484719835414825,0.11745280044704384,2.6184851085504763,0,1,0.20019802096141234
15.140000000000967,1.493567803044786,-0.24953817136301665,0.118509396057335,2.7245224997661825,0,1,0.10634438489219192
15.16000000000097,1.496134014794306,-0.24966143884433833,0.11892208344968579,2.6064562197621437,0,1,0.1060101854823713
15.180000000000973,1.4987728044581512,-0.24853071161530535,0.11896978271904357,2.442424111423716,0,1,0.15971522799781945
15.200000000000976,1.501472923720192,-0.24615993940567119,0.118299734216241,2.3756932427568263,0,1,0.18318769548077335
15.22000000000098,1.5041291564202246,-0.24281768758368746,0.11705781537673504,2.1223489875412818,0,1,0.19512390942722285
15.240000000000983,1.5068279588879256,-0.238966850255531,0.11565648819533063,1.3064391902713741,0,1,0.2649561032443929
15.260000000000986,1.509455921001684,-0.23501751702281745,0.11351021866074414,1.5401269489497271,1,1,0.19504060875431184
15.280000000000989,1.512183232140023,-0.23217079445834074,0.11456148118123682,2.2380653656136418,1,0,0.1805415985146838
15.300000000000992,1.5150224941797745,-0.23086912785661984,0.11664117186232976,2.595833285215675,1,0,0.12671507408519436
15.320000000000995,1.5178270840512154,-0.23063773014343092,0.11814894006308968,2.7992565474356086,1,0,0.13437555259861492
15.340000000000998,1.520063451751228,-0.23135497824360632,0.11923127012277407,2.7040741469206906,1,0,0.13883345878441083
15.360000000001001,1.5216542613757287,-0.2330380800047203,0.11939975230699927,2.586600204089881,1,0,0.18597747672731665
15.380000000001004,1.5229558646976145,-0.23595157422049934,0.11903719692610784,2.4789925923132223,1,0,0.17816807465910872
15.400000000001008,1.52403604228949,-0.23993300778377785,0.11807923626529204,2.1483844995251347,1,0,0.1700372333395972
15.42000000000101,1.5247763026830272,-0.2445049251100112,0.116839658312087,1.2545878060718374,1,0,0.23665508882352143
15.440000000001014,1.5254052447442144,-0.2491392534405739,0.11497251325825303,0.6867156523699717,1,1,0.21135172955761
15.460000000001017,1.5263347533818221,-0.2528505326479993,0.1154824355230083,1.704034682740106,0,1,0.1569676614036171
15.48000000000102,1.5279264490161941,-0.2552068814467251,0.11713304283510433,2.1944463477504415,0,1,0.21923414141397762
15.500000000001023,1.5299032803851125,-0.2565731482874419,0.11832553264320503,2.401305220682838,0,1,0.12943417609333394
15.520000000001026,1.5322924313851993,-0.2570209041042025,0.11885389243069723,2.3672478463097195,0,1,0.09812696253895845
15.54000000000103,1.5350845783738036,-0.25637804172984424,0.11890088244717918,2.2154358520109914,0,1,0.137532358296809
15.560000000001033,1.5379061281672173,-0.25441228069388083,0.11847462595592627,2.13138110743873,0,1,0.18898769991213685
15.580000000001036,1.5406648204283657,-0.2513936304585994,0.11735660481710407,1.983743507639226,0,1,0.18066298100652975
15.600000000001039,1.543433361655429,-0.24772667811740173,0.11601903947032986,1.3796253307434563,0,1,0.2557511465855854
15.620000000001042,1.5461681618568957,-0.2439140563772233,0.11406435307259608,1.2172331847046067,1,1,0.2243511210387063
15.640000000001045,1.5489635333098772,-0.241029977329167,0.11460557726056636,1.8459514343452026,1,0,0.17530574301378157
15.660000000001048,1.5518748810030054,-0.23977285464048603,0.11630270084669528,2.1396478274507147,1,0,0.14268200459571878
15.680000000001051,1.5547715855634285,-0.23968570714134377,0.11755873731533273,2.297493409378996,1,0,0.13999676648008447
15.700000000001054,1.557285152948746,-0.24067491993346313,0.11848768164502627,2.177628091159626,1,0,0.13249292141810007
15.720000000001058,1.5591509258132392,-0.2427536465925642,0.11874177611267137,2.0183342392062658,1,0,0.18552159014390518
15.74000000000106,1.5604811691463032,-0.24588045639521533,0.11824205380617493,1.9220101535336593,1,0,0.18258096061310766
15.760000000001064,1.5613714194414856,-0.24979698759830096,0.11725167801047662,1.5917493843505204,1,0,0.17342268145427353
15.780000000001067,1.5621109123921255,-0.2541736175321175,0.11613069601106689,0.6290536297904701,1,0,0.24496213840185863
15.80000000000107,1.5628142179238893,-0.2585320430032415,0.11450749432071222,1.3243010468334413,1,1,0.2015018729751102
15.820000000001073,1.5640843691842987,-0.2617472253744194,0.11560964905795972,1.9767518308925038,0,1,0.19935003518039043
15.840000000001076,1.5659875602591125,-0.2637184985100897,0.11711128700427474,2.320651860126095,0,1,0.2147232686394392
15.86000000000108,1.568253261984286,-0.2647049131105289,0.11806794735952747,2.3870545910475425,0,1,0.1170665924577608
15.880000000001083,1.5708133099191282,-0.26462720446959204,0.11849966539938045,2.2419394544222406,0,1,0.11422253284858823
15.900000000001086,1.5734311776488208,-0.2632409344567276,0.11840887185863566,2.135969844195995,0,1,0.17729881948814702
15.920000000001089,1.5761639692521623,-0.2606348253192674,0.11757466205982928,2.077060549597675,0,1,0.17600361890889127
15.940000000001092,1.5788617858519092,-0.25717792998506955,0.11640853875724394,1.7339078775192796,0,1,0.22407063571081864
15.960000000001095,1.5818319346464809,-0.2534401821698283,0.11503433200522128,0.9344030919221024,0,1,0.275224274438158
15.980000000001098,1.5847788294424425,-0.2497719258277166,0.11334653388422376,2.0322699453360116,1,1,0.1731466275607745
16.0000000000011,1.5878115187556547,-0.24749635311630552,0.11503025050380818,2.615497995295336,1,0,0.17618623209192086
16.020000000001097,1.5909000838936398,-0.24659295115982285,0.11698056650733063,2.9817650041392296,1,0,0.13342316973467946
16.040000000001093,1.5938718362464601,-0.2466922870049882,0.11838629535468141,3.1028911247336355,1,0,0.12571471081386637
16.06000000000109,1.5961837655475422,-0.2477446453374149,0.11933251913111056,2.9736132233962373,1,0,0.16202171995050205
16.080000000001085,1.5978681167845177,-0.24976971028109257,0.11936475622238032,2.837411737434524,1,0,0.18858482220271128
16.10000000000108,1.599158550772396,-0.25295378859765877,0.1187804611812111,2.69482337131521,1,0,0.18026537329354514
16.120000000001077,1.600093979247224,-0.2570532274433906,0.11773067083679002,2.257439953782858,1,0,0.1686491045507502
16.140000000001073,1.6008034788497618,-0.26162471257500464,0.11653626223509886,1.1124230516211233,1,0,0.24777910678056453
16.16000000000107,1.6013730273159588,-0.2662491366551183,0.11446574886156015,1.1655908397507688,1,1,0.18502328625596295
16.180000000001066,1.6023555267260285,-0.26992923604685026,0.1154239409490642,2.152727401611342,0,1,0.15520043445642395
16.20000000000106,1.6039782893490562,-0.2723085638936935,0.11738054598492471,2.6692647299102057,0,1,0.2081393374397603
16.220000000001058,1.605968755473683,-0.273755603470829,0.1187539155278053,2.93655134852959,0,1,0.1143441783530916
16.240000000001054,1.6083595448323198,-0.2743390480779744,0.11941604898289616,2.9533599158030457,0,1,0.09215765191698866
16.26000000000105,1.6108117174190426,-0.2737552066946621,0.1196628423403145,2.8637664548294572,0,1,0.13998725963739447
16.280000000001046,1.6133020003179015,-0.27196830901061025,0.11913366250338997,2.8558534050492557,0,1,0.18374346227615682
16.30000000000104,1.6159614496562387,-0.26905833175399113,0.11804197031877205,2.7194202152543236,0,1,0.18995259783483828
16.320000000001038,1.618612725531416,-0.26538665092052427,0.11656811009206708,2.1271244251916226,0,1,0.24735045328054955
16.340000000001034,1.6212648344667762,-0.2614845631038319,0.11477872490792267,1.1234407159131252,0,1,0.22430498093753598
16.36000000000103,1.62386677578023,-0.25807462585166446,0.11434735100082702,1.6309981289903084,1,0,0.1607328853073991
16.380000000001026,1.6266333886119735,-0.2564056999202076,0.11608212660219913,1.944993117704315,1,0,0.14342497797920403
16.40000000000102,1.6293779669541768,-0.2559682079790978,0.11752153380904083,2.177881025516909,1,0,0.14408218729634475
16.420000000001018,1.6318789475832816,-0.25659005045079347,0.118537232859595,2.1626715963770606,1,0,0.11645586037290842
16.440000000001014,1.6337013680950094,-0.2582657064246561,0.11897766675644149,2.0347857284514332,1,0,0.17275144171320053
16.46000000000101,1.6350353257376877,-0.26107344310989417,0.11865554203188468,1.9609883114689026,1,0,0.17812486417818565
16.480000000001006,1.635870137861058,-0.264743533446592,0.11772348634540954,1.7584260563746663,1,0,0.1737996848333139
16.500000000001002,1.6366919100866375,-0.26897969879570816,0.11674948143845457,1.004830495011248,1,0,0.21508312481403044
16.520000000000998,1.6375151563777994,-0.27332259202639864,0.11514871526855268,0.8302643700347638,1,0,0.23071518084721637
16.540000000000994,1.6384189808441956,-0.2770939376381352,0.11498444847947868,2.166736910957224,0,1,0.17182517614238452
16.56000000000099,1.640050909874992,-0.27949234927765215,0.11681689660585771,2.663322979268213,0,1,0.22134047282320565
16.580000000000986,1.6421261972708314,-0.2809220356831974,0.11821113218608768,2.896230023264531,0,1,0.1362220450781574
16.600000000000982,1.6446121970652094,-0.28148035325203186,0.1188922680064634,2.885491457771465,0,1,0.0902969015473917
16.620000000000978,1.6473114996403506,-0.28092394712812097,0.11912045838139658,2.7360535778237076,0,1,0.13197726122424797
16.640000000000974,1.6499939099769005,-0.2790740884059145,0.11872083792718997,2.6994927110394196,0,1,0.19043711905031496
16.66000000000097,1.6527101628411573,-0.2761336645049909,0.11774643543136572,2.5983372856053766,0,1,0.19428657656779047
16.680000000000966,1.6554368791980474,-0.27247768998272104,0.11641303169182415,2.061229233335337,0,1,0.2522990399591616
16.700000000000962,1.6581346460964113,-0.26861330395943483,0.1145940951136303,1.3160967520169637,0,1,0.23366262774837415
16.720000000000958,1.6608279553862342,-0.26535151430793186,0.11429129317140888,1.910528614826681,1,0,0.16894370062996972
16.740000000000954,1.6637343847331418,-0.2638360500161731,0.11607168744929232,2.2055554678044413,1,0,0.1459848292373813
16.76000000000095,1.6666333065301118,-0.2635333934701894,0.11752051760435281,2.400296664605434,1,0,0.13882325388120054
16.780000000000946,1.668945628870785,-0.26423318045801464,0.11865586204533117,2.3450436237057426,1,0,0.1374950589112358
16.800000000000942,1.6705938387345676,-0.26594380607631823,0.11893317912099712,2.281726406990764,1,0,0.18938908943468935
16.820000000000938,1.6717685699498912,-0.2687564096230559,0.11849883254080841,2.221364636358874,1,0,0.18928541848348307
16.840000000000934,1.6724617494835194,-0.2724216884644817,0.11752148311287912,1.9690594632810616,1,0,0.18264183593874017
16.86000000000093,1.6730183253344941,-0.2766641350841816,0.11653102334993594,1.1823750816701342,1,0,0.22726746003155474
16.880000000000926,1.6735661744888084,-0.28099527753452097,0.11479692525325867,1.0697083760802126,1,1,0.22707601009830544
16.900000000000922,1.674509380461872,-0.2844562722495008,0.11534008219524824,1.9519466812795532,0,1,0.17142675522539952
16.92000000000092,1.6761983302324186,-0.28664660516340035,0.11692282346407225,2.350903986331953,0,1,0.2287954023731728
16.940000000000914,1.678335251119124,-0.28786799093188553,0.11803800128795015,2.4769883153954746,0,1,0.1329544978466216
16.96000000000091,1.6809321392717076,-0.28815143824214245,0.11849057756388665,2.386489427471741,0,1,0.1043998067268058
16.980000000000906,1.6837140442323228,-0.28717573747490444,0.11854196060294873,2.2372752638581357,0,1,0.15237502538227116
17.000000000000902,1.68658958400601,-0.28494814642062005,0.11789508337032033,2.1626227619315803,0,1,0.1813839807515081
17.0200000000009,1.689454401887087,-0.28178793994243573,0.11678203678554035,1.8845608276750307,0,1,0.18990900731957766
17.040000000000894,1.6924129471304166,-0.2781658470139023,0.11543794786277461,1.125582013777373,0,1,0.2689829957314046
17.06000000000089,1.695386499478517,-0.27454569331150835,0.11376593824761547,1.5949228113409222,1,1,0.202006324806747
17.080000000000886,1.6983606249151155,-0.2721976700497629,0.11504537377471197,2.1121344978583894,1,0,0.17475439258246458
17.100000000000882,1.701351059521016,-0.271316550592062,0.11673558303294555,2.4190013008010096,1,0,0.14140270606617916
17.12000000000088,1.7042556581162909,-0.2715445353578576,0.1179071799430238,2.5456207459005795,1,0,0.13718301745758277
17.140000000000875,1.7065417712564883,-0.2727881845126937,0.11875159051391555,2.3953749492611234,1,0,0.1436403298736798
17.16000000000087,1.7082371358848543,-0.2751060985389251,0.11883573592188598,2.2316987033572597,1,0,0.18671534995555605
17.180000000000867,1.7094659093136266,-0.27851192839242295,0.11821414242246722,2.0831925313939665,1,0,0.18077750727859399
17.200000000000863,1.7102480083469596,-0.28270185502595924,0.11713715424454407,1.6514364203743326,1,0,0.16417131881255417
17.22000000000086,1.7109059321451738,-0.2872598223554043,0.11592268104469236,0.4931856923488694,1,0,0.25519644159720983
17.240000000000855,1.7114799162647767,-0.29172539969836003,0.11429043763916762,1.5760769898059068,1,1,0.18207369345966473
17.26000000000085,1.7126473412426755,-0.2950124545938028,0.11572374583031485,2.281502901999721,0,1,0.1986942868522645
17.280000000000847,1.7144346696008914,-0.29712043552076084,0.11742094439165184,2.6825294620169107,0,1,0.19955375270065787
17.300000000000843,1.7166047579747314,-0.2983145818413443,0.1185018263800576,2.80928139971353,0,1,0.10539217137447246
17.32000000000084,1.7191719616788692,-0.29855950073964727,0.11898476576147626,2.703665188541098,0,1,0.10492739744989651
17.340000000000835,1.7218293897575507,-0.29753765921669345,0.1190478155455499,2.5827313594346193,0,1,0.1690333358299878
17.36000000000083,1.7246301602815117,-0.29530747398718,0.11835912735620281,2.5221683276989904,0,1,0.1760463532179959
17.380000000000827,1.727451064560788,-0.2921074806723149,0.11709787206323657,2.23752590736819,0,1,0.19938327200308234
17.400000000000823,1.730338140606747,-0.288404550870112,0.11571027132381582,1.381205589538425,0,1,0.2667396569500176
17.42000000000082,1.7331548798544152,-0.2845933926100151,0.11356199567652756,1.536934934235999,1,1,0.19304988683070096
17.440000000000815,1.7359961254951473,-0.28187753546601113,0.11460689271931608,2.221020262055683,1,0,0.1811428312509961
17.46000000000081,1.738858048555614,-0.2807132672526566,0.11668542356890658,2.574051512157403,1,0,0.12756930347235923
17.480000000000807,1.7416262343836422,-0.2806178620343004,0.11818800752246672,2.7799268029168736,1,0,0.1349071558780236
17.500000000000803,1.7439243201470294,-0.28146908600251414,0.11921968098484548,2.6969501465332417,1,0,0.13131041052360876
17.5200000000008,1.745478023750979,-0.2832655872885887,0.11945652342500243,2.568916944461313,1,0,0.17948722418745738
17.540000000000795,1.746567621290512,-0.28621212768509335,0.1190511735994624,2.4815446153149225,1,0,0.17644804583952828
17.56000000000079,1.747295980982923,-0.29014400224205034,0.11808097504272497,2.1800444210212366,1,0,0.1733390983069074
17.580000000000787,1.747661727634446,-0.2946094615222279,0.11679994740242185,1.3031068631528793,1,0,0.23693982495797228
17.600000000000783,1.74792693322131,-0.2991321204598578,0.11491799255154286,0.7461564613504331,1,1,0.21396826293919652
17.62000000000078,1.7486137718283925,-0.3027749520378962,0.11544896401047007,1.7289381941799107,0,1,0.15516406691008564
17.640000000000775,1.7500887892058605,-0.3051364522837576,0.11708894979563433,2.1996987135904846,0,1,0.21882738811506988
17.66000000000077,1.7520246602574305,-0.30654043155640665,0.11825996284877346,2.3888812876086396,0,1,0.12692283206382346
17.680000000000767,1.7544421290422327,-0.3070502077707473,0.11875538178121664,2.345505538948035,0,1,0.10002226960905632
17.700000000000763,1.7571973088471375,-0.3064148240819577,0.11881682243058343,2.200353770502179,0,1,0.14186467245546006
17.72000000000076,1.7600924422695914,-0.3044904272097668,0.11827339895167471,2.1344601973697053,0,1,0.18820267637280932
17.740000000000755,1.7630165345922002,-0.3015484229230674,0.11711957740102692,1.9384052436550725,0,1,0.18289332353266657
17.76000000000075,1.7660234906290093,-0.29803827614433925,0.11579457865200896,1.260400165443432,0,1,0.2642330347666604
17.780000000000747,1.7690165190159097,-0.29440692653203027,0.11378930587851949,1.3839908841377517,1,1,0.21819095793706114
17.800000000000743,1.771969949303443,-0.29182708836248766,0.11462550442180224,2.0001952138676087,1,0,0.17886470973366905
17.82000000000074,1.7749202586313975,-0.29082975461184546,0.11643051317918578,2.299395612553361,1,0,0.14189618241583382
17.840000000000735,1.7777649008596255,-0.290968857574017,0.11774116021848628,2.4653993862057435,1,0,0.14015937652754773
17.86000000000073,1.7801041374518456,-0.2920982754108907,0.11866019609103363,2.3439184166663973,1,0,0.13215142399640162
17.880000000000727,1.7817171248236785,-0.2942520367968367,0.1188920161728054,2.184647150604127,1,0,0.1826788976860998
17.900000000000723,1.7828429050994905,-0.29752712245366103,0.1184161093621816,2.0659886530931764,1,0,0.17956665630546875
17.92000000000072,1.783459103903042,-0.30160617324989586,0.11734698097924891,1.7296742654417387,1,0,0.1661621049222547
17.940000000000715,1.7838364981804904,-0.3061147047301475,0.11615398121723565,0.7331552849307195,1,0,0.24837613337805642
17.96000000000071,1.7841223478458565,-0.31067264141188505,0.11414111104414759,1.4153199857301522,1,1,0.20127420641681265
17.980000000000707,1.7849150260987692,-0.31429096981683124,0.11514412840125547,2.355011267085058,0,1,0.15709796496354986
18.000000000000703,1.7864552572791534,-0.31666463643545495,0.11712095113730861,2.817991014974368,0,1,0.21082119366228394
18.0200000000007,1.7884298324551968,-0.31813954428833113,0.11849705391231041,3.020855788889906,0,1,0.11632700786055689
18.040000000000695,1.7908616086532085,-0.3187698763806143,0.11915582725642945,2.978338376515674,0,1,0.09496563238273119
18.06000000000069,1.793434627538871,-0.31822643144872254,0.11936392738259301,2.842504531076015,0,1,0.1428441472541286
18.080000000000688,1.7961528459099168,-0.31646363069569244,0.11883852783098411,2.796456145317765,0,1,0.18111756028239137
18.100000000000684,1.7990618561373584,-0.31364544522969173,0.11775104480394485,2.594834827615075,0,1,0.19254650118922131
18.12000000000068,1.8020108859528867,-0.31016676055938996,0.1163597237707562,1.9045071302228327,0,1,0.2562033458006431
18.140000000000676,1.8049528238790835,-0.30652048676697957,0.1144723762785858,1.0129796009214718,0,1,0.22245169957182181
18.16000000000067,1.8077849307611338,-0.3034652977566758,0.11422577114318726,1.783226742396646,1,0,0.16585862417856453
18.180000000000668,1.810630025209249,-0.3021417377392567,0.11611527113241307,2.1361819220783027,1,0,0.13851839853596992
18.200000000000664,1.8133550645987981,-0.3019992508668759,0.11762694060330892,2.3714179904447543,1,0,0.14039780418818243
18.22000000000066,1.8157422424213359,-0.3028539896335998,0.11865895494743316,2.3400898675842674,1,0,0.11692028990634537
18.240000000000656,1.8173076179886267,-0.3046584759024872,0.11906541374729407,2.2098579593515995,1,0,0.1732546279124155
18.26000000000065,1.8183149607179947,-0.3075866270972572,0.11875877020016896,2.1399580591587064,1,0,0.17598760352791787
18.280000000000648,1.81877594955485,-0.311353075916933,0.11781885577797473,1.9212354699850973,1,0,0.1747645289168629
18.300000000000644,1.8189247536401874,-0.3156233431714665,0.1166937358934985,1.1634734844359709,1,0,0.22393188403165823
18.32000000000064,1.8190558338687197,-0.3199927424009274,0.11491875197156952,0.8973156414888428,1,1,0.22340463964059384
18.340000000000636,1.8196733980108701,-0.3235361594427334,0.11539579447114444,1.8136046151307326,0,1,0.16619714170222255
18.360000000000632,1.8211565997269243,-0.32585631046027863,0.11695248275952037,2.22715186791435,0,1,0.2265618084178751
18.380000000000628,1.8231677754789912,-0.3272477199741676,0.11804120941535105,2.3634385762077765,0,1,0.13136593283809278
18.400000000000624,1.825709000172026,-0.32773569300916466,0.11847899597422265,2.281433893976806,0,1,0.10483420238907327
18.42000000000062,1.8285197983579606,-0.32698509864234226,0.11852628242959881,2.1451197052288213,0,1,0.15352074473167573
18.440000000000616,1.8315168806296482,-0.3249862758766917,0.11789226939037832,2.098714224694447,0,1,0.18424937312447087
18.460000000000612,1.8346095974808345,-0.3220409652991306,0.11678032733216602,1.8596792682438175,0,1,0.19072297177841024
18.480000000000608,1.8378297574906257,-0.31862633863115397,0.11544917081382378,1.1512453689628843,0,1,0.26694506864279494
18.500000000000604,1.8410180575067652,-0.3152007586997595,0.11376666940713454,1.6046099265952438,1,1,0.2025485278110975
18.5200000000006,1.8441266610660703,-0.31306279431695505,0.11503474375307116,2.105345418217866,1,0,0.17332643125679223
18.540000000000596,1.8471524233379402,-0.3124008953612646,0.11672091191765589,2.4027046998734485,1,0,0.1421470994516217
18.560000000000592,1.8500156956577511,-0.3128449673555753,0.11789796268920102,2.5228288296779398,1,0,0.1386073671620894
18.580000000000588,1.852205941502111,-0.3142718410470675,0.11877003616974498,2.3671265507141075,1,0,0.14145496579105915
18.600000000000584,1.8537456379104744,-0.3167273328810687,0.11887087169006856,2.192644178660109,1,0,0.18477306462342102
18.62000000000058,1.8547330297566769,-0.32023052698489446,0.11824327403528397,2.042512804481141,1,0,0.17668493366370014
18.640000000000576,1.8551928013251762,-0.32443219227545983,0.11717521322535923,1.6123124261931367,1,0,0.16202786730435603
18.660000000000572,1.8556407865697928,-0.3290391153538552,0.11598979690047316,0.43529944392432013,1,0,0.251621545509783
18.680000000000568,1.8560003111735563,-0.333548178817897,0.11440009120566798,1.5528429196905287,1,1,0.1822201816038559
18.700000000000564,1.8569806053593687,-0.3369269828352326,0.11579254974427315,2.257782735534793,0,1,0.20161386007813245
18.72000000000056,1.858655455547371,-0.33918069936661,0.1174462158539413,2.658325312669611,0,1,0.20205975402783471
18.740000000000556,1.8607759229860013,-0.3405447545675861,0.11850441966918661,2.779100031841377,0,1,0.10542354323787972
18.760000000000552,1.8633715377956577,-0.34099604233421404,0.11896519535573637,2.668134695684229,0,1,0.10529920894377874
18.78000000000055,1.8661418693556373,-0.3401848399737473,0.11902929143841741,2.5354603987751068,0,1,0.16836166521956003
18.800000000000544,1.8690987030901687,-0.3381791507463763,0.11836399277998784,2.4788051791805836,0,1,0.17916648347492659
18.82000000000054,1.872120068382821,-0.3352256447471338,0.117098552232341,2.2128680886267236,0,1,0.19657732594688365
18.840000000000536,1.875244846401234,-0.3317686737411179,0.11570710233245861,1.3848295876538015,0,1,0.26557131511644116
18.860000000000532,1.8783104379154227,-0.3281932699513631,0.11356651916198972,1.5454993046045584,1,1,0.1942537347620022
18.88000000000053,1.8813382082345946,-0.32571455718817316,0.1145987065336823,2.215217736977019,1,0,0.18104710660424575
18.900000000000524,1.88428374393537,-0.32478875040521743,0.11665759363353137,2.557954908119679,1,0,0.12795522672466314
18.92000000000052,1.8870634362722785,-0.3249284751425744,0.11814511871945763,2.7555727346452468,1,0,0.1354443633800842
18.940000000000516,1.8891720611149754,-0.3259451744466909,0.11920519826797628,2.658126730336948,1,0,0.13702769997083775
18.960000000000512,1.8905399539992074,-0.327867325230236,0.1193864208383972,2.5376091423162634,1,0,0.18521234406921178
18.98000000000051,1.891519511370453,-0.3309924423143247,0.11902680833290119,2.417752700261953,1,0,0.1774390103070187
19.000000000000504,1.8921237869899794,-0.3351302420481293,0.11802093146945052,2.0825980242965354,1,0,0.16541138907498304
19.0200000000005,1.8923821939028804,-0.33979713648548987,0.11685614275922203,1.1542170689161309,1,0,0.23713905589959045
19.040000000000497,1.8925226726909081,-0.34449409776423257,0.11495150975404457,0.7985718226319662,1,1,0.2078097215026559
19.060000000000493,1.8930501437941984,-0.348280606228943,0.11549229713900855,1.81335045661746,0,1,0.15763746448704688
19.08000000000049,1.8943819419928598,-0.3508021972389332,0.11715855431026127,2.3060376503350337,0,1,0.21850368922554292
19.100000000000485,1.896209749588791,-0.3523862016386797,0.11835861537384781,2.5175202154071843,0,1,0.1284001790580655
19.12000000000048,1.898553559934723,-0.353114432817634,0.11889353022367445,2.4891345926424164,0,1,0.09689318278105769
19.140000000000477,1.9013846713316171,-0.35278798569279973,0.11897152904725637,2.337179673882907,0,1,0.13618886723414336
19.160000000000473,1.9043949250006187,-0.3511608822380138,0.11856454581665901,2.2652053023912506,0,1,0.1902479698047252
19.18000000000047,1.9074724570493282,-0.3484777373986525,0.11748794916405322,2.1382480175568226,0,1,0.18371105570390456
19.200000000000465,1.9106446956979282,-0.34514899544265537,0.11618741349840979,1.5629121536692792,0,1,0.2573150525333464
19.22000000000046,1.9138079647493025,-0.34167302674155614,0.11424596695490519,1.2438526868950943,0,1,0.2263388667879792
19.240000000000457,1.916891684038444,-0.3388214731983578,0.11403868428739192,2.202899739531908,1,0,0.17049722389536798
19.260000000000453,1.9199802063997793,-0.33772299417576446,0.11607035031168957,2.5695360617876615,1,0,0.13491542158231487
19.28000000000045,1.9229264745386454,-0.33776890354627676,0.11769089856828933,2.79133119749183,1,0,0.13299113416024017
19.300000000000445,1.9251914153197542,-0.33868214646246825,0.1189174854225731,2.715769670629958,1,0,0.1407514854867476
19.32000000000044,1.9266553087701592,-0.34046456633567596,0.11925588858216528,2.634921542364279,1,0,0.19037199626096518
19.340000000000437,1.927489347618252,-0.3432975699472175,0.11886562588187087,2.5919043774044153,1,0,0.18757236597613203
19.360000000000433,1.9277836916176498,-0.34699429761585,0.11796555438751119,2.357866905309904,1,0,0.18884026755869296
19.38000000000043,1.9276865116353212,-0.35124784008124516,0.11678530407152683,1.6195163076986407,1,0,0.2261837988397826
19.400000000000425,1.9275035501662319,-0.355584507412186,0.11502752302116287,0.9938130059781667,1,0,0.23008641000929486
19.42000000000042,1.927616569439614,-0.35941555890459986,0.1148794518227006,2.162186464328742,0,1,0.15852518002879243
19.440000000000417,1.9287720370469026,-0.36202223020602586,0.11684712039338349,2.682978967159454,0,1,0.21412507570891554
19.460000000000413,1.930489681080767,-0.36373529599188914,0.11834851349986546,2.969638247613372,0,1,0.12704643779524719
19.48000000000041,1.9326599143590217,-0.36460118956490195,0.11916462827155207,3.016401847721701,0,1,0.08767428924232779
19.500000000000405,1.934967496314723,-0.3643080841898023,0.11941270078817141,2.996542473565348,0,1,0.14402886554982655
19.5200000000004,1.937513816798831,-0.36281767547842014,0.11892951223064821,3.036804667500431,0,1,0.18155854220263482
19.540000000000397,1.9403499036283833,-0.3602646047784359,0.11791968554433906,2.9217529080342044,0,1,0.19508121949190665
19.560000000000393,1.943286940547552,-0.35697765771383067,0.11651658812869971,2.362938482418946,0,1,0.24515684340375787
19.58000000000039,1.9462853644585016,-0.35345657195495556,0.11482932961382811,1.428070398573332,0,1,0.22566340827116918
19.600000000000385,1.9492055717243963,-0.3503998043279394,0.11440487980533624,1.7835408999634088,1,0,0.16630174860203978
19.62000000000038,1.9520988158870114,-0.34908795134924414,0.11611566692032634,2.00733418529925,1,0,0.1527216960898293
19.640000000000377,1.9548280003992946,-0.34900592996182594,0.11753178842598029,2.1891030808560856,1,0,0.14454918968911232
19.660000000000373,1.9571876965625563,-0.349959275712761,0.11852818016343987,2.1585621602090144,1,0,0.11373632095467104
19.68000000000037,1.9588153679051812,-0.3519262855294336,0.11900660772623191,2.019915192930071,1,0,0.16763838084738092
19.700000000000365,1.9597795641078979,-0.35489284253292264,0.11864889685635739,1.9404127830128823,1,0,0.18002108762108798
19.72000000000036,1.9601522097077169,-0.3586389178778941,0.11766194469794103,1.7314535470582026,1,0,0.17078650870205772
19.740000000000357,1.9605979106507423,-0.3629891129933064,0.1167310958953647,0.946866582057148,1,0,0.206932112629717
19.760000000000353,1.9610636816833709,-0.36744594314399665,0.11520267219390082,0.8845171686897412,1,0,0.22871322473350478
19.78000000000035,1.9616271981672755,-0.37135287560634384,0.1150650906346395,2.235943387761973,0,1,0.17826848891684915
19.800000000000345,1.963060658815292,-0.37400353186514185,0.11687331306355063,2.750680516094803,0,1,0.2232930177892839
19.82000000000034,1.9650484961291133,-0.37574415559423097,0.11824583425611952,3.012416940440367,0,1,0.1388999622298948
19.840000000000337,1.9675441097746689,-0.3766680327789367,0.11892950968900688,3.0269272795152546,0,1,0.08914245587606587
19.860000000000333,1.9701981419446504,-0.37643812189714293,0.11920174252527294,2.9117867435112954,0,1,0.14082839466692043
19.88000000000033,1.9729892960375985,-0.37495254747464124,0.1187822780244765,2.9282093285114352,0,1,0.19011336609970247
19.900000000000325,1.9759358908601525,-0.37239489266075515,0.11784407942100386,2.874375892250127,0,1,0.20577813701549139
19.92000000000032,1.9789857405238225,-0.3690864742596292,0.11650637763493016,2.400610317964867,0,1,0.25807830669940135
19.940000000000317,1.9820703519782017,-0.36552504465448427,0.11479226376430055,1.6161903653118745,0,1,0.23955178110265116
19.960000000000313,1.985116795815018,-0.3624521404261173,0.11433759353377804,2.0139498414039663,1,0,0.17225517908814292
19.98000000000031,1.9882104827634342,-0.3611533917485322,0.11604666921432459,2.24067173133635,1,0,0.15373459470683082
20.000000000000306,1.9911705930229533,-0.3610928233118575,0.11748038966672603,2.4058210880984405,1,0,0.1402627027094265
20.0200000000003,1.993462326667628,-0.36199681911626386,0.11863335020538751,2.3564461139711477,1,0,0.13759174947843716
20.040000000000298,1.9949392443703295,-0.3638130062886502,0.11890785167432426,2.3114880998499623,1,0,0.1881045479220923
20.060000000000294,1.9956932323265266,-0.3665538076718564,0.11841360478257597,2.292951024498206,1,0,0.18995566354828308
20.08000000000029,1.9959389336216051,-0.37011557816471113,0.11756783933720388,2.0545585460920552,1,0,0.18947190659977284
20.100000000000286,1.9961397417159321,-0.3742492433924591,0.11667162173783081,1.3036480145346367,1,0,0.2179185752288914
20.12000000000028,1.9962841148407064,-0.3784686674303645,0.11502895015815523,1.0834359436014145,1,0,0.23514956271225115
20.140000000000278,1.9966275052324023,-0.3821669446767893,0.11487025586995384,2.3011022824566054,0,1,0.17366193994245566
20.160000000000274,1.9979335043108108,-0.38463129018732845,0.11672972290750777,2.7703579449634765,0,1,0.2207790763153563
20.18000000000027,1.999806656100643,-0.386198225813614,0.11813529012859258,2.987224247452038,0,1,0.13287773618390653
20.200000000000266,2.002203865662736,-0.3869389223925534,0.11881894544319693,2.9790103003714776,0,1,0.09131997019150039
20.22000000000026,2.0047828538471206,-0.38650831003258546,0.11903226679928593,2.881172862517887,0,1,0.13881204162712804
20.240000000000258,2.0075591921876392,-0.38482946697214176,0.11855568768112945,2.8870078809164763,0,1,0.1892400845638143
20.260000000000254,2.0104862991714247,-0.38212213976935566,0.11749222263354579,2.7587630871096884,0,1,0.19754129634627676
20.28000000000025,2.0135513056366796,-0.3787820481051942,0.11625743222958003,2.1608913236726206,0,1,0.26219019036593105
20.300000000000246,2.0166111629015555,-0.3752937277891496,0.11437309279401893,1.587839354551437,0,1,0.22713531518453656
20.320000000000242,2.0196305013434808,-0.37243537308819363,0.1141487737602636,2.259927539771979,1,0,0.17459269561237106
20.340000000000238,2.022670006863897,-0.37134398235064126,0.1161350059718224,2.5375489114486522,1,0,0.13904400691034
20.360000000000234,2.025561775854673,-0.3714098518331037,0.11771861361245683,2.708871982050736,1,0,0.1329493761842479
20.38000000000023,2.027712761719021,-0.37231751549492054,0.11886810703508141,2.6460102144259867,1,0,0.13927713497160554
20.400000000000226,2.029035673436239,-0.37411876941158795,0.11915496190039766,2.6056886558825476,1,0,0.18709054557772303
20.420000000000222,2.0296441453366216,-0.3768512362536353,0.11870283079754611,2.6006115890695427,1,0,0.19133821609280255
20.440000000000218,2.0296674987264196,-0.38037504187446,0.11773162831310345,2.387540648493998,1,0,0.1938596546021471
20.460000000000214,2.0293743297619424,-0.38440192453536715,0.1166076039097222,1.6787470906546018,1,0,0.2245379728215814
20.48000000000021,2.0290257109588103,-0.38852149825984844,0.11486349702018454,1.2410018149583508,1,1,0.22772061541485278
20.500000000000206,2.0292980466883193,-0.39195278578207754,0.11537003267694307,1.8981958901977045,0,1,0.1677053535506679
20.520000000000202,2.0305718534822006,-0.39428040036117407,0.11692198295104322,2.2073828593875557,0,1,0.2273668311171447
20.540000000000198,2.0324692717569404,-0.39572557096415567,0.11799046788769786,2.302786189437912,0,1,0.12871388384963592
20.560000000000194,2.034943162960714,-0.3962555589744413,0.11843710800258123,2.222682556109664,0,1,0.10830873530226036
20.58000000000019,2.0377538952022065,-0.39551558667326686,0.11842564504184905,2.1462898078133383,0,1,0.16482148409059058
20.600000000000186,2.040882474050917,-0.3935893178756973,0.11766558630878057,2.0915001894083063,0,1,0.17250515410403355
20.620000000000182,2.0441482343281963,-0.39080972382445056,0.11656625111946965,1.7661106802028796,0,1,0.20325966739063953
20.640000000000178,2.0477098247394623,-0.38773624147526564,0.1152455875322692,1.0331502726365973,0,1,0.2660922863960883
20.660000000000174,2.05126878546217,-0.38470491475279106,0.11361962787372386,1.9526013494428396,1,1,0.18041470385911468
20.68000000000017,2.054618289116121,-0.3830305289830251,0.1151617346323785,2.4632028774249712,1,0,0.18131518044876727
20.700000000000166,2.057760947283158,-0.3827445888739327,0.1169679607934611,2.7816627211154343,1,0,0.13575039252598833
20.720000000000162,2.0606819832314676,-0.38348000969506685,0.11818756696663897,2.8942046042430842,1,0,0.132112482170059
20.74000000000016,2.0628620469479206,-0.38509655174753443,0.11905299063341039,2.7265636016858714,1,0,0.14695024227183995
20.760000000000154,2.0642089519803086,-0.3876105953082229,0.11908747410590949,2.5751253129877316,1,0,0.1893816000087677
20.78000000000015,2.064912181661219,-0.39111938759107007,0.11848772878714191,2.4404208050466276,1,0,0.18374484872240493
20.800000000000146,2.0650864099922894,-0.39533083199968355,0.11746548766406806,2.0042077419775244,1,0,0.1692776269268173
20.820000000000142,2.0650557062535015,-0.39987370513576825,0.11624269998810655,0.8562779877284171,1,0,0.25304709397317315
20.84000000000014,2.0649064377706616,-0.40434709102729055,0.11455878786240113,1.4095948381812449,1,1,0.17928841686817273
20.860000000000134,2.065586606154104,-0.4078050954255154,0.11585689076885618,2.1125329649444633,0,1,0.1991472902879729
20.88000000000013,2.0670835890031043,-0.41018824673619453,0.11747398909953931,2.5265515956001363,0,1,0.200119017185332
20.900000000000126,2.0691219778999956,-0.411713301826671,0.11849348304491746,2.6932708056139214,0,1,0.10561556565491795
20.920000000000122,2.0714944736696004,-0.4122037044222222,0.1190474777009767,2.6383565789211887,0,1,0.10897679114218962
20.94000000000012,2.074077971610191,-0.41146327667208676,0.11893954586521187,2.640385522089056,0,1,0.17933140146643123
20.960000000000115,2.077027941770251,-0.40955855231145755,0.1181826670738246,2.647126884025712,0,1,0.18720991965853118
20.98000000000011,2.0801301272551918,-0.4067357168669352,0.1169004564033419,2.389076718717475,0,1,0.2194958924421642
21.000000000000107,2.083361634814938,-0.40345345328176263,0.11550027744125817,1.5840867289404665,0,1,0.2694163871126596
21.020000000000103,2.086564536001354,-0.4001293440493809,0.11383263103551801,1.6862561208299405,1,1,0.18448315371677265
21.0400000000001,2.0896661562269583,-0.3981103913599124,0.1151997005565603,2.06571208453127,1,0,0.17549922934301407
21.060000000000095,2.0925858150028556,-0.3975549160844302,0.11694508615232009,2.3189533559150575,1,0,0.14361824043332136
21.08000000000009,2.095283999056682,-0.39807067564458654,0.11813369684508804,2.432669646131057,1,0,0.13938264798134647
21.100000000000087,2.0974053583798886,-0.3995531119595691,0.11892320987140503,2.2935063725565055,1,0,0.12419512607070629
21.120000000000083,2.0987335517423698,-0.40203027146022713,0.11907068619143837,2.1288123977314597,1,0,0.1749764726751286
21.14000000000008,2.0994736772867784,-0.4055703375347667,0.11848084302210164,1.9992506754476769,1,0,0.16667372906500927
21.160000000000075,2.0996644944956806,-0.4097843501724396,0.1174716820547249,1.587283819998819,1,0,0.15644674747592463
21.18000000000007,2.0998305489404814,-0.4143804843916387,0.11628255981964858,0.4253928835455177,1,0,0.24279873981395222
21.200000000000067,2.099904796661539,-0.41888080557324825,0.11463137197643038,1.505269981765913,1,1,0.17641513458852356
21.220000000000063,2.1006583240813548,-0.42230673866908236,0.11589328175765794,2.196088372465672,0,1,0.19900078010543565
21.24000000000006,2.1022005369828403,-0.42463992020050817,0.11746883415340968,2.5829820676967796,0,1,0.20326321734507366
21.260000000000055,2.1042530411704403,-0.42610263707744445,0.11846858178993513,2.6934481281774385,0,1,0.1060009630080289
21.28000000000005,2.106827915808077,-0.4266609387158767,0.11889673794152,2.577696832543275,0,1,0.10639518415389632
21.300000000000047,2.109638136988751,-0.42596091849796075,0.11891911061393792,2.4578609174487074,0,1,0.17094846101323102
21.320000000000043,2.1127036681860965,-0.4240609687972748,0.11822930795989087,2.4310544616135754,0,1,0.18202016985500677
21.34000000000004,2.1158888011345174,-0.42122505506408164,0.11697783939724803,2.1924795801237678,0,1,0.20723248501997682
21.360000000000035,2.119213249682699,-0.4179182090321388,0.11558794682252509,1.4115633037957966,0,1,0.26969274506063723
21.38000000000003,2.1224927177968773,-0.41457238503795424,0.11386236975176621,1.5685454878698293,1,1,0.1916293474695895
21.400000000000027,2.125684980005575,-0.4125345228495143,0.11514114709327479,2.015670809549909,1,0,0.17338725315038256
21.420000000000023,2.1287157927599805,-0.411965808814605,0.11684965592246091,2.2998299232904897,1,0,0.13997115803969157
21.44000000000002,2.1315229785021788,-0.41248094217274356,0.11804133563957485,2.422739005471294,1,0,0.13673786911050012
21.460000000000015,2.13359008819646,-0.4139254508812278,0.11888393538843595,2.2898559138222967,1,0,0.13990977553317344
21.48000000000001,2.1349421514763054,-0.41636797434706896,0.11896734488762119,2.146758957485543,1,0,0.1811846764615183
21.500000000000007,2.1357463284186755,-0.4198939506081177,0.11834728170819112,2.0076088471055002,1,0,0.1736989265043604
21.520000000000003,2.136015960993471,-0.4241158138703111,0.1173306920625736,1.5765903570477393,1,0,0.15951786437898224
21.54,2.1361232833705537,-0.4287077023244468,0.11614744449899121,0.3998600211791674,1,0,0.24656960904279762
21.559999999999995,2.136169686859265,-0.4332088513371604,0.11447803711643442,1.5667249783245025,1,1,0.17400806735268814
21.57999999999999,2.136888978561716,-0.43657824616672064,0.11582853307209239,2.2511630607383757,0,1,0.20018845743173244
21.599999999999987,2.138353649456754,-0.43883434739300087,0.11746360245439239,2.6403595395503014,0,1,0.20169620070312902
21.619999999999983,2.1402923210841767,-0.44020893164576474,0.11851169090136775,2.7498066301707462,0,1,0.10679523492265611
21.63999999999998,2.142778328330361,-0.440715615837257,0.11891629704430194,2.6406661607443396,0,1,0.10641224384241563
21.659999999999975,2.145573274219926,-0.44001450122357105,0.11896177212746942,2.480066402396847,0,1,0.15929439014657065
21.67999999999997,2.1485853041488916,-0.4380931040366169,0.1183280217944124,2.4257163445125327,0,1,0.18719744597308124
21.699999999999967,2.151693927763218,-0.4352141681339241,0.11707728014009941,2.1972399878322904,0,1,0.19763029898595647
21.719999999999963,2.1549235954265424,-0.43183800363318997,0.11568021355900679,1.4266041395600277,0,1,0.26610795340967
21.73999999999996,2.1580976438842785,-0.4283511293430642,0.11352649617994326,1.6131297082400409,1,1,0.19547008924969886
21.759999999999955,2.161240426154472,-0.42598521031109976,0.11456882955648832,2.2697570316389566,1,0,0.18076040624601405
21.77999999999995,2.1642593626316393,-0.42517254124901677,0.11665198724410714,2.6016111282280527,1,0,0.126488848278203
21.799999999999947,2.1670780508875964,-0.4254159467506264,0.11815226297895032,2.7935237069510532,1,0,0.13252012171425992
21.819999999999943,2.1691607361718397,-0.4264815395179308,0.11920233155151976,2.6983889283035025,1,0,0.13947047465089618
21.83999999999994,2.17043504607873,-0.4284130091689206,0.11936887340450582,2.5990655523811195,1,0,0.1849866057489063
21.859999999999935,2.1711953001720485,-0.43149081972915326,0.11896812941318073,2.5064205572303315,1,0,0.17914254758366702
21.87999999999993,2.1715057086848266,-0.43551237319172625,0.11801075090686079,2.1752649911857302,1,0,0.1755938430281524
21.899999999999928,2.17146861347005,-0.4400255934127915,0.11684874048470445,1.2530893287542058,1,0,0.2373554181077361
21.919999999999924,2.17131202570279,-0.4445684555840268,0.11494449004910588,0.8143621181723861,1,1,0.20945460511797429
21.93999999999992,2.171639075339403,-0.44826202900666484,0.11548850999037008,1.795516800844185,0,1,0.1577583552112271
21.959999999999916,2.1728653987497517,-0.45075611867167903,0.11713877883256386,2.2681936675191423,0,1,0.2195019318351644
21.97999999999991,2.1746422160929644,-0.45234386495897344,0.11831427063264816,2.467951031357717,0,1,0.12717411837478065
21.999999999999908,2.1769910405722013,-0.45309801133646754,0.11881097287978482,2.4381147423287413,0,1,0.09888879407681919
22.019999999999904,2.179785885221981,-0.45275510478688424,0.11888830730274819,2.298276279816163,0,1,0.1398150161234599
22.0399999999999,2.1828365854863496,-0.45113798332300814,0.11837676128672689,2.2460641227791482,0,1,0.19145133854239485
22.059999999999896,2.1860073469874033,-0.44849608589420586,0.11720976723175176,2.0833864401939355,0,1,0.18454592249350077
22.07999999999989,2.189271122520005,-0.4452430282709416,0.11582471530234574,1.4531563642330758,0,1,0.26603215083176396
22.099999999999888,2.1925276300053427,-0.44185409098194,0.11382366052723825,1.4179915058854744,1,1,0.22089336024272413
22.119999999999884,2.1956941350089916,-0.43952519607512724,0.11462872240367218,1.9819820666487575,1,0,0.17913820593349966
22.13999999999988,2.198727818668446,-0.43878615698042905,0.11642082919726877,2.2564561817451576,1,0,0.14248678311996188
22.159999999999876,2.201557172222878,-0.43917566749543785,0.11771679952890146,2.4140622915513092,1,0,0.13970592749304728
22.179999999999872,2.2038185142254165,-0.4405130746666601,0.11862801160010636,2.292136723518834,1,0,0.13021873489035993
22.199999999999868,2.205215490464471,-0.44279272842667483,0.1188485924849344,2.1480682197377154,1,0,0.18321292778189285
22.219999999999864,2.2059687470630522,-0.4460938843557325,0.11836872870675563,2.0524492841204687,1,0,0.18047273300948663
22.23999999999986,2.206170297607052,-0.45013139950590847,0.1173919232889142,1.7214901163632024,1,0,0.17086113811500642
22.259999999999856,2.206152542458288,-0.4545684328488821,0.11624437309356381,0.7554914655502427,1,0,0.24701614927742388
22.279999999999852,2.2060225790929846,-0.45904608217587123,0.11422429972654864,1.4382788274154243,1,1,0.20280819276021922
22.299999999999848,2.2064872084623435,-0.4626498357788387,0.11518209438242073,2.34769213130415,0,1,0.15872982409774955
22.319999999999844,2.2078291074551912,-0.46509630703635213,0.11710001073273671,2.786224682813144,0,1,0.212426639524016
22.33999999999984,2.2097016226360866,-0.4666880694341344,0.11842879389468881,2.9697703481833995,0,1,0.11702690385712289
22.359999999999836,2.212122499520724,-0.46747063824823815,0.11904665999709459,2.9195537756026075,0,1,0.09742124177446684
22.379999999999832,2.214804205239406,-0.46707659014239317,0.11923776063094566,2.7894306383762606,0,1,0.14584090204909633
22.399999999999828,2.217721275771087,-0.46546403937997494,0.11867398525185038,2.7598890119821413,0,1,0.18247646556761973
22.419999999999824,2.2208445458969,-0.4628396384621866,0.11754423899056929,2.572740125493317,0,1,0.19489293854663467
22.43999999999982,2.2240875174651005,-0.4595722071063257,0.11613281604699484,1.882185304151986,0,1,0.2610131320427247
22.459999999999816,2.227332680891863,-0.4561541240239894,0.11419312928527074,1.285031189532083,1,1,0.21858456263699097
22.479999999999812,2.23051995510736,-0.4535948854558178,0.11470437457271235,1.7541117916031579,1,0,0.1770700324185722
22.499999999999808,2.2335683614431483,-0.4526842915942764,0.11640488223213824,2.014167304619514,1,0,0.14245751371377163
22.519999999999804,2.2363999357707183,-0.4529379113522715,0.11767808371235645,2.1851034473782405,1,0,0.14110166901575372
22.5399999999998,2.2386444768520053,-0.4541518657590297,0.11858791282494695,2.0987918036936475,1,0,0.12853950252719573
22.559999999999796,2.2400002306328344,-0.45630393668203717,0.11880541519015195,1.9990810853985885,1,0,0.182944055608377
22.579999999999792,2.2406441464215643,-0.45940770990193014,0.11829433256633111,1.9515046194604422,1,0,0.18457498777489684
22.59999999999979,2.2407414834334505,-0.46324300757220865,0.11735210631316259,1.6673029242335877,1,0,0.17926136536272524
22.619999999999784,2.240820528324709,-0.46757435719554535,0.1163485531166509,0.782434365822348,1,0,0.23569352869674043
22.63999999999978,2.240773141568817,-0.47194562051279293,0.11446792057361425,1.3912065855427769,1,1,0.21010511825970565
22.659999999999776,2.2413056006445244,-0.4754951517170068,0.1153089364152692,2.261573016126679,0,1,0.1651348585822774
22.679999999999772,2.2427455816869024,-0.4779295786777146,0.11705509011687622,2.661447111326106,0,1,0.2178943028498757
22.69999999999977,2.2447534206116875,-0.4795048922051336,0.11825112298043622,2.805247736934007,0,1,0.12069611165480054
22.719999999999764,2.2472805283085093,-0.4801937567698875,0.11883330416295015,2.720220816465825,0,1,0.10118033017842988
22.73999999999976,2.2500661996880926,-0.47965570895748594,0.11894994958375425,2.613095087326178,0,1,0.16262107094992184
22.759999999999756,2.2531429016967683,-0.4779440370113729,0.11833965738055394,2.5677231508894844,0,1,0.17989370489552792
22.779999999999752,2.25638718307207,-0.47528718830622585,0.11714658135025988,2.3137934581544775,0,1,0.19339401172585802
22.79999999999975,2.2597810601220365,-0.4721175455939491,0.1158103327768625,1.528448842219084,0,1,0.2629476213104034
22.819999999999744,2.263129580704769,-0.4688312718062048,0.1137249962609292,1.5075633877710337,1,1,0.20363743528684217
22.83999999999974,2.266347282066178,-0.4666187267617049,0.11465602773607447,2.1216058036665304,1,0,0.18165658572328733
22.859999999999737,2.269363017610937,-0.46596462978998443,0.11659702141527435,2.436610780980794,1,0,0.13460029318441946
22.879999999999733,2.27211848561951,-0.4663873953753848,0.11800797501113078,2.615016546485968,1,0,0.1365604716392159
22.89999999999973,2.2741135005485504,-0.46766376293742895,0.11902742507243161,2.5191576290057336,1,0,0.13922555009665877
22.919999999999725,2.2753096187076483,-0.4698193640539432,0.11918751469844288,2.407882234129717,1,0,0.18521289124829682
22.93999999999972,2.2759564467982534,-0.4730965147831533,0.11870228428423307,2.2971120157937235,1,0,0.17920865099907018
22.959999999999717,2.2760671866097106,-0.4772189015136671,0.11769111492795338,1.9424620027938924,1,0,0.16558644342467005
22.979999999999713,2.2758721606558137,-0.48176690406388567,0.1165300442292003,0.9530955295846905,1,0,0.24430067783668769
22.99999999999971,2.275558839985052,-0.48633251156722374,0.11453501029704408,1.153410986736087,1,1,0.20270342962857413
23.019999999999705,2.275812541360833,-0.49002966314071456,0.11538403275437631,2.102790060234323,0,1,0.1575822153700757
23.0399999999997,2.2769642655169693,-0.4925818688281008,0.11719635743510033,2.578412072141034,0,1,0.21351041584765143
23.059999999999697,2.2786712633905193,-0.4942682640043901,0.11846966945930959,2.7898640027092374,0,1,0.1200642311392055
23.079999999999693,2.2809580591632272,-0.4951653426363168,0.11904730622749322,2.760268016564221,0,1,0.09602850473736341
23.09999999999969,2.2836738981202234,-0.4949789021147865,0.11916969601104163,2.624033475979808,0,1,0.14106444590437006
23.119999999999685,2.2866704235634754,-0.4935381105518707,0.1186830768238922,2.585380990617959,0,1,0.18735934476898725
23.13999999999968,2.2898852134292516,-0.49107276620115337,0.11758403138574476,2.4311225224658912,0,1,0.19168980694549945
23.159999999999677,2.2932346109673207,-0.4879476465282049,0.11618123289176206,1.7999046479899528,0,1,0.2600177131798816
23.179999999999673,2.2965968736092273,-0.4846648163014521,0.11427163592195333,1.218086400751712,0,1,0.22513161259364553
23.19999999999967,2.2998189912268208,-0.48199033924658713,0.11407782444038012,2.0774906054963074,1,0,0.1696564974730021
23.219999999999665,2.302886358167506,-0.4810691437370466,0.11610033582265934,2.4311802954669597,1,0,0.13601896799825722
23.23999999999966,2.3057080690887592,-0.48128406611834673,0.11771949472507118,2.65415541679566,1,0,0.13611378767292076
23.259999999999657,2.307916613731139,-0.4823750838347998,0.11890302013162973,2.5983624572189545,1,0,0.13008472171895016
23.279999999999653,2.3092115698550866,-0.48425951565570574,0.11928006514311477,2.5058057925858037,1,0,0.18109600482697147
23.29999999999965,2.3097682769724126,-0.4871300392585148,0.11890275092740635,2.46943374708562,1,0,0.18112650269716843
23.319999999999645,2.3097023211909553,-0.4908050060102869,0.11796602949999582,2.2591720591813393,1,0,0.18409184301006387
23.33999999999964,2.309250481848267,-0.49498197391899545,0.11683456179314984,1.5250545468726955,1,0,0.22060697889114442
23.359999999999637,2.3087069882421494,-0.4992259528059748,0.11508283324135855,0.9050407199161264,1,0,0.2282734891067478
23.379999999999633,2.3084874660791423,-0.5029922718767634,0.11492002075685057,2.092501222775944,0,1,0.1603218196269067
23.39999999999963,2.3094058406473263,-0.5056300994543231,0.11683817687677958,2.5983414168082803,0,1,0.2155148994025919
23.419999999999625,2.310970334808164,-0.5074339286106522,0.11829574378135577,2.861485626566919,0,1,0.1279983656199702
23.43999999999962,2.3130828154803162,-0.5084417344849416,0.11906426387467431,2.8895661589234747,0,1,0.09023731568565063
23.459999999999617,2.3154567783396387,-0.5082866223825787,0.11932631062055091,2.8514520799153824,0,1,0.14611000445487646
23.479999999999613,2.3182539154277695,-0.5069960655079779,0.11885927309157639,2.85974178675473,0,1,0.18260054335791515
23.49999999999961,2.321423325417696,-0.5046884566516632,0.11780899704051938,2.710348524721061,0,1,0.1903314402351069
23.519999999999605,2.324737926408674,-0.5017159011861846,0.1164665119685133,2.102602450375138,0,1,0.2464106153896698
23.5399999999996,2.3281023593564014,-0.49855320306897805,0.11468193897632628,1.2256798478794781,0,1,0.22408534803307215
23.559999999999597,2.331296968520836,-0.495924285320005,0.11436345785290791,1.7534419440707403,1,0,0.1675890032911735
23.579999999999593,2.3342724405143045,-0.49503594801221346,0.11610773397666646,2.0149993331714193,1,0,0.15063029320540294
23.59999999999959,2.3369570518795975,-0.49533077348574794,0.11752076728740594,2.197340836901917,1,0,0.14402534716484844
23.619999999999585,2.3391671012854554,-0.4966128552611065,0.11850111743713423,2.1505654568155927,1,0,0.1154488316080462
23.63999999999958,2.34051413683611,-0.49880926719953733,0.11893005717130561,2.005231896614187,1,0,0.16991479795657227
23.659999999999577,2.3411096642175258,-0.5019491212495665,0.11855684959665319,1.9295977738972008,1,0,0.1793580222874081
23.679999999999573,2.341020591394658,-0.5057743900106865,0.11755797689148889,1.709509737858613,1,0,0.17003177925704877
23.69999999999957,2.3408420072826215,-0.5101496640321677,0.11653576463854524,0.9160361828372735,1,0,0.2258094899138104
23.719999999999565,2.340688870768066,-0.5145961502893398,0.11484830232402307,1.0748526170942172,1,1,0.22926815317865287
23.73999999999956,2.341042403531448,-0.5182825133720279,0.11540407278172252,2.0404552318497062,0,1,0.17676431255089903
23.759999999999557,2.342391018296038,-0.5209119735970713,0.11697593573774066,2.475980357467391,0,1,0.22962488981051593
23.779999999999553,2.3444027177725473,-0.5227124864403636,0.11806511020754946,2.63649280381326,0,1,0.13486195560630285
23.79999999999955,2.3470139755367243,-0.5236452200674201,0.11858289595839111,2.5603504806731605,0,1,0.09908046567157512
23.819999999999546,2.349957953807001,-0.5233448994444342,0.11866804369760878,2.4528488542616294,0,1,0.15935406513154457
23.83999999999954,2.353201059915842,-0.5218544357459051,0.11808234131127295,2.434646936980726,0,1,0.18544060998990042
23.859999999999538,2.356705438644319,-0.519407480547216,0.11689776514794117,2.215781602016879,0,1,0.19833152798186182
23.879999999999534,2.36040917678047,-0.5164463487918847,0.11561567770248994,1.5098177706735798,0,1,0.275583214848594
23.89999999999953,2.3640675419627666,-0.5133813013610029,0.11351104024815747,1.778233194124567,1,1,0.21110308937410108
23.919999999999526,2.367551342231759,-0.5114250987807732,0.11453417319601725,2.4320510175003105,1,0,0.18557398342353823
23.93999999999952,2.3707449673398275,-0.5110096604732359,0.11659370192493605,2.7672797679102787,1,0,0.13396979176966284
23.959999999999518,2.3735641804778855,-0.5116119278630785,0.1181692257072056,2.93461076410185,1,0,0.12843432654633302
23.979999999999514,2.3755023994456788,-0.5129579423119823,0.11926089808980167,2.8683028897313516,1,0,0.1564509652298212
23.99999999999951,2.3765749968419136,-0.5150543863305796,0.11939269497512132,2.786780962869761,1,0,0.18652591841523058
24.019999999999506,2.3769680710600114,-0.5181763667338817,0.11890454935090768,2.688621747919025,1,0,0.18174475997342743
24.0399999999995,2.3767670788347424,-0.5221088370598166,0.11796499294713786,2.336010498165043,1,0,0.17869302690150163
24.059999999999498,2.3761901680100563,-0.5264578871601184,0.11680690595974137,1.4086128497746633,1,0,0.2413181376805993
24.079999999999494,2.3754892181865417,-0.5308411771619979,0.11486085931078265,0.9043983806675162,1,1,0.21238638300083237
24.09999999999949,2.375413152806287,-0.5344694382323546,0.11542784710517894,1.7940184274233135,0,1,0.15952874063879438
24.119999999999486,2.3763832320500953,-0.5370220916292523,0.11706962668167087,2.23536397189246,0,1,0.21926624969215036
24.139999999999482,2.378012544128569,-0.5387397719591753,0.11822210373132895,2.4303107998020317,0,1,0.12460827105080213
24.159999999999478,2.380315114901381,-0.5396755306490247,0.11870209251886753,2.4098628368106896,0,1,0.10115494281870709
24.179999999999474,2.383084002442093,-0.5394685735723984,0.11879619449988978,2.3125312428794573,0,1,0.14961777168566756
24.19999999999947,2.386243106429034,-0.5380698707552389,0.1182133944215457,2.2996992734429877,0,1,0.18979989027375724
24.219999999999466,2.3896348092437294,-0.5357116828641233,0.1170345472643188,2.1231507467335877,0,1,0.189359178812192
24.239999999999462,2.3932249521434175,-0.53284778940976,0.115716427962376,1.470583429337627,0,1,0.26460456457201753
24.259999999999458,2.396804252193675,-0.5298763037789782,0.11365313294982612,1.6845629039584602,1,1,0.20873727796011665
24.279999999999454,2.4002007396777962,-0.5279873901703339,0.11460432880713917,2.2730549340333646,1,0,0.18294030108913
24.29999999999945,2.4032948783946617,-0.5276447561979658,0.1165477577695684,2.5568523815626985,1,0,0.13661020268174126
24.319999999999446,2.4060538912236207,-0.5283593889893674,0.11795835239861387,2.70974681549188,1,0,0.13578464497995724
24.339999999999442,2.407989038098839,-0.529855993941104,0.1189588175696935,2.5955322347133736,1,0,0.14084467872908107
24.359999999999438,2.409007956614959,-0.5321416165397186,0.1190950026216148,2.4845814739593814,1,0,0.1869737472789889
24.379999999999434,2.409354582033754,-0.5354728540475798,0.11860385877678065,2.3763425616956892,1,0,0.1794985920212273
24.39999999999943,2.4090756172166197,-0.5395193774785122,0.11763040233396783,2.016688971186641,1,0,0.17165564422498386
24.419999999999426,2.408465642824409,-0.5439209631463788,0.11642959807167222,1.0322271150645321,1,0,0.2480870545640504
24.439999999999422,2.4077281867896345,-0.5483525282096552,0.11442649088811138,1.207989720712764,1,1,0.20304803814911934
24.459999999999418,2.407657775239277,-0.5520017178775398,0.11531860418810654,2.124148261476342,0,1,0.15795613145504506
24.479999999999414,2.4085978573230515,-0.554597657240678,0.11717110927508854,2.583276338035627,0,1,0.2136149623354155
24.49999999999941,2.4101682131400817,-0.5563842675928516,0.11846505944732803,2.790160392076818,0,1,0.11883509131785908
24.519999999999406,2.412387437892662,-0.5574342957900694,0.11904692129222412,2.7641137372755726,0,1,0.09735412432845034
24.539999999999402,2.415128591201984,-0.5574370696469042,0.11916788845172165,2.6381272382394982,0,1,0.1425783093235931
24.5599999999994,2.418254698763226,-0.556212682744766,0.118673638836626,2.6041992521051496,0,1,0.18673715508955196
24.579999999999394,2.4216915623683737,-0.5539827503067742,0.11752660065924767,2.441835188716178,0,1,0.18678093311241853
24.59999999999939,2.425327894061141,-0.5510871789587158,0.11611799932297859,1.7932003122454663,0,1,0.26152545240095737
24.619999999999386,2.428981792142184,-0.5480454188452792,0.1141857361322964,1.3177787664410427,1,1,0.22045414620623854
24.639999999999382,2.4324577281001294,-0.5458992144198785,0.11471066905306702,1.8401715005959909,1,0,0.17873967320184891
24.65999999999938,2.4356273151952803,-0.5453780985311011,0.11641118899578508,2.1138977026937287,1,0,0.14267418867207296
24.679999999999374,2.4384576929456996,-0.5459841185897023,0.1176854435559092,2.278670962641947,1,0,0.13847372535336896
24.69999999999937,2.4404450732885015,-0.5474227013267711,0.11865697813392935,2.191643641360224,1,0,0.13946039877366323
24.719999999999366,2.441550027747135,-0.5497237125932507,0.11883908698487376,2.0992966974650686,1,0,0.18849386756234218
24.739999999999363,2.4419233093173363,-0.5529812231778365,0.11832432826798553,2.0166514374188984,1,0,0.1859972847870358
24.75999999999936,2.4416437459276836,-0.5569225067039137,0.11730758568675739,1.7039472805634666,1,0,0.17448106062696464
24.779999999999355,2.4410739512745727,-0.5612570545664805,0.11616529323929702,0.8168295006969458,1,0,0.24230106851720812
24.79999999999935,2.4403988661637377,-0.5656274604283699,0.11420556255957685,1.4743679469302124,1,1,0.20681478538494436
24.819999999999347,2.4404343697207205,-0.5692151474711621,0.11515757369217032,2.3606296369984885,0,1,0.16109477386274693
24.839999999999343,2.441488477639063,-0.5717719378229987,0.11705148876962165,2.7796075215061666,0,1,0.21496490061396764
24.85999999999934,2.4431799602905113,-0.5735442960616746,0.11835266779105542,2.9471844378649723,0,1,0.11860461765182762
24.879999999999335,2.445485957873904,-0.5745350780633219,0.11898701663854531,2.8825049299413608,0,1,0.09844132333612311
24.89999999999933,2.4481798360023923,-0.5743429759754635,0.11918192706717169,2.7731654090646014,0,1,0.15653111842717826
24.919999999999327,2.451370754395821,-0.5730632862548112,0.11859879515224693,2.706052938755478,0,1,0.17438344468451264
24.939999999999323,2.4548906071550927,-0.5708245643960812,0.11737849984589915,2.4459707290617705,0,1,0.18546113130625974
24.95999999999932,2.4586076621610387,-0.5680123421710053,0.11601326747146565,1.6490607661724566,0,1,0.2631739688073466
24.979999999999315,2.4623139696540037,-0.5650613980231461,0.11400089746641676,1.2382989321344267,1,1,0.2121823879466933
24.99999999999931,2.4657613091390056,-0.5630683762121649,0.11469789083746144,1.8099610289105812,1,0,0.1791312556223793
25.019999999999307,2.4688292708339263,-0.5626546775434444,0.11647734207796119,2.109993404253922,1,0,0.14057399636974496
25.039999999999303,2.4715231576461485,-0.56333339185156,0.11777620068572153,2.295482174020216,1,0,0.13960614632333912
25.0599999999993,2.473517595406051,-0.564877122677442,0.11868621673212627,2.2045901360177846,1,0,0.12841620584443664
25.079999999999295,2.474565183416022,-0.5672578926946702,0.11892413762417373,2.0778746960598333,1,0,0.18059561716693004
25.09999999999929,2.474840098837242,-0.5705584169315927,0.11844084800439178,1.9959495574857438,1,0,0.18093669621267516
25.119999999999287,2.4744417111220627,-0.5744979027693035,0.11740995277167558,1.696197957533408,1,0,0.17080428816503868
25.139999999999283,2.4737361695487423,-0.5788216437974585,0.11628286060034411,0.7792303627194116,1,0,0.24368208676385425
25.15999999999928,2.4729444444346678,-0.5832053234699479,0.11430781710306104,1.4289429732667196,1,1,0.2031488927109069
25.179999999999275,2.4728713854981605,-0.5868160819396057,0.11522933846142851,2.3264181620997384,0,1,0.16067396660722
25.19999999999927,2.47383613749694,-0.5894090168338025,0.11710425452191552,2.756370329483229,0,1,0.2140466874747235
25.219999999999267,2.4754490836749694,-0.5912211483911368,0.11839962802938464,2.931335890953784,0,1,0.11796967932056143
25.239999999999263,2.4777180697058983,-0.5922992602239135,0.11899608697126246,2.873067999027887,0,1,0.09800182461914181
25.25999999999926,2.4804056004168054,-0.5922517103068288,0.11912011151354442,2.745780673269715,0,1,0.1471904331701025
25.279999999999255,2.483549297934134,-0.5910287829356341,0.11856927122615332,2.7169292473476356,0,1,0.18336435299227477
25.29999999999925,2.4870563361651365,-0.5888342573794532,0.11739559230303907,2.5251362083690343,0,1,0.19211283653435393
25.319999999999247,2.490797887583746,-0.5860511923117653,0.11605930913366201,1.814539850483805,0,1,0.26251605973605524
25.339999999999243,2.494532177501856,-0.5831252956569206,0.11409356898954513,1.3492406642542305,1,1,0.21539798298910254
25.35999999999924,2.498062718781426,-0.581100245787701,0.11468649424163514,1.8714287618820267,1,0,0.17943118078944742
25.379999999999235,2.50122511408173,-0.5806856239041744,0.11644556681880895,2.1470783334488606,1,0,0.14103930890864377
25.39999999999923,2.50400071160437,-0.5813742501896384,0.11775869256806311,2.3166219298493114,1,0,0.137181700686385
25.419999999999227,2.505902451991344,-0.5828540622189455,0.11874974733197818,2.237665557591202,1,0,0.13994330422776902
25.439999999999223,2.5068712290718214,-0.5851306669786577,0.11890326855282221,2.1617587311357043,1,0,0.18774501636611313
25.45999999999922,2.50706967243125,-0.5883354526909793,0.11838342096804638,2.0916272924801667,1,0,0.18582973778433076
25.479999999999215,2.5065910580054314,-0.5921957315067038,0.11736421336423758,1.7873557764021706,1,0,0.17566038863814348
25.49999999999921,2.505802084701575,-0.5964452704728312,0.11623995183957836,0.9132168012477199,1,0,0.24326597859703994
25.519999999999207,2.5049139784070196,-0.6007345438922702,0.11428087227689736,1.4381079193697754,1,1,0.20643204906592041
25.539999999999203,2.5047763675514036,-0.6042826075721716,0.11520604007022933,2.3031531424151157,0,1,0.1615831488890845
25.5599999999992,2.5057091508174802,-0.6068480973869796,0.11706546931885492,2.7112998947974236,0,1,0.21562492004987524
25.579999999999195,2.5073162742942485,-0.6086548982401656,0.11834265984935739,2.8700893547801285,0,1,0.11836005836226288
25.59999999999919,2.509601748643684,-0.6097282108492126,0.11892062934130854,2.8040655122262947,0,1,0.10016834923242313
25.619999999999187,2.5123851491767653,-0.6096943091438145,0.11906060896414132,2.6721594600950134,0,1,0.1505178916984272
25.639999999999183,2.5156332687147853,-0.6085116127638721,0.11849674123097322,2.6197039390480965,0,1,0.18028404167903553
25.65999999999918,2.519192988058291,-0.6063897555046257,0.11731266392180005,2.3935069332602863,0,1,0.1891762825825164
25.679999999999175,2.5229723810915234,-0.603724407740557,0.11596082038227139,1.6457012773297164,0,1,0.26012585594307597
25.69999999999917,2.5267473684845863,-0.6009245723022527,0.1139312497983019,1.396892659401157,1,1,0.20861653167449323
25.719999999999168,2.530246291020492,-0.5991457785087186,0.11474279076253491,1.9518163132717279,1,0,0.180148810044629
25.739999999999164,2.533339947930292,-0.5989068544595851,0.11654946308380573,2.2379103964043274,1,0,0.13826451928537095
25.75999999999916,2.5360194754424468,-0.5997323856647498,0.11786375112140751,2.4068045956176585,1,0,0.13810900673163434
25.779999999999156,2.5378279889995627,-0.6013155885726597,0.11882053442466904,2.307935535055957,1,0,0.13811367771011462
25.79999999999915,2.5387291982583267,-0.6037088280259941,0.11898268116958569,2.1982686646087153,1,0,0.18591421416377446
25.819999999999148,2.5389177748158103,-0.6071252259000968,0.1184681365837789,2.087947443902467,1,0,0.17778602606726643
25.839999999999144,2.5384464498567345,-0.611241511736269,0.11750071114651704,1.729088200221217,1,0,0.16557106513308006
25.85999999999914,2.5376556262501784,-0.6156910471109032,0.11632505734355685,0.7317653834002968,1,0,0.24693862415656234
25.879999999999136,2.536730704835367,-0.6201434341925088,0.11426765652844435,1.4387862084355936,1,1,0.19805100459351865
25.89999999999913,2.5365099378400915,-0.6237985603709537,0.11522219648533014,2.358124976616255,0,1,0.15754595776543034
25.919999999999128,2.5373384658628813,-0.6264383316407535,0.11715711488705231,2.814744544571521,0,1,0.21089746404141604
25.939999999999124,2.5388269113331186,-0.6283210138870847,0.118504279643706,3.0200810827250164,0,1,0.11666782307363918
25.95999999999912,2.540979415161273,-0.6295054342817655,0.11914328515378889,2.9845816411647434,0,1,0.09531017353400283
25.979999999999116,2.5435792137832665,-0.6295985993686458,0.11934139562333199,2.8539362200814895,0,1,0.14263756173554382
25.999999999999112,2.546633753659611,-0.6285465661880202,0.11880833389971902,2.822318890200753,0,1,0.18410100475076024
26.019999999999108,2.55015175990171,-0.6265131662893638,0.11768802921802513,2.6507096542622626,0,1,0.1924105534162362
26.039999999999104,2.5538974182716516,-0.6238244073842475,0.11627899891536317,1.9961150734707238,0,1,0.2609696301966512
26.0599999999991,2.5576675776069,-0.6209744852447114,0.11438167291239806,1.2082415305639707,0,1,0.2249538914449075
26.079999999999096,2.56121476417921,-0.6186998303378362,0.1141555457193551,1.9499979870486819,1,0,0.16923573405419257
26.099999999999092,2.5643714238676862,-0.6181436328243136,0.11611442660666968,2.2937447406619085,1,0,0.13796354183949847
26.119999999999088,2.5671432321900234,-0.6186977473239825,0.11767176022497684,2.52409192244265,1,0,0.136798762114424
26.139999999999084,2.569204127524323,-0.6200465023801369,0.11882435507969379,2.4712989383709068,1,0,0.12511236168350126
26.15999999999908,2.5702305707561206,-0.6220656091605337,0.11919653362767016,2.3877927117275926,1,0,0.18137916447851485
26.179999999999076,2.5703843194879474,-0.6249730732255645,0.11881469283999889,2.3620203986106576,1,0,0.18097060466804663
26.199999999999072,2.5698038762170197,-0.6285852301659312,0.11789366469052251,2.1600903266318636,1,0,0.1832237825587609
26.219999999999068,2.568760483967016,-0.6325906446975815,0.1167206309037174,1.4576979179869458,1,0,0.22247002787197917
26.239999999999064,2.5676178479516416,-0.6366475285145669,0.11494573460467011,1.00023377998628,1,1,0.22777617550306162
26.25999999999906,2.5672018690570986,-0.6401059908867025,0.1154022221778427,1.7796386646273485,0,1,0.16666440849796715
26.279999999999056,2.567992041445856,-0.6426620241601972,0.11692221931364513,2.1415360117886273,0,1,0.229226447834277
26.299999999999052,2.5695707647921173,-0.6444747636623421,0.1179726483619795,2.2615013311268433,0,1,0.13165124548698903
26.319999999999048,2.571842624698752,-0.6454565754917443,0.11845347891330685,2.1876968244477966,0,1,0.10822484906214053
26.339999999999044,2.5746740882876833,-0.6452672159334341,0.11843006295763459,2.118351696883411,0,1,0.16773806525971835
26.35999999999904,2.578167898047596,-0.6440242831908722,0.11765561743935823,2.0508645114046398,0,1,0.17254082658530046
26.379999999999036,2.582060085900471,-0.6419400089985123,0.11656763065110673,1.7118123172093564,0,1,0.20011904467345468
26.399999999999032,2.5862357563402507,-0.6395687773873827,0.11524609599719791,0.9505976835506437,0,1,0.2674985282449329
26.41999999999903,2.5903788494687108,-0.6372506056799663,0.11360230772429544,1.8818275439559946,1,1,0.18332651577641593
26.439999999999024,2.5940289271248522,-0.6362222118919134,0.1151346105114289,2.43240761255472,1,0,0.18258544720191053
26.45999999999902,2.597190552546557,-0.6365182775764121,0.11695302578741583,2.7907809193460618,1,0,0.1335330207846734
26.479999999999016,2.5999229364565504,-0.6377596475594856,0.11819239111545315,2.9335696305122214,1,0,0.13122092570935828
26.499999999999012,2.601751504906663,-0.6396955544461626,0.11909275976532807,2.7756819595478803,1,0,0.14618501425968589
26.51999999999901,2.602574649546298,-0.6423126550160152,0.11915333543563819,2.6296252363915245,1,0,0.191167246836284
26.539999999999004,2.6025271029987205,-0.6457437713674402,0.11856724322291609,2.517912386068104,1,0,0.18638869829171914
26.559999999999,2.6017727988009582,-0.6497612994034327,0.11748991979248044,2.1346050109437806,1,0,0.17508469981592822
26.579999999998996,2.6006948535706487,-0.6541024526785478,0.11629221660765117,1.0829727219347123,1,0,0.25468258709903563
26.599999999998992,2.5995305458101257,-0.6583699929374269,0.11460168622041911,1.3095380745099499,1,1,0.19150295724396796
26.61999999999899,2.5994158379132113,-0.6618713385433935,0.11577174225657325,1.9738476538200544,0,1,0.19879275429167356
26.639999999998984,2.6003805358179988,-0.6644962757319578,0.11733289195892756,2.3624243339989923,0,1,0.20717198300392112
26.65999999999898,2.602081836546266,-0.6663931421930157,0.11831172009997537,2.516930824550128,0,1,0.11056156330111494
26.679999999998977,2.60435928023942,-0.6673393056332235,0.118851634597785,2.461308672812946,0,1,0.10978571069165283
26.699999999998973,2.60717441848439,-0.6671509588982041,0.1187614502605607,2.4553614185320467,0,1,0.18121279507363316
26.71999999999897,2.610518645325276,-0.6658919232247329,0.117980636266547,2.4625487136657833,0,1,0.1826584015032201
26.739999999998965,2.6142037099432627,-0.6638076655141513,0.1167501987008208,2.188643874875886,0,1,0.22373284730738802
26.75999999999896,2.618119122081385,-0.6613813005940639,0.1153583368398284,1.4290583294105248,0,1,0.26767046400747696
26.779999999998957,2.6219755877736493,-0.6589459060964371,0.11368546476895194,1.9288700457232444,1,1,0.1745531803960777
26.799999999998953,2.6254201809120086,-0.6578613023859324,0.11521382547862367,2.3775926261265976,1,0,0.17994421649016565
26.81999999999895,2.6283790322769347,-0.658101104596173,0.11703629429890816,2.6655643847064687,1,0,0.13834132754300849
26.839999999998945,2.6308775399279365,-0.6592797958687246,0.11828097251114067,2.765005593793352,1,0,0.13178623947499313
26.85999999999894,2.6324495213081907,-0.6611543995809204,0.11911731286703166,2.615774865821362,1,0,0.14059859404157693
26.879999999998937,2.633029542488971,-0.6637521056484665,0.11913192669732128,2.4852276240414852,1,0,0.18149486417386174
26.899999999998933,2.6328252063163515,-0.6672776997290238,0.11852343652812942,2.3479538813352865,1,0,0.1769625366850488
26.91999999999893,2.6319440682636395,-0.6713725712879424,0.1174506360743644,1.9111847964299182,1,0,0.1604924505354307
26.939999999998925,2.6307785464435782,-0.6757173283103107,0.11618472346720124,0.7580447180610068,1,0,0.24669194646573328
26.95999999999892,2.629530921637392,-0.6799627438317122,0.11451408782818494,1.45013248517433,1,1,0.17062357095568703
26.979999999998917,2.6293335418360493,-0.6833828615130426,0.11587892939332133,2.14495861245931,0,1,0.20040339647905922
26.999999999998913,2.6301790547877926,-0.6859477738009272,0.11751595703684742,2.5555852055985384,0,1,0.19662212724155015
27.01999999999891,2.6317307816986526,-0.6878074671693862,0.11854297080141266,2.7028775609768605,0,1,0.10474130844357132
27.039999999998905,2.6339480061807534,-0.6888541180002266,0.11904753569301488,2.6271647061994265,0,1,0.1068242328952719
27.0599999999989,2.6366341368068946,-0.6887276287190713,0.11898542051764169,2.5848622563903847,0,1,0.17387660603970068
27.079999999998897,2.6399233891754736,-0.6875384600126044,0.11826386051002993,2.5865984401389546,0,1,0.1805264021860994
27.099999999998893,2.6435511491495647,-0.6854802491169784,0.11698136737626928,2.3546191887523613,0,1,0.21304253603158232
27.11999999999889,2.647431618546905,-0.683006163137403,0.11560917024347765,1.5793532782247002,0,1,0.26668406116095167
27.139999999998885,2.651283611413283,-0.6804754242265372,0.11391888341198161,1.623426022084013,1,1,0.18924994572032441
27.15999999999888,2.6547637333698546,-0.6791775093616749,0.11518051618618107,2.028649015351284,1,0,0.17589990607044834
27.179999999998877,2.657765586409509,-0.6792750821190934,0.1168737487722476,2.2813966885896724,1,0,0.13857039900629547
27.199999999998873,2.660297638959321,-0.6803777276492673,0.1180416402242301,2.3980939095395404,1,0,0.13762028133352505
27.21999999999887,2.6619320900109287,-0.6822485177212008,0.11891763520793155,2.2581657599889606,1,0,0.13489319956191062
27.239999999998865,2.6626884395650934,-0.6849521085530788,0.11903922661153658,2.0964838359759708,1,0,0.17960613141886317
27.25999999999886,2.6626162785694407,-0.6885013326400818,0.11839906936010675,1.964824030013905,1,0,0.1714563256482281
27.279999999998857,2.661845456347617,-0.6925693640246691,0.11731207102141589,1.5590329570516692,1,0,0.15844888798272663
27.299999999998853,2.660936152951433,-0.6970297813670552,0.116147396373855,0.41869242726435346,1,0,0.2454359972503809
27.31999999999885,2.659969971962494,-0.7013994547764988,0.11453914208389639,1.5272325997302116,1,1,0.17968782967880587
27.339999999998845,2.65992345046686,-0.7048671752304123,0.11584195810211488,2.203139788645519,0,1,0.2043870828697591
27.35999999999884,2.6608868712589495,-0.707447594248984,0.11743387851101424,2.5813967091451095,0,1,0.20442838723743217
27.379999999998837,2.66253881441866,-0.7092939507013065,0.11844494253857764,2.6794538880195855,0,1,0.10704497748173752
27.399999999998833,2.664911512706382,-0.7103858920211473,0.11886748406582524,2.5559247742320834,0,1,0.10819073374961971
27.41999999999883,2.6678285885607393,-0.7103108696400678,0.11890180870498904,2.4246995643876383,0,1,0.1704554589378932
27.439999999998825,2.6712777413560755,-0.7091402938979846,0.11820959332511652,2.381582204828997,0,1,0.1794213707824115
27.45999999999882,2.6750397865054727,-0.7070841954609175,0.11693441250271884,2.131763417530907,0,1,0.21073636701307735
27.479999999998817,2.6790415414554367,-0.7046091548812587,0.11553641330751183,1.338922812297642,0,1,0.27011815688749896
27.499999999998813,2.6829949964064004,-0.702097817635331,0.11382134239535681,1.59095166496512,1,1,0.1894032526180057
27.51999999999881,2.6865404477990804,-0.7008883704651155,0.11513841109455528,2.0621348686854843,1,0,0.17615763278078936
27.539999999998805,2.689598193233996,-0.7010576041232789,0.11685578473788608,2.361387726395789,1,0,0.13628900675233502
27.5599999999988,2.6921985200807215,-0.7022192707117297,0.11804181836579278,2.4877148418271195,1,0,0.13450350662185095
27.579999999998797,2.693877441294101,-0.7041048131515102,0.11887049005074994,2.349201775629035,1,0,0.14092855714304336
27.599999999998793,2.694571211900884,-0.7067592005760744,0.1189320268322167,2.2234087320993035,1,0,0.18316593112457086
27.61999999999879,2.6944536219096915,-0.7102795329261404,0.11832921336472191,2.102372019613562,1,0,0.179434867652344
27.639999999998786,2.693640838835336,-0.7143596263198856,0.11725164908370483,1.690822810159101,1,0,0.1625108275812862
27.65999999999878,2.6925509496216664,-0.718699201418642,0.11599830037027385,0.6017722024069294,1,0,0.25027388794062433
27.679999999998778,2.691390148348524,-0.7229387637545771,0.11434491912960151,1.6165354950161266,1,1,0.17407500776214987
27.699999999998774,2.6912741393616924,-0.7263395779261681,0.11577621526773862,2.2965565533794785,0,1,0.20152920535237723
27.71999999999877,2.6921865664242364,-0.7288849827657436,0.11746521414084918,2.6907398866691943,0,1,0.19615137642555097
27.739999999998766,2.6937918557887226,-0.7307257087248689,0.11852799039847943,2.818889184711337,0,1,0.10485468257776592
27.75999999999876,2.696039746250016,-0.7317327068598489,0.11906381173969761,2.7205865716644615,0,1,0.10708055300297667
27.779999999998758,2.6987450279267216,-0.7315710086697308,0.11900653503297558,2.6582304027761126,0,1,0.17353010046713646
27.799999999998754,2.7020817966952384,-0.7303506985423606,0.11827042032863559,2.6343397198076244,0,1,0.17679110602242906
27.81999999999875,2.705786086556816,-0.728247146245128,0.11698596912342976,2.366962159026567,0,1,0.21517005287914576
27.839999999998746,2.7097308702768625,-0.725722870800681,0.11560657617072334,1.5343323372816127,0,1,0.2678576664459613
27.85999999999874,2.7136314884678656,-0.723139378600652,0.11389529477664713,1.5757894900387026,1,1,0.1860056113449977
27.879999999998738,2.717146834809304,-0.7218001876056728,0.11518829024397967,2.0123753791092005,1,0,0.17547885295895033
27.899999999998734,2.720184412466678,-0.7218617572324254,0.11690252432536469,2.3026051035460857,1,0,0.13780417266483985
27.91999999999873,2.7227593422691667,-0.7229207003062701,0.11809675965278829,2.4418402592083623,1,0,0.13737743841992753
27.939999999998726,2.7244093107782965,-0.7247054094393123,0.11895109048644842,2.3196272535327127,1,0,0.1370519086961236
27.959999999998722,2.72510860487681,-0.7272675719999222,0.11901654086804014,2.193861317869404,1,0,0.18087994125776452
27.979999999998718,2.7250295958567032,-0.7307735766021716,0.11841474636845344,2.068218051252619,1,0,0.17533505853841708
27.999999999998714,2.7242570417203287,-0.734837833972011,0.11741739418904755,1.6647602536328452,1,0,0.16296651022974784
28.01999999999871,2.7232799142516093,-0.7392616266663655,0.11625726415388826,0.5557201566592883,1,0,0.24659728847427725
28.039999999998706,2.7222608615731603,-0.7436125402089936,0.11458474995259894,1.4244429612547982,1,1,0.18244079297052512
28.059999999998702,2.722177108517066,-0.7470881269304868,0.11579686633922961,2.0990825444241845,0,1,0.20145477963684527
28.079999999998698,2.723129100233197,-0.7496675701561661,0.11736018756525614,2.471979257719415,0,1,0.20618703494631416
28.099999999998694,2.7247789752969633,-0.7515001307042739,0.11835974829364519,2.569603141216104,0,1,0.10919835949560024
28.11999999999869,2.727156645040423,-0.7525691736753949,0.1187733563752155,2.4523813648151376,0,1,0.10953700390840443
28.139999999998686,2.7300690127193326,-0.7524648510187066,0.11878573257611286,2.3342893837974215,0,1,0.1716599491768917
28.159999999998682,2.733514005241349,-0.7512520680679895,0.1180770520088239,2.3086375765895424,0,1,0.17989007863634987
28.179999999998678,2.737320246692965,-0.7491580958660916,0.11683512430027711,2.062350890025034,0,1,0.21591165362069986
28.199999999998674,2.741347597113075,-0.7466749880181427,0.11544646226291454,1.2992438587068784,0,1,0.2731861925790434
28.21999999999867,2.7453093989965445,-0.7441759209875203,0.11376378053674877,1.718729750844516,1,1,0.18592165741175776
28.239999999998666,2.7488605970204967,-0.7430268996897967,0.11518416353144756,2.2023493014514774,1,0,0.17837688256116585
28.259999999998662,2.7519424585301313,-0.7432292845671247,0.11693063727593207,2.5175596155208244,1,0,0.13624702640289196
28.279999999998658,2.7545862178231153,-0.744403039134491,0.11812907238492469,2.64497893120884,1,0,0.13337605042706313
28.299999999998654,2.756303414677965,-0.7462927064530644,0.11899685178514109,2.5010140898008175,1,0,0.1416197731846112
28.31999999999865,2.757002321869386,-0.7488924018608775,0.1190299724709296,2.3829386910035892,1,0,0.18530779376132359
28.339999999998646,2.7568220213108092,-0.7522538205498734,0.1183992584595565,2.291511383244282,1,0,0.1837840217596466
28.359999999998642,2.7559646109057754,-0.7561877525965397,0.11731561145742539,1.9046707412690873,1,0,0.1709855509830286
28.37999999999864,2.754821749684441,-0.7604046493644304,0.11609019435621339,0.8616283080610946,1,0,0.2495432286773177
28.399999999998634,2.753598729738671,-0.7645477002139157,0.11447785761912749,1.493929504742297,1,1,0.1792927098442517
28.41999999999863,2.753448796431689,-0.7679104322924458,0.11581273739531152,2.1429764792074204,0,1,0.20307684073886864
28.439999999998626,2.7543579527942756,-0.7704289661817622,0.11742493992944893,2.514732157235881,0,1,0.200180461132248
28.459999999998622,2.755985560615928,-0.7722377159422107,0.11842455229880598,2.6351691076018664,0,1,0.10741428148546026
28.47999999999862,2.758268502987522,-0.773187342359692,0.11890623146210375,2.5445458503690044,0,1,0.10975367128771199
28.499999999998614,2.761107769785802,-0.772998995352676,0.11884517329780649,2.4909472304594797,0,1,0.17831960161660737
28.51999999999861,2.7645272039867628,-0.7717517706540953,0.11806127574996071,2.463664967015706,0,1,0.17624395186281452
28.539999999998606,2.7682991092250524,-0.7696660218417976,0.1168131871851956,2.1620719263809884,0,1,0.2202131473068472
28.559999999998603,2.772291214247819,-0.7672371695945917,0.11540616309468849,1.337585326422929,0,1,0.2649980295551803
28.5799999999986,2.776208422447157,-0.7647941086130559,0.11371374759740169,1.8127645918418986,1,1,0.1719622859864943
28.599999999998595,2.7796967667168535,-0.7637027738377152,0.11523163017032008,2.2924970931333433,1,0,0.1777706980130584
28.61999999999859,2.7826862176075173,-0.7639345078167459,0.11704906330945623,2.6092797782803423,1,0,0.13699419211928804
28.639999999998587,2.785219986086779,-0.7651028642629414,0.11828040829144036,2.7348971245654647,1,0,0.13240603484159646
28.659999999998583,2.786829520459388,-0.7669555642197606,0.1191302660092809,2.591957217772126,1,0,0.1397714517884166
28.67999999999858,2.7874393999363765,-0.7695196630969509,0.11917146013623293,2.4660020977026478,1,0,0.18307738367693666
28.699999999998575,2.7872525198862292,-0.7730012594445664,0.11858847800909844,2.3424970590590863,1,0,0.1789328359519017
28.71999999999857,2.7863503805005845,-0.7770537902872627,0.11746909213236062,1.9396801795416339,1,0,0.16350220386527578
28.739999999998567,2.785117627160042,-0.7813903151056242,0.116221100038512,0.827403897993296,1,0,0.24677600450759873
28.759999999998563,2.7838187114446185,-0.7856334105470204,0.11457538067597724,1.3831689680591621,1,1,0.1763772689140943
28.77999999999856,2.7835628033418027,-0.7890701428336901,0.1158826172917031,2.0806934851169387,0,1,0.2012788550736237
28.799999999998555,2.7843696137236638,-0.7916559494657723,0.1174960568059273,2.4851337123371158,0,1,0.20201826394169128
28.81999999999855,2.785890240031876,-0.7935281886104998,0.11851454398772407,2.626516993737369,0,1,0.1068580587552472
28.839999999998547,2.7880845244392316,-0.7945851484427747,0.11900618224225884,2.547220564109154,0,1,0.10740819571414496
28.859999999998543,2.7908480117488694,-0.7945228924808536,0.11899108000719008,2.481938196791807,0,1,0.17441682167310477
28.87999999999854,2.7942118705195576,-0.7934186252537601,0.11824936462941062,2.454974158319006,0,1,0.17710315602419124
28.899999999998535,2.797918373814252,-0.7914421120201014,0.11693573348863463,2.1960980677097157,0,1,0.20930386334784912
28.91999999999853,2.801861572559513,-0.7890370194429034,0.11551687109995294,1.3929883029140968,0,1,0.2673344651845213
28.939999999998527,2.805795089938696,-0.7865891872692894,0.1138450403166704,1.5639263701666744,1,1,0.1899367028277025
28.959999999998523,2.8092936952518444,-0.7853516337771937,0.11516003691285029,2.02060398369474,1,0,0.17574730128722554
28.97999999999852,2.8122779610304978,-0.7854944614892788,0.11687997622844125,2.311551336366936,1,0,0.13889050695738334
28.999999999998515,2.8147781153215083,-0.7866226523614723,0.11805942051950394,2.4504114117533846,1,0,0.13823216651080028
29.01999999999851,2.8164878381163554,-0.7885428508644831,0.11885639112979025,2.314841928202105,1,0,0.12623471087173024
29.039999999998507,2.817193650210539,-0.7912336433811794,0.11902457640940409,2.146816896153956,1,0,0.17499876350407503
29.059999999998503,2.817039531431103,-0.7947469666268219,0.11845347861200256,2.0290277051250936,1,0,0.17355689186479228
29.0799999999985,2.816180649254578,-0.7987619961921626,0.11741670041067243,1.649822059229159,1,0,0.1630587952016343
29.099999999998495,2.815069330958707,-0.8031018421621448,0.1162311045958385,0.5636183962311486,1,0,0.24705330001072168
29.11999999999849,2.8139479577594764,-0.8073927757378397,0.1145547382120407,1.436773248153002,1,1,0.1843222513644659
29.139999999998487,2.8138091853439477,-0.8108502049876972,0.1157768248922491,2.1108240795562567,0,1,0.20218435822655825
29.159999999998483,2.8147301567774345,-0.81344767620395,0.1173384779182314,2.481002763890299,0,1,0.2064240771294972
29.17999999999848,2.8163679269159583,-0.815318659540278,0.11833008359203798,2.5774486708732938,0,1,0.10958918461517042
29.199999999998475,2.818735953772557,-0.8164150988339386,0.11875879367932261,2.456981977599755,0,1,0.10945883466262313
29.21999999999847,2.8216701930583894,-0.8163567641126606,0.11874907617687631,2.3527402051073163,0,1,0.17304470520143728
29.239999999998467,2.8251068126457666,-0.8151933869961991,0.11804965137761134,2.3457262258899227,0,1,0.1816020650742039
29.259999999998463,2.8288929911601635,-0.8131878514231554,0.11683701515603294,2.1084524410323073,0,1,0.2165977807447626
29.27999999999846,2.8329081778564458,-0.8108160105683749,0.11543652788270382,1.3709808550566591,0,1,0.2707583359638944
29.299999999998455,2.8368659902285125,-0.8084205973582665,0.11375902475318735,1.776847186031853,1,1,0.1837460269615781
29.31999999999845,2.8403956152154732,-0.807377641529719,0.11518799595876367,2.234125870266122,1,0,0.17923541205244692
29.339999999998447,2.843430530158658,-0.8076748712586982,0.11693289008586022,2.5278759081790603,1,0,0.13682077203865467
29.359999999998443,2.8459384306144178,-0.8089084688798928,0.1181947418555033,2.6221000021900562,1,0,0.13038860043326694
29.37999999999844,2.8474292333284743,-0.8108039335418561,0.11901831823729947,2.507926587833146,1,0,0.15567734446250064
29.399999999998435,2.847978959498331,-0.8134521850648428,0.11901193467098703,2.3936712314024136,1,0,0.18180375357460593
29.41999999999843,2.847755293290948,-0.817024028498939,0.1183750936570314,2.241182158919627,1,0,0.1770294728546813
29.439999999998427,2.8468449602393444,-0.8211253902913067,0.11735498380451967,1.7756232029246102,1,0,0.15809372549597028
29.459999999998423,2.8456832052490726,-0.8254706216940514,0.1160799577510605,0.59997473353126,1,0,0.2473805841745701
29.47999999999842,2.844438756947149,-0.829713178041844,0.11439907759992161,1.5650230806164451,1,1,0.1673515273237286
29.499999999998415,2.844227426664691,-0.8331121342851643,0.11582228337285844,2.2528916656917004,0,1,0.20063790535188888
29.51999999999841,2.845046825288227,-0.8356557067965301,0.11750995333984306,2.657280933977281,0,1,0.19418437395898888
29.539999999998408,2.8465673075028604,-0.8375007602226366,0.11857418837250387,2.7960691763014283,0,1,0.10226216353559257
29.559999999998404,2.848811691747877,-0.838607579206073,0.11904419887150676,2.7108603346024576,0,1,0.1056044734556422
29.5799999999984,2.8515260808453253,-0.8385483334205817,0.1189938543271337,2.6347075953697305,0,1,0.16779370854809506
29.599999999998396,2.8548000419830886,-0.8373774818996654,0.11830550501539121,2.645915173064969,0,1,0.1809128415754928
29.61999999999839,2.858421739353469,-0.8353318097829345,0.11704573030297565,2.4406459446681703,0,1,0.21191088220664575
29.639999999998388,2.8622969659325723,-0.832863178178465,0.11568187995770071,1.6883062274260523,0,1,0.26669405127784923
29.659999999998384,2.86614966080241,-0.8303260005194595,0.11398590087056763,1.6400783232636276,1,1,0.1900271112030439
29.67999999999838,2.8696752262962315,-0.8290125905796797,0.1152079892651705,2.0239893967544496,1,0,0.17592550971243445
29.699999999998376,2.8727286044804092,-0.8291063292398794,0.11687404507314783,2.270014049801549,1,0,0.13713157491935157
29.71999999999837,2.875308354665852,-0.8302119380464156,0.11803977033611855,2.384621799707922,1,0,0.13584858233863567
29.739999999998368,2.8769478399176327,-0.8320398632343818,0.11885840871873869,2.2633932219879114,1,0,0.13774717027827355
29.759999999998364,2.877587814795858,-0.8346334962484436,0.11890926703127914,2.1591381203320177,1,0,0.18105633466989896
29.77999999999836,2.8773688999871245,-0.8380039260921084,0.1182643188876487,2.0667012377802814,1,0,0.1809970609567455
29.799999999998356,2.8764777859667654,-0.841922154496442,0.11723242404105172,1.6772022020182302,1,0,0.16953437835622565
29.819999999998352,2.875457540249341,-0.8462304609496779,0.11610797305615617,0.637430356212806,1,0,0.24646174337782228
29.839999999998348,2.8743637441581824,-0.8504363431903633,0.11451525469201769,1.5891930667928151,1,1,0.1813121418245647
29.859999999998344,2.8742829533379233,-0.8538271907447293,0.11582891790505813,2.2490076914111565,0,1,0.20519165312640683
29.87999999999834,2.8752494543593436,-0.8563716882026645,0.11741439305432577,2.616181577932257,0,1,0.20196472457943215
29.899999999998336,2.876930818792409,-0.8582050207120936,0.1184008625981432,2.718770392011732,0,1,0.1063282964351148
29.919999999998332,2.8792883817291988,-0.8592134822806942,0.11886865275164034,2.6035980465999664,0,1,0.10979687273704453
29.939999999998328,2.882180472074905,-0.8590616608017578,0.11882873875977107,2.522731134395736,0,1,0.1783558359092572
29.959999999998324,2.8855917917955867,-0.8578384085391543,0.11808721295483028,2.4970316463923994,0,1,0.18075384795670663
29.97999999999832,2.8893453319989533,-0.8557880386792617,0.1168459806722567,2.2094173480159682,0,1,0.21841694187246571
29.999999999998316,2.8933195621198915,-0.8533820488688659,0.11543341888019748,1.3953334438831122,0,1,0.26689907637018734
