# https://github.com/mikedh/trimesh
v -0.03681427 -0.03781427 0.04937269
v -0.03761070 -0.03762260 0.05072791
v -0.03662260 -0.03861070 0.05072791
v -0.03681427 -0.03662731 0.04818573
v -0.03761070 -0.03527209 0.04837740
v -0.03662260 -0.03527209 0.04738930
v -0.03776463 -0.03657860 0.04942140
v -0.03833068 -0.03645345 0.05074924
v -0.03833068 -0.03525076 0.04954655
v -0.03874912 -0.03521401 0.05078599
v -0.03562731 -0.03781427 0.04818573
v -0.03427209 -0.03861070 0.04837740
v -0.03427209 -0.03762260 0.04738930
v -0.03557860 -0.03876463 0.04942140
v -0.03545345 -0.03933068 0.05074924
v -0.03425076 -0.03933068 0.04954655
v -0.03421401 -0.03974912 0.05078599
v -0.03557860 -0.03657860 0.04723537
v -0.03545345 -0.03525076 0.04666932
v -0.03425076 -0.03645345 0.04666932
v -0.03421401 -0.03521401 0.04625088
v -0.03528856 -0.03628856 0.05042361
v -0.03528856 -0.03557639 0.04971144
v -0.03585878 -0.03554716 0.05045284
v -0.03457639 -0.03628856 0.04971144
v -0.03454716 -0.03685878 0.05045284
v -0.03454716 -0.03554716 0.04914122
v -0.03724264 -0.03824264 0.05200000
v -0.03854328 -0.03629610 0.05200000
v -0.03798882 -0.03733342 0.05200000
v -0.03888471 -0.03517054 0.05200000
v -0.03633342 -0.03898882 0.05200000
v -0.03529610 -0.03954328 0.05200000
v -0.03417054 -0.03988471 0.05200000
v -0.03554559 -0.03654559 0.05200000
v -0.03599329 -0.03600005 0.05200000
v -0.03619841 -0.03547207 0.05124955
v -0.03632597 -0.03537766 0.05200000
v -0.03576642 -0.03617356 0.05123675
v -0.03500005 -0.03699329 0.05200000
v -0.03517356 -0.03676642 0.05123675
v -0.03447207 -0.03719841 0.05124955
v -0.03437766 -0.03732597 0.05200000
v -0.03724264 -0.03400000 0.04775736
v -0.03854328 -0.03400000 0.04970390
v -0.03798882 -0.03400000 0.04866658
v -0.03888471 -0.03400000 0.05082946
v -0.03633342 -0.03400000 0.04701118
v -0.03529610 -0.03400000 0.04645672
v -0.03417054 -0.03400000 0.04611529
v -0.03554559 -0.03400000 0.04945441
v -0.03619841 -0.03475045 0.05052793
v -0.03599329 -0.03400000 0.04999995
v -0.03632597 -0.03400000 0.05062234
v -0.03576642 -0.03476325 0.04982644
v -0.03517356 -0.03476325 0.04923358
v -0.03500005 -0.03400000 0.04900671
v -0.03447207 -0.03475045 0.04880159
v -0.03437766 -0.03400000 0.04867403
v -0.03900000 -0.03400000 0.05200000
v -0.03653083 -0.03470232 0.05200000
v -0.03653083 -0.03400000 0.05129768
v -0.03660000 -0.03400000 0.05200000
v -0.03644947 -0.03472840 0.05127160
v -0.03300000 -0.03824264 0.04775736
v -0.03300000 -0.03954328 0.04970390
v -0.03300000 -0.03898882 0.04866658
v -0.03300000 -0.03988471 0.05082946
v -0.03300000 -0.03733342 0.04701118
v -0.03300000 -0.03629610 0.04645672
v -0.03300000 -0.03517054 0.04611529
v -0.03300000 -0.03654559 0.04945441
v -0.03375045 -0.03719841 0.05052793
v -0.03376325 -0.03676642 0.04982644
v -0.03300000 -0.03699329 0.04999995
v -0.03300000 -0.03732597 0.05062234
v -0.03376325 -0.03617356 0.04923358
v -0.03375045 -0.03547207 0.04880159
v -0.03300000 -0.03600005 0.04900671
v -0.03300000 -0.03537766 0.04867403
v -0.03300000 -0.04000000 0.05200000
v -0.03370232 -0.03753083 0.05200000
v -0.03300000 -0.03753083 0.05129768
v -0.03300000 -0.03760000 0.05200000
v -0.03372840 -0.03744947 0.05127160
v -0.03300000 -0.03400000 0.04600000
v -0.03370232 -0.03400000 0.04846917
v -0.03300000 -0.03470232 0.04846917
v -0.03300000 -0.03400000 0.04840000
v -0.03372840 -0.03472840 0.04855053
v -0.03660000 -0.03015735 0.05722215
v -0.03660000 -0.03061940 0.05808658
v -0.03660000 -0.03090393 0.05902455
v -0.03660000 -0.03100000 0.06000000
v -0.03660000 -0.03090393 0.06097545
v -0.03660000 -0.03061940 0.06191342
v -0.03660000 -0.03015735 0.06277785
v -0.03100000 -0.03015735 0.05722215
v -0.03100000 -0.03061940 0.05808658
v -0.03100000 -0.03090393 0.05902455
v -0.03100000 -0.03100000 0.06000000
v -0.03100000 -0.03090393 0.06097545
v -0.03100000 -0.03061940 0.06191342
v -0.03100000 -0.03015735 0.06277785
v -0.03660000 -0.02877785 0.05584265
v -0.03660000 -0.02791342 0.05538060
v -0.03900000 -0.02687009 0.05565317
v -0.03900000 -0.02506147 0.05460896
v -0.03900000 -0.02600000 0.05507180
v -0.03660000 -0.02697545 0.05509607
v -0.03660000 -0.02687009 0.05565317
v -0.03660000 -0.02506147 0.05460896
v -0.03660000 -0.02600000 0.05500000
v -0.03660000 -0.02600000 0.05507180
v -0.03660000 -0.02587865 0.05501195
v -0.03660000 -0.02502455 0.05509607
v -0.03900000 -0.02407055 0.05427259
v -0.03900000 -0.02304421 0.05406844
v -0.03660000 -0.02407055 0.05427259
v -0.03660000 -0.02408658 0.05538060
v -0.03660000 -0.02304421 0.05406844
v -0.03660000 -0.02322215 0.05584265
v -0.03900000 -0.02200000 0.05400000
v -0.03660000 -0.02200000 0.05400000
v -0.03100000 -0.02877785 0.05584265
v -0.03100000 -0.02791342 0.05538060
v -0.03100000 -0.02697545 0.05509607
v -0.03100000 -0.02600000 0.05500000
v -0.03100000 -0.02502455 0.05509607
v -0.03100000 -0.02408658 0.05538060
v -0.03100000 -0.02322215 0.05584265
v -0.03900000 -0.02892820 0.05800000
v -0.03900000 -0.02834683 0.05712991
v -0.03900000 -0.02765685 0.05634315
v -0.03660000 -0.02953553 0.05646447
v -0.03660000 -0.02892820 0.05800000
v -0.03660000 -0.02834683 0.05712991
v -0.03660000 -0.02765685 0.05634315
v -0.03900000 -0.02939104 0.05893853
v -0.03900000 -0.02972741 0.05992945
v -0.03900000 -0.02993156 0.06095579
v -0.03660000 -0.02939104 0.05893853
v -0.03660000 -0.02972741 0.05992945
v -0.03660000 -0.02993156 0.06095579
v -0.03660000 -0.02699776 0.05933332
v -0.03660000 -0.02710866 0.05954078
v -0.03660000 -0.02666669 0.05900224
v -0.03660000 -0.02645922 0.05889135
v -0.03660000 -0.02684853 0.05915147
v -0.03660000 -0.02720000 0.06000000
v -0.03660000 -0.02717694 0.05976589
v -0.03660000 -0.02717694 0.06023411
v -0.03660000 -0.02710866 0.06045922
v -0.03660000 -0.02699776 0.06066668
v -0.03660000 -0.02684853 0.06084853
v -0.03660000 -0.02666669 0.06099776
v -0.03660000 -0.02600000 0.05880000
v -0.03660000 -0.02623411 0.05882306
v -0.03660000 -0.02576589 0.05882306
v -0.03660000 -0.02554078 0.05889135
v -0.03660000 -0.02533331 0.05900224
v -0.03660000 -0.02515147 0.05915147
v -0.03660000 -0.02500224 0.05933332
v -0.03660000 -0.02533331 0.06099776
v -0.03660000 -0.02500224 0.06066668
v -0.03660000 -0.02515147 0.06084853
v -0.03900000 -0.03000000 0.06200000
v -0.03660000 -0.03000000 0.06200000
v -0.03660000 -0.03000000 0.06296958
v -0.03660000 -0.02953553 0.06353553
v -0.03660000 -0.02877785 0.06415735
v -0.03660000 -0.02791342 0.06461940
v -0.03660000 -0.02645922 0.06110865
v -0.03660000 -0.02623411 0.06117694
v -0.03660000 -0.02600000 0.06120000
v -0.03660000 -0.02576589 0.06117694
v -0.03660000 -0.02554078 0.06110865
v -0.03660000 -0.02697545 0.06490392
v -0.03660000 -0.02600000 0.06500000
v -0.03660000 -0.02502455 0.06490392
v -0.03660000 -0.02489134 0.05954078
v -0.03660000 -0.02482306 0.05976589
v -0.03660000 -0.02480000 0.06000000
v -0.03660000 -0.02482306 0.06023411
v -0.03660000 -0.02489134 0.06045922
v -0.03660000 -0.02246447 0.05646447
v -0.03660000 -0.02184265 0.05722215
v -0.03660000 -0.02138060 0.05808658
v -0.03660000 -0.02109607 0.05902455
v -0.03660000 -0.02100000 0.06000000
v -0.03660000 -0.02109607 0.06097545
v -0.03660000 -0.02408658 0.06461940
v -0.03660000 -0.02322215 0.06415735
v -0.03660000 -0.02138060 0.06191342
v -0.03660000 -0.02184265 0.06277785
v -0.03660000 -0.02246447 0.06353553
v -0.03290000 -0.02815000 0.05875870
v -0.03290000 -0.02600000 0.05751740
v -0.03290000 -0.02699776 0.05933332
v -0.03290000 -0.02710866 0.05954078
v -0.03290000 -0.02666669 0.05900224
v -0.03290000 -0.02645922 0.05889135
v -0.03290000 -0.02684853 0.05915147
v -0.03290000 -0.02720000 0.06000000
v -0.03290000 -0.02717694 0.05976589
v -0.03290000 -0.02717694 0.06023411
v -0.03290000 -0.02710866 0.06045922
v -0.03290000 -0.02699776 0.06066668
v -0.03290000 -0.02684853 0.06084853
v -0.03290000 -0.02666669 0.06099776
v -0.03290000 -0.02600000 0.05880000
v -0.03290000 -0.02623411 0.05882306
v -0.03290000 -0.02576589 0.05882306
v -0.03290000 -0.02554078 0.05889135
v -0.03290000 -0.02533331 0.05900224
v -0.03290000 -0.02515147 0.05915147
v -0.03290000 -0.02500224 0.05933332
v -0.03290000 -0.02533331 0.06099776
v -0.03290000 -0.02500224 0.06066668
v -0.03290000 -0.02515147 0.06084853
v -0.03100000 -0.02953553 0.05646447
v -0.03100000 -0.02815000 0.05875870
v -0.03100000 -0.02600000 0.05751740
v -0.03290000 -0.02815000 0.06124130
v -0.03290000 -0.02645922 0.06110865
v -0.03290000 -0.02623411 0.06117694
v -0.03290000 -0.02600000 0.06120000
v -0.03290000 -0.02576589 0.06117694
v -0.03290000 -0.02554078 0.06110865
v -0.03290000 -0.02600000 0.06248260
v -0.03100000 -0.02815000 0.06124130
v -0.03100000 -0.02953553 0.06353553
v -0.03100000 -0.02877785 0.06415735
v -0.03100000 -0.02791342 0.06461940
v -0.03100000 -0.02600000 0.06248260
v -0.03100000 -0.02697545 0.06490392
v -0.03100000 -0.02600000 0.06500000
v -0.03100000 -0.02502455 0.06490392
v -0.03290000 -0.02489134 0.05954078
v -0.03290000 -0.02385000 0.05875870
v -0.03290000 -0.02482306 0.05976589
v -0.03290000 -0.02480000 0.06000000
v -0.03290000 -0.02482306 0.06023411
v -0.03290000 -0.02489134 0.06045922
v -0.03100000 -0.02385000 0.05875870
v -0.03100000 -0.02246447 0.05646447
v -0.03100000 -0.02184265 0.05722215
v -0.03100000 -0.02138060 0.05808658
v -0.03100000 -0.02109607 0.05902455
v -0.03100000 -0.02100000 0.06000000
v -0.03100000 -0.02109607 0.06097545
v -0.03290000 -0.02385000 0.06124130
v -0.03100000 -0.02385000 0.06124130
v -0.03100000 -0.02408658 0.06461940
v -0.03100000 -0.02322215 0.06415735
v -0.03100000 -0.02138060 0.06191342
v -0.03100000 -0.02184265 0.06277785
v -0.03100000 -0.02246447 0.06353553
v -0.02407107 -0.04000000 0.06092893
v -0.02407107 -0.03760000 0.06092893
v -0.02665926 -0.04000000 0.06541181
v -0.02665926 -0.03760000 0.06541181
v -0.02566025 -0.04000000 0.06300000
v -0.02566025 -0.03760000 0.06300000
v -0.02493353 -0.04000000 0.06191238
v -0.02493353 -0.03760000 0.06191238
v -0.02623880 -0.04000000 0.06417316
v -0.02623880 -0.03760000 0.06417316
v -0.02308761 -0.04000000 0.06006647
v -0.02308761 -0.03760000 0.06006647
v -0.02200000 -0.04000000 0.05933974
v -0.02200000 -0.03760000 0.05933974
v -0.01958819 -0.04000000 0.05834074
v -0.01958819 -0.03760000 0.05834074
v -0.02082683 -0.04000000 0.05876120
v -0.02082683 -0.03760000 0.05876120
v -0.02691445 -0.04000000 0.06669474
v -0.02700000 -0.04000000 0.06800000
v -0.02691445 -0.03760000 0.06669474
v -0.02700000 -0.03760000 0.06800000
v -0.02194450 -0.00291014 0.04600000
v -0.02194450 -0.00291014 0.04840000
v -0.02291014 -0.00194450 0.04600000
v -0.02323358 -0.00133939 0.04600000
v -0.02291014 -0.00194450 0.04840000
v -0.02323358 -0.00133939 0.04840000
v -0.02343275 -0.00068282 0.04600000
v -0.02343275 -0.00068282 0.04840000
v -0.02247487 -0.00247487 0.04600000
v -0.02247487 -0.00247487 0.04840000
v -0.02133939 -0.00323358 0.04600000
v -0.02068282 -0.00343275 0.04600000
v -0.02133939 -0.00323358 0.04840000
v -0.02068282 -0.00343275 0.04840000
v -0.02000000 -0.00350000 0.04600000
v -0.01931718 -0.00343275 0.04600000
v -0.02000000 -0.00350000 0.04840000
v -0.01931718 -0.00343275 0.04840000
v -0.01830526 -0.04000000 0.05808555
v -0.01830526 -0.03760000 0.05808555
v -0.01700000 -0.04000000 0.05800000
v -0.01700000 -0.03760000 0.05800000
v -0.01866061 -0.00323358 0.04600000
v -0.01805550 -0.00291014 0.04600000
v -0.01866061 -0.00323358 0.04840000
v -0.01805550 -0.00291014 0.04840000
v -0.01752513 -0.00247487 0.04600000
v -0.01708986 -0.00194450 0.04600000
v -0.01676642 -0.00133939 0.04600000
v -0.01752513 -0.00247487 0.04840000
v -0.01708986 -0.00194450 0.04840000
v -0.01676642 -0.00133939 0.04840000
v -0.01656725 -0.00068282 0.04600000
v -0.01656725 -0.00068282 0.04840000
v -0.00910866 -0.00045922 0.04600000
v -0.00917694 -0.00023411 0.04600000
v -0.00910866 -0.00045922 0.04840000
v -0.00917694 -0.00023411 0.04840000
v -0.00884853 -0.00084853 0.04600000
v -0.00899776 -0.00066668 0.04600000
v -0.00866668 -0.00099776 0.04600000
v -0.00845922 -0.00110866 0.04600000
v -0.00823411 -0.00117694 0.04600000
v -0.00800000 -0.00120000 0.04600000
v -0.00776589 -0.00117694 0.04600000
v -0.00884853 -0.00084853 0.04840000
v -0.00899776 -0.00066668 0.04840000
v -0.00866668 -0.00099776 0.04840000
v -0.00845922 -0.00110866 0.04840000
v -0.00823411 -0.00117694 0.04840000
v -0.00800000 -0.00120000 0.04840000
v -0.00776589 -0.00117694 0.04840000
v -0.00754078 -0.00110866 0.04600000
v -0.00733332 -0.00099776 0.04600000
v -0.00715147 -0.00084853 0.04600000
v -0.00700224 -0.00066668 0.04600000
v -0.00689134 -0.00045922 0.04600000
v -0.00682306 -0.00023411 0.04600000
v -0.00754078 -0.00110866 0.04840000
v -0.00733332 -0.00099776 0.04840000
v -0.00715147 -0.00084853 0.04840000
v -0.00700224 -0.00066668 0.04840000
v -0.00689134 -0.00045922 0.04840000
v -0.00682306 -0.00023411 0.04840000
v -0.02700000 -0.04000000 0.10400000
v -0.02691445 -0.04000000 0.10530526
v -0.02700000 -0.03760000 0.10400000
v -0.02691445 -0.03760000 0.10530526
v -0.03660000 -0.03015735 0.10922215
v -0.03660000 -0.03061940 0.11008659
v -0.03660000 -0.03090393 0.11102455
v -0.03660000 -0.03100000 0.11200000
v -0.03660000 -0.03090393 0.11297545
v -0.03660000 -0.03061940 0.11391341
v -0.03660000 -0.03015735 0.11477785
v -0.03100000 -0.03015735 0.10922215
v -0.03100000 -0.03061940 0.11008659
v -0.03100000 -0.03090393 0.11102455
v -0.03100000 -0.03100000 0.11200000
v -0.03100000 -0.03090393 0.11297545
v -0.03100000 -0.03061940 0.11391341
v -0.03100000 -0.03015735 0.11477785
v -0.03724264 -0.03824264 0.12000000
v -0.03854328 -0.03629610 0.12000000
v -0.03798882 -0.03733342 0.12000000
v -0.03888471 -0.03517054 0.12000000
v -0.03633342 -0.03898882 0.12000000
v -0.03529610 -0.03954328 0.12000000
v -0.03417054 -0.03988471 0.12000000
v -0.03554559 -0.03654559 0.12000000
v -0.03599329 -0.03600005 0.12000000
v -0.03632597 -0.03537766 0.12000000
v -0.03619841 -0.03547207 0.12075045
v -0.03576642 -0.03617356 0.12076325
v -0.03500005 -0.03699329 0.12000000
v -0.03517356 -0.03676642 0.12076325
v -0.03437766 -0.03732597 0.12000000
v -0.03447207 -0.03719841 0.12075045
v -0.03761070 -0.03762260 0.12127209
v -0.03662260 -0.03861070 0.12127209
v -0.03681427 -0.03781427 0.12262731
v -0.03833068 -0.03645345 0.12125076
v -0.03776463 -0.03657860 0.12257860
v -0.03874912 -0.03521401 0.12121400
v -0.03833068 -0.03525076 0.12245345
v -0.03681427 -0.03662731 0.12381426
v -0.03761070 -0.03527209 0.12362260
v -0.03662260 -0.03527209 0.12461069
v -0.03545345 -0.03933068 0.12125076
v -0.03557860 -0.03876463 0.12257860
v -0.03421401 -0.03974912 0.12121400
v -0.03425076 -0.03933068 0.12245345
v -0.03562731 -0.03781427 0.12381426
v -0.03427209 -0.03861070 0.12362260
v -0.03427209 -0.03762260 0.12461069
v -0.03528856 -0.03628856 0.12157639
v -0.03585878 -0.03554716 0.12154716
v -0.03528856 -0.03557639 0.12228856
v -0.03454716 -0.03685878 0.12154716
v -0.03457639 -0.03628856 0.12228856
v -0.03454716 -0.03554716 0.12285878
v -0.03557860 -0.03657860 0.12476463
v -0.03545345 -0.03525076 0.12533069
v -0.03425076 -0.03645345 0.12533069
v -0.03421401 -0.03521401 0.12574912
v -0.03900000 -0.03400000 0.12000000
v -0.03653083 -0.03470232 0.12000000
v -0.03660000 -0.03400000 0.12000000
v -0.03653083 -0.03400000 0.12070232
v -0.03644947 -0.03472840 0.12072840
v -0.03888471 -0.03400000 0.12117054
v -0.03854328 -0.03400000 0.12229610
v -0.03798882 -0.03400000 0.12333342
v -0.03724264 -0.03400000 0.12424264
v -0.03619841 -0.03475045 0.12147207
v -0.03632597 -0.03400000 0.12137766
v -0.03599329 -0.03400000 0.12200005
v -0.03576642 -0.03476325 0.12217356
v -0.03554559 -0.03400000 0.12254559
v -0.03517356 -0.03476325 0.12276642
v -0.03500005 -0.03400000 0.12299329
v -0.03447207 -0.03475045 0.12319841
v -0.03437766 -0.03400000 0.12332597
v -0.03633342 -0.03400000 0.12498882
v -0.03529610 -0.03400000 0.12554327
v -0.03417054 -0.03400000 0.12588471
v -0.03300000 -0.04000000 0.12000000
v -0.03370232 -0.03753083 0.12000000
v -0.03300000 -0.03760000 0.12000000
v -0.03300000 -0.03753083 0.12070232
v -0.03372840 -0.03744947 0.12072840
v -0.03300000 -0.03988471 0.12117054
v -0.03300000 -0.03954328 0.12229610
v -0.03300000 -0.03898882 0.12333342
v -0.03300000 -0.03824264 0.12424264
v -0.03375045 -0.03719841 0.12147207
v -0.03376325 -0.03676642 0.12217356
v -0.03300000 -0.03732597 0.12137766
v -0.03300000 -0.03699329 0.12200005
v -0.03300000 -0.03654559 0.12254559
v -0.03376325 -0.03617356 0.12276642
v -0.03375045 -0.03547207 0.12319841
v -0.03300000 -0.03600005 0.12299329
v -0.03300000 -0.03537766 0.12332597
v -0.03300000 -0.03733342 0.12498882
v -0.03300000 -0.03629610 0.12554327
v -0.03300000 -0.03517054 0.12588471
v -0.03372840 -0.03472840 0.12344947
v -0.03370232 -0.03400000 0.12353083
v -0.03300000 -0.03470232 0.12353083
v -0.03300000 -0.03400000 0.12360000
v -0.03300000 -0.03400000 0.12600000
v -0.03660000 -0.02953553 0.10846446
v -0.03660000 -0.02877785 0.10784265
v -0.03660000 -0.02791342 0.10738060
v -0.03900000 -0.03000000 0.11000000
v -0.03660000 -0.03000000 0.10903042
v -0.03660000 -0.03000000 0.11000000
v -0.03660000 -0.02697545 0.10709608
v -0.03660000 -0.02600000 0.10700000
v -0.03660000 -0.02502455 0.10709608
v -0.03660000 -0.02645922 0.11089134
v -0.03660000 -0.02623411 0.11082306
v -0.03660000 -0.02600000 0.11080000
v -0.03660000 -0.02576589 0.11082306
v -0.03660000 -0.02554078 0.11089134
v -0.03900000 -0.02993156 0.11104421
v -0.03900000 -0.02972741 0.11207055
v -0.03900000 -0.02939104 0.11306147
v -0.03660000 -0.02993156 0.11104421
v -0.03660000 -0.02972741 0.11207055
v -0.03660000 -0.02939104 0.11306147
v -0.03900000 -0.02892820 0.11400000
v -0.03900000 -0.02834683 0.11487009
v -0.03900000 -0.02765685 0.11565685
v -0.03660000 -0.02892820 0.11400000
v -0.03660000 -0.02953553 0.11553554
v -0.03660000 -0.02834683 0.11487009
v -0.03660000 -0.02765685 0.11565685
v -0.03660000 -0.02710866 0.11154078
v -0.03660000 -0.02699776 0.11133331
v -0.03660000 -0.02720000 0.11200000
v -0.03660000 -0.02717694 0.11176589
v -0.03660000 -0.02717694 0.11223411
v -0.03660000 -0.02684853 0.11115147
v -0.03660000 -0.02666669 0.11100224
v -0.03660000 -0.02710866 0.11245922
v -0.03660000 -0.02699776 0.11266669
v -0.03660000 -0.02684853 0.11284853
v -0.03660000 -0.02666669 0.11299776
v -0.03660000 -0.02645922 0.11310866
v -0.03660000 -0.02533331 0.11100224
v -0.03660000 -0.02515147 0.11115147
v -0.03660000 -0.02500224 0.11133331
v -0.03660000 -0.02623411 0.11317694
v -0.03660000 -0.02600000 0.11320000
v -0.03660000 -0.02576589 0.11317694
v -0.03660000 -0.02500224 0.11266669
v -0.03660000 -0.02515147 0.11284853
v -0.03660000 -0.02554078 0.11310866
v -0.03660000 -0.02533331 0.11299776
v -0.03660000 -0.02408658 0.10738060
v -0.03660000 -0.02322215 0.10784265
v -0.03660000 -0.02246447 0.10846446
v -0.03660000 -0.02184265 0.10922215
v -0.03660000 -0.02138060 0.11008659
v -0.03660000 -0.02489134 0.11154078
v -0.03660000 -0.02482306 0.11176589
v -0.03660000 -0.02480000 0.11200000
v -0.03660000 -0.02482306 0.11223411
v -0.03660000 -0.02489134 0.11245922
v -0.03660000 -0.02109607 0.11102455
v -0.03660000 -0.02100000 0.11200000
v -0.03660000 -0.02109607 0.11297545
v -0.03660000 -0.02138060 0.11391341
v -0.03660000 -0.02246447 0.11553554
v -0.03660000 -0.02184265 0.11477785
v -0.03290000 -0.02815000 0.11075870
v -0.03290000 -0.02645922 0.11089134
v -0.03290000 -0.02600000 0.10951740
v -0.03290000 -0.02623411 0.11082306
v -0.03290000 -0.02600000 0.11080000
v -0.03290000 -0.02576589 0.11082306
v -0.03290000 -0.02554078 0.11089134
v -0.03100000 -0.02953553 0.10846446
v -0.03100000 -0.02877785 0.10784265
v -0.03100000 -0.02791342 0.10738060
v -0.03100000 -0.02815000 0.11075870
v -0.03100000 -0.02697545 0.10709608
v -0.03100000 -0.02600000 0.10700000
v -0.03100000 -0.02502455 0.10709608
v -0.03100000 -0.02600000 0.10951740
v -0.03290000 -0.02815000 0.11324130
v -0.03290000 -0.02710866 0.11154078
v -0.03290000 -0.02699776 0.11133331
v -0.03290000 -0.02720000 0.11200000
v -0.03290000 -0.02717694 0.11176589
v -0.03290000 -0.02717694 0.11223411
v -0.03290000 -0.02684853 0.11115147
v -0.03290000 -0.02666669 0.11100224
v -0.03290000 -0.02710866 0.11245922
v -0.03290000 -0.02699776 0.11266669
v -0.03290000 -0.02684853 0.11284853
v -0.03290000 -0.02666669 0.11299776
v -0.03290000 -0.02645922 0.11310866
v -0.03290000 -0.02533331 0.11100224
v -0.03290000 -0.02515147 0.11115147
v -0.03290000 -0.02500224 0.11133331
v -0.03290000 -0.02623411 0.11317694
v -0.03290000 -0.02600000 0.11320000
v -0.03290000 -0.02576589 0.11317694
v -0.03290000 -0.02500224 0.11266669
v -0.03290000 -0.02515147 0.11284853
v -0.03290000 -0.02554078 0.11310866
v -0.03290000 -0.02533331 0.11299776
v -0.03290000 -0.02600000 0.11448260
v -0.03100000 -0.02815000 0.11324130
v -0.03100000 -0.02953553 0.11553554
v -0.03100000 -0.02600000 0.11448260
v -0.03290000 -0.02385000 0.11075870
v -0.03100000 -0.02408658 0.10738060
v -0.03100000 -0.02322215 0.10784265
v -0.03100000 -0.02385000 0.11075870
v -0.03100000 -0.02246447 0.10846446
v -0.03100000 -0.02184265 0.10922215
v -0.03100000 -0.02138060 0.11008659
v -0.03290000 -0.02489134 0.11154078
v -0.03290000 -0.02482306 0.11176589
v -0.03290000 -0.02480000 0.11200000
v -0.03290000 -0.02482306 0.11223411
v -0.03290000 -0.02489134 0.11245922
v -0.03290000 -0.02385000 0.11324130
v -0.03100000 -0.02385000 0.11324130
v -0.03100000 -0.02109607 0.11102455
v -0.03100000 -0.02100000 0.11200000
v -0.03100000 -0.02109607 0.11297545
v -0.03100000 -0.02138060 0.11391341
v -0.03100000 -0.02246447 0.11553554
v -0.03100000 -0.02184265 0.11477785
v -0.03660000 -0.02877785 0.11615735
v -0.03660000 -0.02791342 0.11661940
v -0.03900000 -0.02687009 0.11634682
v -0.03900000 -0.02600000 0.11692820
v -0.03900000 -0.02506147 0.11739104
v -0.03660000 -0.02697545 0.11690392
v -0.03660000 -0.02687009 0.11634682
v -0.03660000 -0.02600000 0.11692820
v -0.03660000 -0.02600000 0.11700000
v -0.03660000 -0.02587865 0.11698804
v -0.03660000 -0.02502455 0.11690392
v -0.03660000 -0.02506147 0.11739104
v -0.03900000 -0.02407055 0.11772741
v -0.03900000 -0.02304421 0.11793156
v -0.03660000 -0.02408658 0.11661940
v -0.03660000 -0.02407055 0.11772741
v -0.03660000 -0.02322215 0.11615735
v -0.03660000 -0.02304421 0.11793156
v -0.03900000 -0.02200000 0.11800000
v -0.03660000 -0.02200000 0.11800000
v -0.03100000 -0.02877785 0.11615735
v -0.03100000 -0.02791342 0.11661940
v -0.03100000 -0.02697545 0.11690392
v -0.03100000 -0.02600000 0.11700000
v -0.03100000 -0.02502455 0.11690392
v -0.03100000 -0.02408658 0.11661940
v -0.03100000 -0.02322215 0.11615735
v -0.02665926 -0.04000000 0.10658819
v -0.02665926 -0.03760000 0.10658819
v -0.02623880 -0.04000000 0.10782684
v -0.02623880 -0.03760000 0.10782684
v -0.02566025 -0.04000000 0.10900000
v -0.02566025 -0.03760000 0.10900000
v -0.02493353 -0.04000000 0.11008762
v -0.02493353 -0.03760000 0.11008762
v -0.02407107 -0.04000000 0.11107107
v -0.02407107 -0.03760000 0.11107107
v -0.02308761 -0.04000000 0.11193353
v -0.02308761 -0.03760000 0.11193353
v -0.02200000 -0.04000000 0.11266026
v -0.02200000 -0.03760000 0.11266026
v -0.02082683 -0.04000000 0.11323879
v -0.02082683 -0.03760000 0.11323879
v -0.01958819 -0.04000000 0.11365926
v -0.01958819 -0.03760000 0.11365926
v -0.01830526 -0.04000000 0.11391445
v -0.01830526 -0.03760000 0.11391445
v -0.01700000 -0.04000000 0.11400000
v -0.01700000 -0.03760000 0.11400000
v -0.02350000 0.00000000 0.04600000
v -0.02343275 0.00068282 0.04600000
v -0.02350000 0.00000000 0.04840000
v -0.02343275 0.00068282 0.04840000
v -0.02323358 0.00133939 0.04600000
v -0.02291014 0.00194450 0.04600000
v -0.02323358 0.00133939 0.04840000
v -0.02291014 0.00194450 0.04840000
v -0.02247487 0.00247487 0.04600000
v -0.02247487 0.00247487 0.04840000
v -0.02194450 0.00291014 0.04600000
v -0.02194450 0.00291014 0.04840000
v -0.02133939 0.00323358 0.04600000
v -0.02068282 0.00343275 0.04600000
v -0.02133939 0.00323358 0.04840000
v -0.02068282 0.00343275 0.04840000
v -0.02000000 0.00350000 0.04600000
v -0.01931718 0.00343275 0.04600000
v -0.02000000 0.00350000 0.04840000
v -0.01931718 0.00343275 0.04840000
v -0.03900000 0.02200000 0.05400000
v -0.03660000 0.02200000 0.05400000
v -0.03900000 0.02304421 0.05406844
v -0.03900000 0.02407055 0.05427259
v -0.03660000 0.02304421 0.05406844
v -0.03660000 0.02322215 0.05584265
v -0.03660000 0.02407055 0.05427259
v -0.03660000 0.02408658 0.05538060
v -0.03900000 0.02506147 0.05460896
v -0.03900000 0.02600000 0.05507180
v -0.03900000 0.02687009 0.05565317
v -0.03660000 0.02506147 0.05460896
v -0.03660000 0.02502455 0.05509607
v -0.03660000 0.02587865 0.05501195
v -0.03660000 0.02600000 0.05500000
v -0.03660000 0.02600000 0.05507180
v -0.03660000 0.02687009 0.05565317
v -0.03660000 0.02697545 0.05509607
v -0.03660000 0.02791342 0.05538060
v -0.03660000 0.02877785 0.05584265
v -0.03100000 0.02322215 0.05584265
v -0.03100000 0.02408658 0.05538060
v -0.03100000 0.02502455 0.05509607
v -0.03100000 0.02600000 0.05500000
v -0.03100000 0.02697545 0.05509607
v -0.03100000 0.02791342 0.05538060
v -0.03100000 0.02877785 0.05584265
v -0.03660000 0.02184265 0.05722215
v -0.03660000 0.02246447 0.05646447
v -0.03660000 0.02138060 0.05808658
v -0.03660000 0.02109607 0.05902455
v -0.03660000 0.02100000 0.06000000
v -0.03660000 0.02109607 0.06097545
v -0.03660000 0.02489134 0.05954078
v -0.03660000 0.02482306 0.05976589
v -0.03660000 0.02480000 0.06000000
v -0.03660000 0.02482306 0.06023411
v -0.03660000 0.02489134 0.06045922
v -0.03660000 0.02138060 0.06191342
v -0.03660000 0.02184265 0.06277785
v -0.03660000 0.02246447 0.06353553
v -0.03660000 0.02322215 0.06415735
v -0.03660000 0.02408658 0.06461940
v -0.03660000 0.02533331 0.05900224
v -0.03660000 0.02554078 0.05889135
v -0.03660000 0.02515147 0.05915147
v -0.03660000 0.02500224 0.05933332
v -0.03660000 0.02576589 0.05882306
v -0.03660000 0.02600000 0.05880000
v -0.03660000 0.02623411 0.05882306
v -0.03660000 0.02500224 0.06066668
v -0.03660000 0.02515147 0.06084853
v -0.03660000 0.02533331 0.06099776
v -0.03660000 0.02645922 0.05889135
v -0.03660000 0.02666669 0.05900224
v -0.03660000 0.02684853 0.05915147
v -0.03660000 0.02699776 0.05933332
v -0.03660000 0.02710866 0.05954078
v -0.03660000 0.02666669 0.06099776
v -0.03660000 0.02684853 0.06084853
v -0.03660000 0.02717694 0.05976589
v -0.03660000 0.02717694 0.06023411
v -0.03660000 0.02720000 0.06000000
v -0.03660000 0.02699776 0.06066668
v -0.03660000 0.02710866 0.06045922
v -0.03900000 0.02765685 0.05634315
v -0.03900000 0.02834683 0.05712991
v -0.03900000 0.02892820 0.05800000
v -0.03660000 0.02765685 0.05634315
v -0.03660000 0.02834683 0.05712991
v -0.03660000 0.02953553 0.05646447
v -0.03660000 0.02892820 0.05800000
v -0.03900000 0.02939104 0.05893853
v -0.03900000 0.02972741 0.05992945
v -0.03900000 0.02993156 0.06095579
v -0.03660000 0.02939104 0.05893853
v -0.03660000 0.02972741 0.05992945
v -0.03660000 0.02993156 0.06095579
v -0.03660000 0.02554078 0.06110865
v -0.03660000 0.02576589 0.06117694
v -0.03660000 0.02600000 0.06120000
v -0.03660000 0.02623411 0.06117694
v -0.03660000 0.02645922 0.06110865
v -0.03660000 0.02502455 0.06490392
v -0.03660000 0.02600000 0.06500000
v -0.03660000 0.02697545 0.06490392
v -0.03660000 0.02791342 0.06461940
v -0.03660000 0.02877785 0.06415735
v -0.03660000 0.02953553 0.06353553
v -0.03290000 0.02385000 0.05875870
v -0.03290000 0.02489134 0.05954078
v -0.03290000 0.02482306 0.05976589
v -0.03290000 0.02480000 0.06000000
v -0.03290000 0.02482306 0.06023411
v -0.03290000 0.02489134 0.06045922
v -0.03100000 0.02184265 0.05722215
v -0.03100000 0.02246447 0.05646447
v -0.03100000 0.02138060 0.05808658
v -0.03100000 0.02109607 0.05902455
v -0.03100000 0.02100000 0.06000000
v -0.03100000 0.02109607 0.06097545
v -0.03100000 0.02385000 0.05875870
v -0.03290000 0.02385000 0.06124130
v -0.03100000 0.02138060 0.06191342
v -0.03100000 0.02184265 0.06277785
v -0.03100000 0.02246447 0.06353553
v -0.03100000 0.02385000 0.06124130
v -0.03100000 0.02322215 0.06415735
v -0.03100000 0.02408658 0.06461940
v -0.03290000 0.02600000 0.05751740
v -0.03290000 0.02533331 0.05900224
v -0.03290000 0.02554078 0.05889135
v -0.03290000 0.02515147 0.05915147
v -0.03290000 0.02500224 0.05933332
v -0.03290000 0.02576589 0.05882306
v -0.03290000 0.02600000 0.05880000
v -0.03290000 0.02623411 0.05882306
v -0.03290000 0.02500224 0.06066668
v -0.03290000 0.02515147 0.06084853
v -0.03290000 0.02533331 0.06099776
v -0.03290000 0.02645922 0.05889135
v -0.03290000 0.02666669 0.05900224
v -0.03290000 0.02684853 0.05915147
v -0.03290000 0.02699776 0.05933332
v -0.03290000 0.02710866 0.05954078
v -0.03290000 0.02666669 0.06099776
v -0.03290000 0.02684853 0.06084853
v -0.03290000 0.02717694 0.05976589
v -0.03290000 0.02717694 0.06023411
v -0.03290000 0.02720000 0.06000000
v -0.03290000 0.02699776 0.06066668
v -0.03290000 0.02710866 0.06045922
v -0.03290000 0.02815000 0.05875870
v -0.03100000 0.02600000 0.05751740
v -0.03100000 0.02953553 0.05646447
v -0.03100000 0.02815000 0.05875870
v -0.03290000 0.02554078 0.06110865
v -0.03290000 0.02576589 0.06117694
v -0.03290000 0.02600000 0.06120000
v -0.03290000 0.02623411 0.06117694
v -0.03290000 0.02600000 0.06248260
v -0.03290000 0.02645922 0.06110865
v -0.03290000 0.02815000 0.06124130
v -0.03100000 0.02600000 0.06248260
v -0.03100000 0.02502455 0.06490392
v -0.03100000 0.02600000 0.06500000
v -0.03100000 0.02697545 0.06490392
v -0.03100000 0.02815000 0.06124130
v -0.03100000 0.02791342 0.06461940
v -0.03100000 0.02877785 0.06415735
v -0.03100000 0.02953553 0.06353553
v -0.03724264 0.03400000 0.04775736
v -0.03854328 0.03400000 0.04970390
v -0.03798882 0.03400000 0.04866658
v -0.03888471 0.03400000 0.05082946
v -0.03633342 0.03400000 0.04701118
v -0.03529610 0.03400000 0.04645672
v -0.03417054 0.03400000 0.04611529
v -0.03554559 0.03400000 0.04945441
v -0.03599329 0.03400000 0.04999995
v -0.03632597 0.03400000 0.05062234
v -0.03619841 0.03475045 0.05052793
v -0.03576642 0.03476325 0.04982644
v -0.03500005 0.03400000 0.04900671
v -0.03517356 0.03476325 0.04923358
v -0.03437766 0.03400000 0.04867403
v -0.03447207 0.03475045 0.04880159
v -0.03900000 0.03400000 0.05200000
v -0.03653083 0.03400000 0.05129768
v -0.03660000 0.03400000 0.05200000
v -0.03653083 0.03470232 0.05200000
v -0.03644947 0.03472840 0.05127160
v -0.03761070 0.03527209 0.04837740
v -0.03662260 0.03527209 0.04738930
v -0.03681427 0.03662731 0.04818573
v -0.03833068 0.03525076 0.04954655
v -0.03874912 0.03521401 0.05078599
v -0.03776463 0.03657860 0.04942140
v -0.03833068 0.03645345 0.05074924
v -0.03681427 0.03781427 0.04937269
v -0.03761070 0.03762260 0.05072791
v -0.03662260 0.03861070 0.05072791
v -0.03545345 0.03525076 0.04666932
v -0.03557860 0.03657860 0.04723537
v -0.03421401 0.03521401 0.04625088
v -0.03425076 0.03645345 0.04666932
v -0.03528856 0.03557639 0.04971144
v -0.03585878 0.03554716 0.05045284
v -0.03528856 0.03628856 0.05042361
v -0.03454716 0.03554716 0.04914122
v -0.03457639 0.03628856 0.04971144
v -0.03454716 0.03685878 0.05045284
v -0.03562731 0.03781427 0.04818573
v -0.03427209 0.03762260 0.04738930
v -0.03427209 0.03861070 0.04837740
v -0.03557860 0.03876463 0.04942140
v -0.03545345 0.03933068 0.05074924
v -0.03425076 0.03933068 0.04954655
v -0.03421401 0.03974912 0.05078599
v -0.03888471 0.03517054 0.05200000
v -0.03854328 0.03629610 0.05200000
v -0.03798882 0.03733342 0.05200000
v -0.03724264 0.03824264 0.05200000
v -0.03619841 0.03547207 0.05124955
v -0.03632597 0.03537766 0.05200000
v -0.03599329 0.03600005 0.05200000
v -0.03576642 0.03617356 0.05123675
v -0.03554559 0.03654559 0.05200000
v -0.03517356 0.03676642 0.05123675
v -0.03500005 0.03699329 0.05200000
v -0.03447207 0.03719841 0.05124955
v -0.03437766 0.03732597 0.05200000
v -0.03633342 0.03898882 0.05200000
v -0.03529610 0.03954328 0.05200000
v -0.03417054 0.03988471 0.05200000
v -0.03300000 0.03400000 0.04600000
v -0.03370232 0.03400000 0.04846917
v -0.03300000 0.03400000 0.04840000
v -0.03300000 0.03470232 0.04846917
v -0.03372840 0.03472840 0.04855053
v -0.03300000 0.03517054 0.04611529
v -0.03300000 0.03629610 0.04645672
v -0.03300000 0.03733342 0.04701118
v -0.03375045 0.03547207 0.04880159
v -0.03376325 0.03617356 0.04923358
v -0.03300000 0.03537766 0.04867403
v -0.03300000 0.03600005 0.04900671
v -0.03300000 0.03654559 0.04945441
v -0.03376325 0.03676642 0.04982644
v -0.03375045 0.03719841 0.05052793
v -0.03300000 0.03699329 0.04999995
v -0.03300000 0.03732597 0.05062234
v -0.03300000 0.03824264 0.04775736
v -0.03300000 0.03898882 0.04866658
v -0.03300000 0.03954328 0.04970390
v -0.03300000 0.03988471 0.05082946
v -0.03372840 0.03744947 0.05127160
v -0.03370232 0.03753083 0.05200000
v -0.03300000 0.03753083 0.05129768
v -0.03300000 0.03760000 0.05200000
v -0.03300000 0.04000000 0.05200000
v -0.03660000 0.03015735 0.05722215
v -0.03660000 0.03061940 0.05808658
v -0.03660000 0.03090393 0.05902455
v -0.03660000 0.03100000 0.06000000
v -0.03660000 0.03090393 0.06097545
v -0.03900000 0.03000000 0.06200000
v -0.03660000 0.03000000 0.06200000
v -0.03660000 0.03061940 0.06191342
v -0.03660000 0.03015735 0.06277785
v -0.03660000 0.03000000 0.06296958
v -0.03100000 0.03015735 0.05722215
v -0.03100000 0.03061940 0.05808658
v -0.03100000 0.03090393 0.05902455
v -0.03100000 0.03100000 0.06000000
v -0.03100000 0.03090393 0.06097545
v -0.03100000 0.03061940 0.06191342
v -0.03100000 0.03015735 0.06277785
v -0.02407107 0.03760000 0.06092893
v -0.02407107 0.04000000 0.06092893
v -0.02665926 0.03760000 0.06541181
v -0.02665926 0.04000000 0.06541181
v -0.02566025 0.03760000 0.06300000
v -0.02566025 0.04000000 0.06300000
v -0.02493353 0.03760000 0.06191238
v -0.02493353 0.04000000 0.06191238
v -0.02623880 0.03760000 0.06417316
v -0.02623880 0.04000000 0.06417316
v -0.02308761 0.03760000 0.06006647
v -0.02308761 0.04000000 0.06006647
v -0.02200000 0.03760000 0.05933974
v -0.02200000 0.04000000 0.05933974
v -0.01958819 0.03760000 0.05834074
v -0.01958819 0.04000000 0.05834074
v -0.02082683 0.03760000 0.05876120
v -0.02082683 0.04000000 0.05876120
v -0.02691445 0.03760000 0.06669474
v -0.02700000 0.03760000 0.06800000
v -0.02691445 0.04000000 0.06669474
v -0.02700000 0.04000000 0.06800000
v -0.01656725 0.00068282 0.04600000
v -0.01656725 0.00068282 0.04840000
v -0.01752513 0.00247487 0.04600000
v -0.01676642 0.00133939 0.04600000
v -0.01708986 0.00194450 0.04600000
v -0.01752513 0.00247487 0.04840000
v -0.01676642 0.00133939 0.04840000
v -0.01708986 0.00194450 0.04840000
v -0.01866061 0.00323358 0.04600000
v -0.01805550 0.00291014 0.04600000
v -0.01866061 0.00323358 0.04840000
v -0.01805550 0.00291014 0.04840000
v -0.01650000 0.00000000 0.04600000
v -0.01650000 0.00000000 0.04840000
v -0.00920000 0.00000000 0.04600000
v -0.00917694 0.00023411 0.04600000
v -0.00910866 0.00045922 0.04600000
v -0.00920000 0.00000000 0.04840000
v -0.00917694 0.00023411 0.04840000
v -0.00910866 0.00045922 0.04840000
v -0.00899776 0.00066668 0.04600000
v -0.00884853 0.00084853 0.04600000
v -0.00866668 0.00099776 0.04600000
v -0.00845922 0.00110866 0.04600000
v -0.00823411 0.00117694 0.04600000
v -0.00800000 0.00120000 0.04600000
v -0.00776589 0.00117694 0.04600000
v -0.00899776 0.00066668 0.04840000
v -0.00884853 0.00084853 0.04840000
v -0.00866668 0.00099776 0.04840000
v -0.00845922 0.00110866 0.04840000
v -0.00823411 0.00117694 0.04840000
v -0.00800000 0.00120000 0.04840000
v -0.00776589 0.00117694 0.04840000
v -0.00754078 0.00110866 0.04600000
v -0.00715147 0.00084853 0.04600000
v -0.00733332 0.00099776 0.04600000
v -0.00682306 0.00023411 0.04600000
v -0.00689134 0.00045922 0.04600000
v -0.00680000 0.00000000 0.04600000
v -0.00700224 0.00066668 0.04600000
v -0.00754078 0.00110866 0.04840000
v -0.00715147 0.00084853 0.04840000
v -0.00733332 0.00099776 0.04840000
v -0.00682306 0.00023411 0.04840000
v -0.00689134 0.00045922 0.04840000
v -0.00680000 0.00000000 0.04840000
v -0.00700224 0.00066668 0.04840000
v -0.01830526 0.03760000 0.05808555
v -0.01830526 0.04000000 0.05808555
v -0.01700000 0.03760000 0.05800000
v -0.01700000 0.04000000 0.05800000
v -0.02700000 0.03760000 0.10400000
v -0.02691445 0.03760000 0.10530526
v -0.02700000 0.04000000 0.10400000
v -0.02691445 0.04000000 0.10530526
v -0.03660000 0.02246447 0.10846446
v -0.03660000 0.02184265 0.10922215
v -0.03660000 0.02138060 0.11008659
v -0.03660000 0.02322215 0.10784265
v -0.03660000 0.02408658 0.10738060
v -0.03660000 0.02109607 0.11102455
v -0.03660000 0.02100000 0.11200000
v -0.03660000 0.02109607 0.11297545
v -0.03660000 0.02138060 0.11391341
v -0.03660000 0.02184265 0.11477785
v -0.03660000 0.02246447 0.11553554
v -0.03660000 0.02489134 0.11154078
v -0.03660000 0.02482306 0.11176589
v -0.03660000 0.02480000 0.11200000
v -0.03660000 0.02482306 0.11223411
v -0.03660000 0.02489134 0.11245922
v -0.03660000 0.02502455 0.10709608
v -0.03660000 0.02600000 0.10700000
v -0.03660000 0.02697545 0.10709608
v -0.03660000 0.02554078 0.11089134
v -0.03660000 0.02576589 0.11082306
v -0.03660000 0.02600000 0.11080000
v -0.03660000 0.02623411 0.11082306
v -0.03660000 0.02645922 0.11089134
v -0.03660000 0.02791342 0.10738060
v -0.03660000 0.02877785 0.10784265
v -0.03660000 0.02953553 0.10846446
v -0.03660000 0.02515147 0.11115147
v -0.03660000 0.02500224 0.11133331
v -0.03660000 0.02533331 0.11100224
v -0.03660000 0.02500224 0.11266669
v -0.03660000 0.02515147 0.11284853
v -0.03660000 0.02533331 0.11299776
v -0.03660000 0.02554078 0.11310866
v -0.03660000 0.02576589 0.11317694
v -0.03660000 0.02623411 0.11317694
v -0.03660000 0.02600000 0.11320000
v -0.03660000 0.02666669 0.11100224
v -0.03660000 0.02684853 0.11115147
v -0.03660000 0.02699776 0.11133331
v -0.03660000 0.02710866 0.11154078
v -0.03660000 0.02717694 0.11176589
v -0.03660000 0.02717694 0.11223411
v -0.03660000 0.02720000 0.11200000
v -0.03660000 0.02684853 0.11284853
v -0.03660000 0.02645922 0.11310866
v -0.03660000 0.02666669 0.11299776
v -0.03660000 0.02710866 0.11245922
v -0.03660000 0.02699776 0.11266669
v -0.03900000 0.02993156 0.11104421
v -0.03900000 0.02972741 0.11207055
v -0.03900000 0.02939104 0.11306147
v -0.03660000 0.02993156 0.11104421
v -0.03660000 0.02972741 0.11207055
v -0.03660000 0.02939104 0.11306147
v -0.03900000 0.02765685 0.11565685
v -0.03900000 0.02834683 0.11487009
v -0.03900000 0.02892820 0.11400000
v -0.03660000 0.02765685 0.11565685
v -0.03660000 0.02834683 0.11487009
v -0.03660000 0.02892820 0.11400000
v -0.03660000 0.02953553 0.11553554
v -0.03290000 0.02385000 0.11075870
v -0.03100000 0.02246447 0.10846446
v -0.03100000 0.02184265 0.10922215
v -0.03100000 0.02138060 0.11008659
v -0.03100000 0.02322215 0.10784265
v -0.03100000 0.02408658 0.10738060
v -0.03100000 0.02385000 0.11075870
v -0.03290000 0.02489134 0.11154078
v -0.03290000 0.02482306 0.11176589
v -0.03290000 0.02480000 0.11200000
v -0.03290000 0.02482306 0.11223411
v -0.03290000 0.02385000 0.11324130
v -0.03290000 0.02489134 0.11245922
v -0.03100000 0.02109607 0.11102455
v -0.03100000 0.02100000 0.11200000
v -0.03100000 0.02109607 0.11297545
v -0.03100000 0.02138060 0.11391341
v -0.03100000 0.02184265 0.11477785
v -0.03100000 0.02246447 0.11553554
v -0.03100000 0.02385000 0.11324130
v -0.03290000 0.02600000 0.10951740
v -0.03290000 0.02554078 0.11089134
v -0.03290000 0.02576589 0.11082306
v -0.03290000 0.02600000 0.11080000
v -0.03290000 0.02623411 0.11082306
v -0.03290000 0.02645922 0.11089134
v -0.03290000 0.02815000 0.11075870
v -0.03100000 0.02502455 0.10709608
v -0.03100000 0.02600000 0.10700000
v -0.03100000 0.02697545 0.10709608
v -0.03100000 0.02600000 0.10951740
v -0.03100000 0.02791342 0.10738060
v -0.03100000 0.02877785 0.10784265
v -0.03100000 0.02953553 0.10846446
v -0.03100000 0.02815000 0.11075870
v -0.03290000 0.02515147 0.11115147
v -0.03290000 0.02500224 0.11133331
v -0.03290000 0.02533331 0.11100224
v -0.03290000 0.02500224 0.11266669
v -0.03290000 0.02515147 0.11284853
v -0.03290000 0.02533331 0.11299776
v -0.03290000 0.02554078 0.11310866
v -0.03290000 0.02576589 0.11317694
v -0.03290000 0.02623411 0.11317694
v -0.03290000 0.02600000 0.11320000
v -0.03290000 0.02666669 0.11100224
v -0.03290000 0.02684853 0.11115147
v -0.03290000 0.02699776 0.11133331
v -0.03290000 0.02710866 0.11154078
v -0.03290000 0.02717694 0.11176589
v -0.03290000 0.02717694 0.11223411
v -0.03290000 0.02720000 0.11200000
v -0.03290000 0.02684853 0.11284853
v -0.03290000 0.02645922 0.11310866
v -0.03290000 0.02666669 0.11299776
v -0.03290000 0.02710866 0.11245922
v -0.03290000 0.02699776 0.11266669
v -0.03290000 0.02600000 0.11448260
v -0.03290000 0.02815000 0.11324130
v -0.03100000 0.02600000 0.11448260
v -0.03100000 0.02815000 0.11324130
v -0.03100000 0.02953553 0.11553554
v -0.03900000 0.02200000 0.11800000
v -0.03660000 0.02200000 0.11800000
v -0.03900000 0.02304421 0.11793156
v -0.03900000 0.02407055 0.11772741
v -0.03660000 0.02322215 0.11615735
v -0.03660000 0.02304421 0.11793156
v -0.03660000 0.02408658 0.11661940
v -0.03660000 0.02407055 0.11772741
v -0.03900000 0.02600000 0.11692820
v -0.03900000 0.02506147 0.11739104
v -0.03900000 0.02687009 0.11634682
v -0.03660000 0.02502455 0.11690392
v -0.03660000 0.02587865 0.11698804
v -0.03660000 0.02600000 0.11692820
v -0.03660000 0.02600000 0.11700000
v -0.03660000 0.02506147 0.11739104
v -0.03660000 0.02687009 0.11634682
v -0.03660000 0.02697545 0.11690392
v -0.03660000 0.02791342 0.11661940
v -0.03660000 0.02877785 0.11615735
v -0.03100000 0.02322215 0.11615735
v -0.03100000 0.02408658 0.11661940
v -0.03100000 0.02502455 0.11690392
v -0.03100000 0.02600000 0.11700000
v -0.03100000 0.02697545 0.11690392
v -0.03100000 0.02791342 0.11661940
v -0.03100000 0.02877785 0.11615735
v -0.03900000 0.03000000 0.11000000
v -0.03660000 0.03000000 0.10903042
v -0.03660000 0.03015735 0.10922215
v -0.03660000 0.03000000 0.11000000
v -0.03660000 0.03061940 0.11008659
v -0.03660000 0.03090393 0.11102455
v -0.03660000 0.03100000 0.11200000
v -0.03660000 0.03090393 0.11297545
v -0.03660000 0.03061940 0.11391341
v -0.03660000 0.03015735 0.11477785
v -0.03100000 0.03015735 0.10922215
v -0.03100000 0.03061940 0.11008659
v -0.03100000 0.03090393 0.11102455
v -0.03100000 0.03100000 0.11200000
v -0.03100000 0.03090393 0.11297545
v -0.03100000 0.03061940 0.11391341
v -0.03100000 0.03015735 0.11477785
v -0.03900000 0.03400000 0.12000000
v -0.03660000 0.03400000 0.12000000
v -0.03653083 0.03400000 0.12070232
v -0.03653083 0.03470232 0.12000000
v -0.03644947 0.03472840 0.12072840
v -0.03888471 0.03400000 0.12117054
v -0.03854328 0.03400000 0.12229610
v -0.03798882 0.03400000 0.12333342
v -0.03724264 0.03400000 0.12424264
v -0.03632597 0.03400000 0.12137766
v -0.03599329 0.03400000 0.12200005
v -0.03619841 0.03475045 0.12147207
v -0.03576642 0.03476325 0.12217356
v -0.03554559 0.03400000 0.12254559
v -0.03500005 0.03400000 0.12299329
v -0.03517356 0.03476325 0.12276642
v -0.03437766 0.03400000 0.12332597
v -0.03447207 0.03475045 0.12319841
v -0.03633342 0.03400000 0.12498882
v -0.03529610 0.03400000 0.12554327
v -0.03417054 0.03400000 0.12588471
v -0.03888471 0.03517054 0.12000000
v -0.03854328 0.03629610 0.12000000
v -0.03798882 0.03733342 0.12000000
v -0.03724264 0.03824264 0.12000000
v -0.03632597 0.03537766 0.12000000
v -0.03619841 0.03547207 0.12075045
v -0.03599329 0.03600005 0.12000000
v -0.03576642 0.03617356 0.12076325
v -0.03554559 0.03654559 0.12000000
v -0.03517356 0.03676642 0.12076325
v -0.03500005 0.03699329 0.12000000
v -0.03437766 0.03732597 0.12000000
v -0.03447207 0.03719841 0.12075045
v -0.03633342 0.03898882 0.12000000
v -0.03529610 0.03954328 0.12000000
v -0.03417054 0.03988471 0.12000000
v -0.03874912 0.03521401 0.12121400
v -0.03833068 0.03525076 0.12245345
v -0.03833068 0.03645345 0.12125076
v -0.03776463 0.03657860 0.12257860
v -0.03761070 0.03527209 0.12362260
v -0.03662260 0.03527209 0.12461069
v -0.03681427 0.03662731 0.12381426
v -0.03761070 0.03762260 0.12127209
v -0.03662260 0.03861070 0.12127209
v -0.03681427 0.03781427 0.12262731
v -0.03585878 0.03554716 0.12154716
v -0.03528856 0.03557639 0.12228856
v -0.03528856 0.03628856 0.12157639
v -0.03454716 0.03554716 0.12285878
v -0.03454716 0.03685878 0.12154716
v -0.03457639 0.03628856 0.12228856
v -0.03545345 0.03525076 0.12533069
v -0.03557860 0.03657860 0.12476463
v -0.03421401 0.03521401 0.12574912
v -0.03425076 0.03645345 0.12533069
v -0.03545345 0.03933068 0.12125076
v -0.03557860 0.03876463 0.12257860
v -0.03421401 0.03974912 0.12121400
v -0.03425076 0.03933068 0.12245345
v -0.03562731 0.03781427 0.12381426
v -0.03427209 0.03762260 0.12461069
v -0.03427209 0.03861070 0.12362260
v -0.03372840 0.03472840 0.12344947
v -0.03370232 0.03400000 0.12353083
v -0.03300000 0.03400000 0.12360000
v -0.03300000 0.03470232 0.12353083
v -0.03300000 0.03400000 0.12600000
v -0.03372840 0.03744947 0.12072840
v -0.03370232 0.03753083 0.12000000
v -0.03300000 0.03760000 0.12000000
v -0.03300000 0.03753083 0.12070232
v -0.03300000 0.04000000 0.12000000
v -0.03375045 0.03547207 0.12319841
v -0.03376325 0.03617356 0.12276642
v -0.03300000 0.03537766 0.12332597
v -0.03300000 0.03600005 0.12299329
v -0.03376325 0.03676642 0.12217356
v -0.03375045 0.03719841 0.12147207
v -0.03300000 0.03732597 0.12137766
v -0.03300000 0.03699329 0.12200005
v -0.03300000 0.03654559 0.12254559
v -0.03300000 0.03517054 0.12588471
v -0.03300000 0.03629610 0.12554327
v -0.03300000 0.03733342 0.12498882
v -0.03300000 0.03988471 0.12117054
v -0.03300000 0.03898882 0.12333342
v -0.03300000 0.03954328 0.12229610
v -0.03300000 0.03824264 0.12424264
v -0.02665926 0.03760000 0.10658819
v -0.02665926 0.04000000 0.10658819
v -0.02623880 0.03760000 0.10782684
v -0.02623880 0.04000000 0.10782684
v -0.02566025 0.03760000 0.10900000
v -0.02566025 0.04000000 0.10900000
v -0.02493353 0.03760000 0.11008762
v -0.02493353 0.04000000 0.11008762
v -0.02407107 0.03760000 0.11107107
v -0.02407107 0.04000000 0.11107107
v -0.02308761 0.03760000 0.11193353
v -0.02308761 0.04000000 0.11193353
v -0.02200000 0.03760000 0.11266026
v -0.02200000 0.04000000 0.11266026
v -0.02082683 0.03760000 0.11323879
v -0.02082683 0.04000000 0.11323879
v -0.01958819 0.03760000 0.11365926
v -0.01958819 0.04000000 0.11365926
v -0.01830526 0.03760000 0.11391445
v -0.01830526 0.04000000 0.11391445
v -0.01700000 0.03760000 0.11400000
v -0.01700000 0.04000000 0.11400000
v 0.01900000 -0.04000000 0.05800000
v 0.01900000 -0.03760000 0.05800000
v 0.02030526 -0.04000000 0.05808555
v 0.02030526 -0.03760000 0.05808555
v 0.00700224 -0.00066668 0.04600000
v 0.00715147 -0.00084853 0.04600000
v 0.00689134 -0.00045922 0.04600000
v 0.00682306 -0.00023411 0.04600000
v 0.00700224 -0.00066668 0.04840000
v 0.00715147 -0.00084853 0.04840000
v 0.00689134 -0.00045922 0.04840000
v 0.00682306 -0.00023411 0.04840000
v 0.00733332 -0.00099776 0.04600000
v 0.00754078 -0.00110866 0.04600000
v 0.00776589 -0.00117694 0.04600000
v 0.00800000 -0.00120000 0.04600000
v 0.00823411 -0.00117694 0.04600000
v 0.00845922 -0.00110866 0.04600000
v 0.00733332 -0.00099776 0.04840000
v 0.00754078 -0.00110866 0.04840000
v 0.00776589 -0.00117694 0.04840000
v 0.00800000 -0.00120000 0.04840000
v 0.00823411 -0.00117694 0.04840000
v 0.00845922 -0.00110866 0.04840000
v 0.00866668 -0.00099776 0.04600000
v 0.00884853 -0.00084853 0.04600000
v 0.00899776 -0.00066668 0.04600000
v 0.00910866 -0.00045922 0.04600000
v 0.00917694 -0.00023411 0.04600000
v 0.00866668 -0.00099776 0.04840000
v 0.00884853 -0.00084853 0.04840000
v 0.00899776 -0.00066668 0.04840000
v 0.00910866 -0.00045922 0.04840000
v 0.00917694 -0.00023411 0.04840000
v 0.02158819 -0.04000000 0.05834074
v 0.02158819 -0.03760000 0.05834074
v 0.02282683 -0.04000000 0.05876120
v 0.02282683 -0.03760000 0.05876120
v 0.02400000 -0.04000000 0.05933974
v 0.02400000 -0.03760000 0.05933974
v 0.02508761 -0.04000000 0.06006647
v 0.02508761 -0.03760000 0.06006647
v 0.02607107 -0.04000000 0.06092893
v 0.02607107 -0.03760000 0.06092893
v 0.02693353 -0.04000000 0.06191238
v 0.02693353 -0.03760000 0.06191238
v 0.02766025 -0.04000000 0.06300000
v 0.02766025 -0.03760000 0.06300000
v 0.02823880 -0.04000000 0.06417316
v 0.02823880 -0.03760000 0.06417316
v 0.02865926 -0.04000000 0.06541181
v 0.02865926 -0.03760000 0.06541181
v 0.04100000 -0.03824264 0.04775736
v 0.04100000 -0.03954328 0.04970390
v 0.04100000 -0.03898882 0.04866658
v 0.04100000 -0.03988471 0.05082946
v 0.04100000 -0.03733342 0.04701118
v 0.04100000 -0.03629610 0.04645672
v 0.04100000 -0.03517054 0.04611529
v 0.03860000 -0.03654559 0.04945441
v 0.03860000 -0.03699329 0.04999995
v 0.03860000 -0.03732597 0.05062234
v 0.03860000 -0.03600005 0.04900671
v 0.03860000 -0.03537766 0.04867403
v 0.03860000 -0.03753083 0.05129768
v 0.03860000 -0.03760000 0.05200000
v 0.04100000 -0.04000000 0.05200000
v 0.03860000 -0.03470232 0.04846917
v 0.03860000 -0.03400000 0.04840000
v 0.04100000 -0.03400000 0.04600000
v 0.03860000 -0.02687009 0.05565317
v 0.03860000 -0.02506147 0.05460896
v 0.03860000 -0.02600000 0.05507180
v 0.04100000 -0.02687009 0.05565317
v 0.04100000 -0.02506147 0.05460896
v 0.04100000 -0.02600000 0.05507180
v 0.03860000 -0.02141421 0.04958579
v 0.03860000 -0.02193185 0.05048236
v 0.03860000 -0.02198289 0.05073895
v 0.03860000 -0.02173205 0.05000000
v 0.03860000 -0.02158671 0.04978248
v 0.03860000 -0.02184776 0.05023463
v 0.03860000 -0.02121752 0.04941329
v 0.03860000 -0.02100000 0.04926795
v 0.03860000 -0.02076537 0.04915224
v 0.03860000 -0.02051764 0.04906815
v 0.03860000 -0.02026105 0.04901711
v 0.04100000 -0.02141421 0.04958579
v 0.04100000 -0.02193185 0.05048236
v 0.04100000 -0.02198289 0.05073895
v 0.04100000 -0.02173205 0.05000000
v 0.04100000 -0.02158671 0.04978248
v 0.04100000 -0.02184776 0.05023463
v 0.04100000 -0.02121752 0.04941329
v 0.04100000 -0.02100000 0.04926795
v 0.04100000 -0.02076537 0.04915224
v 0.04100000 -0.02051764 0.04906815
v 0.04100000 -0.02026105 0.04901711
v 0.03860000 -0.02407055 0.05427259
v 0.03860000 -0.02304421 0.05406844
v 0.04100000 -0.02407055 0.05427259
v 0.04100000 -0.02304421 0.05406844
v 0.03860000 -0.02200000 0.05100000
v 0.04100000 -0.02200000 0.05100000
v 0.03860000 -0.02200000 0.05400000
v 0.04100000 -0.02200000 0.05400000
v 0.03860000 -0.02892820 0.05800000
v 0.03860000 -0.02834683 0.05712991
v 0.03860000 -0.02765685 0.05634315
v 0.04100000 -0.02892820 0.05800000
v 0.04100000 -0.02834683 0.05712991
v 0.04100000 -0.02765685 0.05634315
v 0.03860000 -0.02939104 0.05893853
v 0.03860000 -0.02972741 0.05992945
v 0.03860000 -0.02993156 0.06095579
v 0.04100000 -0.02939104 0.05893853
v 0.04100000 -0.02972741 0.05992945
v 0.04100000 -0.02993156 0.06095579
v 0.03860000 -0.03000000 0.06200000
v 0.04100000 -0.03000000 0.06200000
v 0.02891445 -0.04000000 0.06669474
v 0.02900000 -0.04000000 0.06800000
v 0.02891445 -0.03760000 0.06669474
v 0.02900000 -0.03760000 0.06800000
v 0.02900000 -0.03849441 0.07333329
v 0.02900000 -0.03766671 0.07250559
v 0.02900000 -0.03760000 0.07246993
v 0.02900000 -0.03812132 0.07287868
v 0.02900000 -0.03877164 0.07385195
v 0.02900000 -0.03894236 0.07441473
v 0.02900000 -0.03900000 0.07500000
v 0.02900000 -0.03894236 0.07558527
v 0.02900000 -0.03877164 0.07614805
v 0.02900000 -0.03849441 0.07666671
v 0.02900000 -0.03812132 0.07712132
v 0.02900000 -0.03766671 0.07749441
v 0.02900000 -0.03760000 0.07753007
v 0.03200000 -0.03753074 0.07130448
v 0.03200000 -0.03760000 0.07134151
v 0.03200000 -0.03849441 0.07333329
v 0.03200000 -0.03766671 0.07250559
v 0.03200000 -0.03760000 0.07246993
v 0.03200000 -0.03758903 0.07246407
v 0.03200000 -0.03812132 0.07287868
v 0.03200000 -0.03877164 0.07385195
v 0.03200000 -0.03894236 0.07441473
v 0.03200000 -0.03900000 0.07500000
v 0.03200000 -0.03894236 0.07558527
v 0.03200000 -0.03757059 0.07434944
v 0.03200000 -0.03766734 0.07466835
v 0.03200000 -0.03760000 0.07444637
v 0.03200000 -0.03770000 0.07500000
v 0.03200000 -0.03766734 0.07533165
v 0.03200000 -0.03765766 0.07536354
v 0.03200000 -0.03760000 0.07555363
v 0.03200000 -0.03757059 0.07565056
v 0.03200000 -0.03678036 0.07107686
v 0.03200000 -0.03665056 0.07342941
v 0.03200000 -0.03633165 0.07333266
v 0.03200000 -0.03600000 0.07100000
v 0.03200000 -0.03521964 0.07107686
v 0.03200000 -0.03600000 0.07330000
v 0.03200000 -0.03566835 0.07333266
v 0.03200000 -0.03534944 0.07342941
v 0.03200000 -0.03720208 0.07379792
v 0.03200000 -0.03741350 0.07405553
v 0.03200000 -0.03694447 0.07358650
v 0.03200000 -0.03741350 0.07594447
v 0.03200000 -0.03505553 0.07358650
v 0.03200000 -0.03446926 0.07130448
v 0.03200000 -0.03377772 0.07167412
v 0.03200000 -0.03472416 0.07229666
v 0.03200000 -0.03433329 0.07250559
v 0.03200000 -0.03317157 0.07217157
v 0.03200000 -0.03267412 0.07277772
v 0.03200000 -0.03479792 0.07379792
v 0.03200000 -0.03458650 0.07405553
v 0.03200000 -0.03442941 0.07434944
v 0.03200000 -0.03433266 0.07466835
v 0.03200000 -0.03442941 0.07565056
v 0.03200000 -0.03458650 0.07594447
v 0.03200000 -0.03430000 0.07500000
v 0.03200000 -0.03433266 0.07533165
v 0.03200000 -0.03309750 0.07428333
v 0.03200000 -0.03305764 0.07441473
v 0.03200000 -0.03301346 0.07486334
v 0.03200000 -0.03300351 0.07496437
v 0.03200000 -0.03300000 0.07500000
v 0.03200000 -0.03305764 0.07558527
v 0.03200000 -0.03230448 0.07346927
v 0.03200000 -0.03207686 0.07421964
v 0.03200000 -0.03200000 0.07500000
v 0.03200000 -0.03207686 0.07578036
v 0.03860000 -0.03753074 0.07130448
v 0.03860000 -0.03760000 0.07134151
v 0.04100000 -0.03757059 0.07434944
v 0.04100000 -0.03766734 0.07466835
v 0.04100000 -0.03770000 0.07500000
v 0.04100000 -0.03766734 0.07533165
v 0.04100000 -0.03757059 0.07565056
v 0.03860000 -0.03678036 0.07107686
v 0.03860000 -0.03600000 0.07100000
v 0.03860000 -0.03521964 0.07107686
v 0.04100000 -0.03665056 0.07342941
v 0.04100000 -0.03633165 0.07333266
v 0.04100000 -0.03600000 0.07330000
v 0.04100000 -0.03566835 0.07333266
v 0.04100000 -0.03534944 0.07342941
v 0.04100000 -0.03720208 0.07379792
v 0.04100000 -0.03741350 0.07405553
v 0.04100000 -0.03694447 0.07358650
v 0.04100000 -0.03741350 0.07594447
v 0.04100000 -0.03505553 0.07358650
v 0.03860000 -0.03446926 0.07130448
v 0.03860000 -0.03377772 0.07167412
v 0.03860000 -0.03317157 0.07217157
v 0.03860000 -0.03267412 0.07277772
v 0.04100000 -0.03479792 0.07379792
v 0.04100000 -0.03458650 0.07405553
v 0.04100000 -0.03442941 0.07434944
v 0.04100000 -0.03433266 0.07466835
v 0.04100000 -0.03442941 0.07565056
v 0.04100000 -0.03458650 0.07594447
v 0.04100000 -0.03430000 0.07500000
v 0.04100000 -0.03433266 0.07533165
v 0.03860000 -0.03230448 0.07346927
v 0.03860000 -0.03207686 0.07421964
v 0.03860000 -0.03200000 0.07500000
v 0.03860000 -0.03207686 0.07578036
v 0.03200000 -0.03877164 0.07614805
v 0.03200000 -0.03849441 0.07666671
v 0.03200000 -0.03812132 0.07712132
v 0.03200000 -0.03766671 0.07749441
v 0.03200000 -0.03760000 0.07753007
v 0.03200000 -0.03752520 0.07757005
v 0.03200000 -0.03760000 0.07865849
v 0.03200000 -0.03753074 0.07869552
v 0.03200000 -0.03720208 0.07620208
v 0.03200000 -0.03694447 0.07641350
v 0.03200000 -0.03665056 0.07657059
v 0.03200000 -0.03633165 0.07666734
v 0.03200000 -0.03667505 0.07791512
v 0.03200000 -0.03658527 0.07794236
v 0.03200000 -0.03628288 0.07797214
v 0.03200000 -0.03600000 0.07670000
v 0.03200000 -0.03566835 0.07666734
v 0.03200000 -0.03534944 0.07657059
v 0.03200000 -0.03505553 0.07641350
v 0.03200000 -0.03678036 0.07892314
v 0.03200000 -0.03600000 0.07900000
v 0.03200000 -0.03521964 0.07892314
v 0.03200000 -0.03479792 0.07620208
v 0.03200000 -0.03377772 0.07832588
v 0.03200000 -0.03322836 0.07614805
v 0.03200000 -0.03340052 0.07647013
v 0.03200000 -0.03267412 0.07722228
v 0.03200000 -0.03317157 0.07782843
v 0.03200000 -0.03446926 0.07869552
v 0.03200000 -0.03230448 0.07653073
v 0.03860000 -0.03760000 0.07865849
v 0.03860000 -0.03753074 0.07869552
v 0.04100000 -0.03720208 0.07620208
v 0.04100000 -0.03694447 0.07641350
v 0.04100000 -0.03665056 0.07657059
v 0.04100000 -0.03633165 0.07666734
v 0.04100000 -0.03600000 0.07670000
v 0.04100000 -0.03566835 0.07666734
v 0.04100000 -0.03534944 0.07657059
v 0.04100000 -0.03505553 0.07641350
v 0.03860000 -0.03678036 0.07892314
v 0.03860000 -0.03600000 0.07900000
v 0.03860000 -0.03521964 0.07892314
v 0.03860000 -0.03377772 0.07832588
v 0.03860000 -0.03267412 0.07722228
v 0.03860000 -0.03317157 0.07782843
v 0.04100000 -0.03479792 0.07620208
v 0.03860000 -0.03446926 0.07869552
v 0.03860000 -0.03230448 0.07653073
v 0.03860000 -0.02000000 0.04900000
v 0.04100000 -0.02000000 0.04900000
v 0.01900000 -0.04000000 0.11400000
v 0.01900000 -0.03760000 0.11400000
v 0.02030526 -0.04000000 0.11391445
v 0.02030526 -0.03760000 0.11391445
v 0.02900000 -0.04000000 0.10400000
v 0.02891445 -0.04000000 0.10530526
v 0.02900000 -0.03760000 0.10400000
v 0.02891445 -0.03760000 0.10530526
v 0.02282683 -0.04000000 0.11323879
v 0.02282683 -0.03760000 0.11323879
v 0.02158819 -0.04000000 0.11365926
v 0.02158819 -0.03760000 0.11365926
v 0.02400000 -0.04000000 0.11266026
v 0.02400000 -0.03760000 0.11266026
v 0.02508761 -0.04000000 0.11193353
v 0.02508761 -0.03760000 0.11193353
v 0.02823880 -0.04000000 0.10782684
v 0.02823880 -0.03760000 0.10782684
v 0.02693353 -0.04000000 0.11008762
v 0.02693353 -0.03760000 0.11008762
v 0.02766025 -0.04000000 0.10900000
v 0.02766025 -0.03760000 0.10900000
v 0.02865926 -0.04000000 0.10658819
v 0.02865926 -0.03760000 0.10658819
v 0.02607107 -0.04000000 0.11107107
v 0.02607107 -0.03760000 0.11107107
v 0.02850000 -0.03877164 0.12085195
v 0.02850000 -0.03766671 0.11950559
v 0.02850000 -0.03760000 0.11946993
v 0.02850000 -0.03849441 0.12033329
v 0.02850000 -0.03812132 0.11987868
v 0.02850000 -0.03760000 0.12000000
v 0.02850000 -0.03753083 0.12070232
v 0.02850000 -0.03894236 0.12141473
v 0.02850000 -0.03900000 0.12200000
v 0.02850000 -0.03894236 0.12258527
v 0.02850000 -0.03877164 0.12314805
v 0.02850000 -0.03849441 0.12366671
v 0.02850000 -0.03812132 0.12412132
v 0.02850000 -0.03766671 0.12449441
v 0.02850000 -0.03742432 0.12105342
v 0.02850000 -0.03741632 0.12107980
v 0.02850000 -0.03732597 0.12137766
v 0.02850000 -0.03699329 0.12200005
v 0.02850000 -0.03654559 0.12254559
v 0.02850000 -0.03600005 0.12299329
v 0.02850000 -0.03537766 0.12332597
v 0.02850000 -0.03507980 0.12341633
v 0.02850000 -0.03714805 0.12477164
v 0.02850000 -0.03658527 0.12494236
v 0.02850000 -0.03600000 0.12500000
v 0.02850000 -0.03541473 0.12494236
v 0.02850000 -0.03470232 0.12353083
v 0.02850000 -0.03473869 0.12351980
v 0.02850000 -0.03400000 0.12360000
v 0.02850000 -0.03387868 0.12412132
v 0.02850000 -0.03433329 0.12449441
v 0.02850000 -0.03485195 0.12477164
v 0.02850000 -0.03346993 0.12360000
v 0.02850000 -0.03350559 0.12366671
v 0.03200000 -0.03760000 0.11834151
v 0.03200000 -0.03753074 0.11830448
v 0.03200000 -0.03877164 0.12085195
v 0.03200000 -0.03766671 0.11950559
v 0.03200000 -0.03760000 0.11946993
v 0.03200000 -0.03849441 0.12033329
v 0.03200000 -0.03812132 0.11987868
v 0.03200000 -0.03760000 0.12000000
v 0.03200000 -0.03753083 0.12070232
v 0.03200000 -0.03678036 0.11807686
v 0.03200000 -0.03600000 0.11800000
v 0.03200000 -0.03521964 0.11807686
v 0.03200000 -0.03720208 0.12079792
v 0.03200000 -0.03694447 0.12058650
v 0.03200000 -0.03633165 0.12033266
v 0.03200000 -0.03665056 0.12042941
v 0.03200000 -0.03579145 0.11902054
v 0.03200000 -0.03541473 0.11905764
v 0.03200000 -0.03513125 0.11914364
v 0.03200000 -0.03600000 0.12030000
v 0.03200000 -0.03566835 0.12033266
v 0.03200000 -0.03534944 0.12042941
v 0.03200000 -0.03505553 0.12058650
v 0.03200000 -0.03989048 0.12111197
v 0.03200000 -0.03992314 0.12121964
v 0.03200000 -0.03988471 0.12117054
v 0.03200000 -0.04000000 0.12200000
v 0.03200000 -0.03894236 0.12141473
v 0.03200000 -0.03900000 0.12200000
v 0.03200000 -0.03992314 0.12278036
v 0.03200000 -0.03954328 0.12229610
v 0.03200000 -0.03894236 0.12258527
v 0.03200000 -0.03877164 0.12314805
v 0.03200000 -0.03898882 0.12333342
v 0.03200000 -0.03757059 0.12134944
v 0.03200000 -0.03766734 0.12166835
v 0.03200000 -0.03770000 0.12200000
v 0.03200000 -0.03766734 0.12233165
v 0.03200000 -0.03757059 0.12265056
v 0.03200000 -0.03969552 0.12353073
v 0.03200000 -0.03932588 0.12422228
v 0.03200000 -0.03882843 0.12482843
v 0.03200000 -0.03849441 0.12366671
v 0.03200000 -0.03824264 0.12424264
v 0.03200000 -0.03812132 0.12412132
v 0.03200000 -0.03766671 0.12449441
v 0.03200000 -0.03822228 0.12532588
v 0.03200000 -0.03753074 0.12569552
v 0.03200000 -0.03741350 0.12105553
v 0.03200000 -0.03741999 0.12106769
v 0.03200000 -0.03741350 0.12294447
v 0.03200000 -0.03720208 0.12320208
v 0.03200000 -0.03694447 0.12341350
v 0.03200000 -0.03506769 0.12342000
v 0.03200000 -0.03505553 0.12341350
v 0.03200000 -0.03665056 0.12357059
v 0.03200000 -0.03633165 0.12366734
v 0.03200000 -0.03733342 0.12498882
v 0.03200000 -0.03714805 0.12477164
v 0.03200000 -0.03658527 0.12494236
v 0.03200000 -0.03678036 0.12592314
v 0.03200000 -0.03629610 0.12554327
v 0.03200000 -0.03600000 0.12370000
v 0.03200000 -0.03566835 0.12366734
v 0.03200000 -0.03534944 0.12357059
v 0.03200000 -0.03532005 0.12355489
v 0.03200000 -0.03600000 0.12500000
v 0.03200000 -0.03600000 0.12600000
v 0.03200000 -0.03541473 0.12494236
v 0.03200000 -0.03517054 0.12588471
v 0.03200000 -0.03521964 0.12592314
v 0.03200000 -0.03511197 0.12589048
v 0.03200000 -0.03446926 0.11830448
v 0.03200000 -0.03449501 0.11941915
v 0.03200000 -0.03377772 0.11867412
v 0.03200000 -0.03433329 0.11950559
v 0.03200000 -0.03479792 0.12079792
v 0.03200000 -0.03387868 0.11987868
v 0.03200000 -0.03317157 0.11917157
v 0.03200000 -0.03359751 0.12022128
v 0.03200000 -0.03322836 0.12085195
v 0.03200000 -0.03267412 0.11977772
v 0.03200000 -0.03230448 0.12046927
v 0.03200000 -0.03458650 0.12105553
v 0.03200000 -0.03442941 0.12134944
v 0.03200000 -0.03433266 0.12166835
v 0.03200000 -0.03430000 0.12200000
v 0.03200000 -0.03442941 0.12265056
v 0.03200000 -0.03479792 0.12320208
v 0.03200000 -0.03458650 0.12294447
v 0.03200000 -0.03433266 0.12233165
v 0.03200000 -0.03305764 0.12141473
v 0.03200000 -0.03304344 0.12155892
v 0.03200000 -0.03322836 0.12314805
v 0.03200000 -0.03302709 0.12227504
v 0.03200000 -0.03305764 0.12258527
v 0.03200000 -0.03387868 0.12412132
v 0.03200000 -0.03433329 0.12449441
v 0.03200000 -0.03485195 0.12477164
v 0.03200000 -0.03346993 0.12360000
v 0.03200000 -0.03350559 0.12366671
v 0.03200000 -0.03207686 0.12121964
v 0.03200000 -0.03200000 0.12200000
v 0.03200000 -0.03207686 0.12278036
v 0.03200000 -0.03230448 0.12353073
v 0.03200000 -0.03234151 0.12360000
v 0.03860000 -0.03760000 0.11834151
v 0.03860000 -0.03753074 0.11830448
v 0.04100000 -0.04000000 0.12000000
v 0.03860000 -0.03678036 0.11807686
v 0.03860000 -0.03600000 0.11800000
v 0.03860000 -0.03521964 0.11807686
v 0.04100000 -0.03720208 0.12079792
v 0.04100000 -0.03694447 0.12058650
v 0.04100000 -0.03633165 0.12033266
v 0.04100000 -0.03665056 0.12042941
v 0.04100000 -0.03600000 0.12030000
v 0.04100000 -0.03566835 0.12033266
v 0.04100000 -0.03534944 0.12042941
v 0.04100000 -0.03505553 0.12058650
v 0.04100000 -0.03989048 0.12111197
v 0.04100000 -0.03992314 0.12121964
v 0.04100000 -0.03988471 0.12117054
v 0.04100000 -0.04000000 0.12200000
v 0.04100000 -0.03992314 0.12278036
v 0.04100000 -0.03954328 0.12229610
v 0.04100000 -0.03898882 0.12333342
v 0.04100000 -0.03757059 0.12134944
v 0.04100000 -0.03766734 0.12166835
v 0.04100000 -0.03770000 0.12200000
v 0.04100000 -0.03766734 0.12233165
v 0.04100000 -0.03757059 0.12265056
v 0.04100000 -0.03969552 0.12353073
v 0.04100000 -0.03932588 0.12422228
v 0.04100000 -0.03882843 0.12482843
v 0.04100000 -0.03824264 0.12424264
v 0.04100000 -0.03822228 0.12532588
v 0.04100000 -0.03753074 0.12569552
v 0.04100000 -0.03741350 0.12105553
v 0.04100000 -0.03741350 0.12294447
v 0.04100000 -0.03720208 0.12320208
v 0.04100000 -0.03694447 0.12341350
v 0.04100000 -0.03505553 0.12341350
v 0.04100000 -0.03665056 0.12357059
v 0.04100000 -0.03633165 0.12366734
v 0.04100000 -0.03733342 0.12498882
v 0.04100000 -0.03678036 0.12592314
v 0.04100000 -0.03629610 0.12554327
v 0.04100000 -0.03600000 0.12370000
v 0.04100000 -0.03566835 0.12366734
v 0.04100000 -0.03534944 0.12357059
v 0.04100000 -0.03600000 0.12600000
v 0.04100000 -0.03517054 0.12588471
v 0.04100000 -0.03521964 0.12592314
v 0.04100000 -0.03511197 0.12589048
v 0.03860000 -0.03446926 0.11830448
v 0.03860000 -0.03377772 0.11867412
v 0.03860000 -0.03317157 0.11917157
v 0.03860000 -0.03267412 0.11977772
v 0.04100000 -0.03479792 0.12079792
v 0.03860000 -0.03230448 0.12046927
v 0.04100000 -0.03458650 0.12105553
v 0.04100000 -0.03442941 0.12134944
v 0.04100000 -0.03433266 0.12166835
v 0.04100000 -0.03430000 0.12200000
v 0.04100000 -0.03442941 0.12265056
v 0.04100000 -0.03479792 0.12320208
v 0.04100000 -0.03458650 0.12294447
v 0.04100000 -0.03433266 0.12233165
v 0.04100000 -0.03400000 0.12600000
v 0.03860000 -0.03207686 0.12121964
v 0.03860000 -0.03200000 0.12200000
v 0.03860000 -0.03207686 0.12278036
v 0.03860000 -0.03230448 0.12353073
v 0.03860000 -0.03234151 0.12360000
v 0.03860000 -0.03000000 0.11000000
v 0.04100000 -0.03000000 0.11000000
v 0.03860000 -0.02993156 0.11104421
v 0.03860000 -0.02972741 0.11207055
v 0.03860000 -0.02939104 0.11306147
v 0.04100000 -0.02993156 0.11104421
v 0.04100000 -0.02972741 0.11207055
v 0.04100000 -0.02939104 0.11306147
v 0.03860000 -0.02892820 0.11400000
v 0.03860000 -0.02834683 0.11487009
v 0.03860000 -0.02765685 0.11565685
v 0.04100000 -0.02892820 0.11400000
v 0.04100000 -0.02834683 0.11487009
v 0.04100000 -0.02765685 0.11565685
v 0.03860000 -0.02687009 0.11634682
v 0.03860000 -0.02600000 0.11692820
v 0.03860000 -0.02506147 0.11739104
v 0.04100000 -0.02687009 0.11634682
v 0.04100000 -0.02600000 0.11692820
v 0.04100000 -0.02506147 0.11739104
v 0.03860000 -0.02407055 0.11772741
v 0.03860000 -0.02304421 0.11793156
v 0.04100000 -0.02407055 0.11772741
v 0.04100000 -0.02304421 0.11793156
v 0.03860000 -0.02200000 0.11800000
v 0.04100000 -0.02200000 0.11800000
v 0.00680000 0.00000000 0.04600000
v 0.00682306 0.00023411 0.04600000
v 0.00689134 0.00045922 0.04600000
v 0.00700224 0.00066668 0.04600000
v 0.00715147 0.00084853 0.04600000
v 0.00680000 0.00000000 0.04840000
v 0.00682306 0.00023411 0.04840000
v 0.00689134 0.00045922 0.04840000
v 0.00700224 0.00066668 0.04840000
v 0.00715147 0.00084853 0.04840000
v 0.00733332 0.00099776 0.04600000
v 0.00754078 0.00110866 0.04600000
v 0.00776589 0.00117694 0.04600000
v 0.00800000 0.00120000 0.04600000
v 0.00823411 0.00117694 0.04600000
v 0.00845922 0.00110866 0.04600000
v 0.00733332 0.00099776 0.04840000
v 0.00754078 0.00110866 0.04840000
v 0.00776589 0.00117694 0.04840000
v 0.00800000 0.00120000 0.04840000
v 0.00823411 0.00117694 0.04840000
v 0.00845922 0.00110866 0.04840000
v 0.00910866 0.00045922 0.04600000
v 0.00866668 0.00099776 0.04600000
v 0.00884853 0.00084853 0.04600000
v 0.00899776 0.00066668 0.04600000
v 0.00920000 0.00000000 0.04600000
v 0.00917694 0.00023411 0.04600000
v 0.00910866 0.00045922 0.04840000
v 0.00866668 0.00099776 0.04840000
v 0.00884853 0.00084853 0.04840000
v 0.00899776 0.00066668 0.04840000
v 0.00920000 0.00000000 0.04840000
v 0.00917694 0.00023411 0.04840000
v 0.01900000 0.03760000 0.05800000
v 0.01900000 0.04000000 0.05800000
v 0.02030526 0.03760000 0.05808555
v 0.02030526 0.04000000 0.05808555
v 0.02158819 0.03760000 0.05834074
v 0.02158819 0.04000000 0.05834074
v 0.02282683 0.03760000 0.05876120
v 0.02282683 0.04000000 0.05876120
v 0.02400000 0.03760000 0.05933974
v 0.02400000 0.04000000 0.05933974
v 0.02508761 0.03760000 0.06006647
v 0.02508761 0.04000000 0.06006647
v 0.02607107 0.03760000 0.06092893
v 0.02607107 0.04000000 0.06092893
v 0.02693353 0.03760000 0.06191238
v 0.02693353 0.04000000 0.06191238
v 0.02766025 0.03760000 0.06300000
v 0.02766025 0.04000000 0.06300000
v 0.02823880 0.03760000 0.06417316
v 0.02823880 0.04000000 0.06417316
v 0.02865926 0.03760000 0.06541181
v 0.02865926 0.04000000 0.06541181
v 0.03860000 0.02000000 0.04900000
v 0.03860000 0.02026105 0.04901711
v 0.03860000 0.02051764 0.04906815
v 0.03860000 0.02076537 0.04915224
v 0.03860000 0.02100000 0.04926795
v 0.03860000 0.02121752 0.04941329
v 0.03860000 0.02141421 0.04958579
v 0.03860000 0.02158671 0.04978248
v 0.03860000 0.02173205 0.05000000
v 0.03860000 0.02184776 0.05023463
v 0.03860000 0.02193185 0.05048236
v 0.03860000 0.02198289 0.05073895
v 0.04100000 0.02000000 0.04900000
v 0.04100000 0.02026105 0.04901711
v 0.04100000 0.02051764 0.04906815
v 0.04100000 0.02076537 0.04915224
v 0.04100000 0.02100000 0.04926795
v 0.04100000 0.02121752 0.04941329
v 0.04100000 0.02141421 0.04958579
v 0.04100000 0.02158671 0.04978248
v 0.04100000 0.02173205 0.05000000
v 0.04100000 0.02184776 0.05023463
v 0.04100000 0.02193185 0.05048236
v 0.04100000 0.02198289 0.05073895
v 0.03860000 0.02200000 0.05100000
v 0.04100000 0.02200000 0.05100000
v 0.03860000 0.02200000 0.05400000
v 0.04100000 0.02200000 0.05400000
v 0.03860000 0.02304421 0.05406844
v 0.03860000 0.02407055 0.05427259
v 0.04100000 0.02304421 0.05406844
v 0.04100000 0.02407055 0.05427259
v 0.03860000 0.02506147 0.05460896
v 0.03860000 0.02600000 0.05507180
v 0.03860000 0.02687009 0.05565317
v 0.04100000 0.02506147 0.05460896
v 0.04100000 0.02600000 0.05507180
v 0.04100000 0.02687009 0.05565317
v 0.03860000 0.02765685 0.05634315
v 0.03860000 0.02834683 0.05712991
v 0.03860000 0.02892820 0.05800000
v 0.04100000 0.02765685 0.05634315
v 0.04100000 0.02834683 0.05712991
v 0.04100000 0.02892820 0.05800000
v 0.03860000 0.02939104 0.05893853
v 0.03860000 0.02972741 0.05992945
v 0.03860000 0.02993156 0.06095579
v 0.04100000 0.02939104 0.05893853
v 0.04100000 0.02972741 0.05992945
v 0.04100000 0.02993156 0.06095579
v 0.03860000 0.03400000 0.04840000
v 0.03860000 0.03470232 0.04846917
v 0.04100000 0.03400000 0.04600000
v 0.04100000 0.03517054 0.04611529
v 0.04100000 0.03629610 0.04645672
v 0.04100000 0.03733342 0.04701118
v 0.03860000 0.03537766 0.04867403
v 0.03860000 0.03600005 0.04900671
v 0.03860000 0.03654559 0.04945441
v 0.03860000 0.03699329 0.04999995
v 0.03860000 0.03732597 0.05062234
v 0.04100000 0.03824264 0.04775736
v 0.04100000 0.03898882 0.04866658
v 0.04100000 0.03954328 0.04970390
v 0.04100000 0.03988471 0.05082946
v 0.03860000 0.03753083 0.05129768
v 0.03860000 0.03760000 0.05200000
v 0.04100000 0.04000000 0.05200000
v 0.03860000 0.03000000 0.06200000
v 0.04100000 0.03000000 0.06200000
v 0.02891445 0.03760000 0.06669474
v 0.02900000 0.03760000 0.06800000
v 0.02891445 0.04000000 0.06669474
v 0.02900000 0.04000000 0.06800000
v 0.02900000 0.03760000 0.07246993
v 0.02900000 0.03766671 0.07250559
v 0.02900000 0.03812132 0.07287868
v 0.02900000 0.03849441 0.07333329
v 0.02900000 0.03877164 0.07385195
v 0.02900000 0.03894236 0.07441473
v 0.02900000 0.03900000 0.07500000
v 0.02900000 0.03894236 0.07558527
v 0.02900000 0.03812132 0.07712132
v 0.02900000 0.03849441 0.07666671
v 0.02900000 0.03760000 0.07753007
v 0.02900000 0.03766671 0.07749441
v 0.02900000 0.03877164 0.07614805
v 0.03200000 0.03230448 0.07346927
v 0.03200000 0.03207686 0.07421964
v 0.03200000 0.03200000 0.07500000
v 0.03200000 0.03207686 0.07578036
v 0.03200000 0.03317157 0.07217157
v 0.03200000 0.03267412 0.07277772
v 0.03200000 0.03350559 0.07333329
v 0.03200000 0.03377772 0.07167412
v 0.03200000 0.03446926 0.07130448
v 0.03200000 0.03485195 0.07222836
v 0.03200000 0.03433329 0.07250559
v 0.03200000 0.03387868 0.07287868
v 0.03200000 0.03305764 0.07441473
v 0.03200000 0.03322836 0.07385195
v 0.03200000 0.03300000 0.07500000
v 0.03200000 0.03300991 0.07510059
v 0.03200000 0.03314813 0.07588358
v 0.03200000 0.03433266 0.07466835
v 0.03200000 0.03458650 0.07405553
v 0.03200000 0.03479792 0.07379792
v 0.03200000 0.03442941 0.07434944
v 0.03200000 0.03430000 0.07500000
v 0.03200000 0.03433266 0.07533165
v 0.03200000 0.03442941 0.07565056
v 0.03200000 0.03458650 0.07594447
v 0.03200000 0.03521964 0.07107686
v 0.03200000 0.03541473 0.07205764
v 0.03200000 0.03600000 0.07100000
v 0.03200000 0.03600000 0.07200000
v 0.03200000 0.03534944 0.07342941
v 0.03200000 0.03566835 0.07333266
v 0.03200000 0.03600000 0.07330000
v 0.03200000 0.03678036 0.07107686
v 0.03200000 0.03658527 0.07205764
v 0.03200000 0.03714805 0.07222836
v 0.03200000 0.03633165 0.07333266
v 0.03200000 0.03665056 0.07342941
v 0.03200000 0.03505553 0.07358650
v 0.03200000 0.03694447 0.07358650
v 0.03200000 0.03720208 0.07379792
v 0.03200000 0.03741350 0.07405553
v 0.03200000 0.03741350 0.07594447
v 0.03200000 0.03753074 0.07130448
v 0.03200000 0.03760000 0.07134151
v 0.03200000 0.03752520 0.07242995
v 0.03200000 0.03760000 0.07246993
v 0.03200000 0.03758903 0.07246407
v 0.03200000 0.03766671 0.07250559
v 0.03200000 0.03812132 0.07287868
v 0.03200000 0.03849441 0.07333329
v 0.03200000 0.03757059 0.07434944
v 0.03200000 0.03760000 0.07444637
v 0.03200000 0.03766734 0.07466835
v 0.03200000 0.03765766 0.07463646
v 0.03200000 0.03770000 0.07500000
v 0.03200000 0.03766734 0.07533165
v 0.03200000 0.03757059 0.07565056
v 0.03200000 0.03760000 0.07555363
v 0.03200000 0.03877164 0.07385195
v 0.03200000 0.03894236 0.07441473
v 0.03200000 0.03900000 0.07500000
v 0.03200000 0.03894236 0.07558527
v 0.03860000 0.03230448 0.07346927
v 0.03860000 0.03207686 0.07421964
v 0.03860000 0.03200000 0.07500000
v 0.03860000 0.03207686 0.07578036
v 0.03860000 0.03317157 0.07217157
v 0.03860000 0.03267412 0.07277772
v 0.03860000 0.03377772 0.07167412
v 0.03860000 0.03446926 0.07130448
v 0.04100000 0.03433266 0.07466835
v 0.04100000 0.03458650 0.07405553
v 0.04100000 0.03479792 0.07379792
v 0.04100000 0.03442941 0.07434944
v 0.04100000 0.03430000 0.07500000
v 0.04100000 0.03433266 0.07533165
v 0.04100000 0.03442941 0.07565056
v 0.04100000 0.03458650 0.07594447
v 0.03860000 0.03521964 0.07107686
v 0.03860000 0.03600000 0.07100000
v 0.03860000 0.03678036 0.07107686
v 0.04100000 0.03534944 0.07342941
v 0.04100000 0.03566835 0.07333266
v 0.04100000 0.03600000 0.07330000
v 0.04100000 0.03633165 0.07333266
v 0.04100000 0.03665056 0.07342941
v 0.04100000 0.03505553 0.07358650
v 0.04100000 0.03694447 0.07358650
v 0.04100000 0.03720208 0.07379792
v 0.04100000 0.03741350 0.07405553
v 0.04100000 0.03741350 0.07594447
v 0.03860000 0.03753074 0.07130448
v 0.03860000 0.03760000 0.07134151
v 0.04100000 0.03831532 0.07277772
v 0.04100000 0.03845275 0.07286372
v 0.04100000 0.03864949 0.07266113
v 0.04100000 0.03863744 0.07284553
v 0.04100000 0.03897509 0.07235028
v 0.04100000 0.03932588 0.07277772
v 0.04100000 0.03969552 0.07346927
v 0.04100000 0.03969566 0.07346973
v 0.04100000 0.03757059 0.07434944
v 0.04100000 0.03766734 0.07466835
v 0.04100000 0.03770000 0.07500000
v 0.04100000 0.03766734 0.07533165
v 0.04100000 0.03757059 0.07565056
v 0.03200000 0.03230448 0.07653073
v 0.03200000 0.03267412 0.07722228
v 0.03200000 0.03322836 0.07614805
v 0.03200000 0.03343729 0.07653892
v 0.03200000 0.03317157 0.07782843
v 0.03200000 0.03387868 0.07712132
v 0.03200000 0.03479792 0.07620208
v 0.03200000 0.03422128 0.07740249
v 0.03200000 0.03377772 0.07832588
v 0.03200000 0.03499061 0.07781370
v 0.03200000 0.03446926 0.07869552
v 0.03200000 0.03505553 0.07641350
v 0.03200000 0.03534944 0.07657059
v 0.03200000 0.03566835 0.07666734
v 0.03200000 0.03600000 0.07670000
v 0.03200000 0.03541473 0.07794236
v 0.03200000 0.03600000 0.07800000
v 0.03200000 0.03665056 0.07657059
v 0.03200000 0.03633165 0.07666734
v 0.03200000 0.03694447 0.07641350
v 0.03200000 0.03720208 0.07620208
v 0.03200000 0.03658527 0.07794236
v 0.03200000 0.03714805 0.07777164
v 0.03200000 0.03521964 0.07892314
v 0.03200000 0.03600000 0.07900000
v 0.03200000 0.03678036 0.07892314
v 0.03200000 0.03812132 0.07712132
v 0.03200000 0.03849441 0.07666671
v 0.03200000 0.03760000 0.07753007
v 0.03200000 0.03766671 0.07749441
v 0.03200000 0.03877164 0.07614805
v 0.03200000 0.03753074 0.07869552
v 0.03200000 0.03760000 0.07865849
v 0.03860000 0.03230448 0.07653073
v 0.03860000 0.03267412 0.07722228
v 0.03860000 0.03317157 0.07782843
v 0.03860000 0.03377772 0.07832588
v 0.04100000 0.03479792 0.07620208
v 0.03860000 0.03446926 0.07869552
v 0.04100000 0.03505553 0.07641350
v 0.04100000 0.03534944 0.07657059
v 0.04100000 0.03566835 0.07666734
v 0.04100000 0.03600000 0.07670000
v 0.04100000 0.03665056 0.07657059
v 0.04100000 0.03633165 0.07666734
v 0.04100000 0.03694447 0.07641350
v 0.04100000 0.03720208 0.07620208
v 0.03860000 0.03521964 0.07892314
v 0.03860000 0.03600000 0.07900000
v 0.03860000 0.03678036 0.07892314
v 0.04100000 0.03869362 0.07793906
v 0.04100000 0.03932588 0.07722228
v 0.04100000 0.03965109 0.07661385
v 0.04100000 0.03882843 0.07782843
v 0.03860000 0.03753074 0.07869552
v 0.03860000 0.03760000 0.07865849
v 0.01900000 0.03760000 0.11400000
v 0.01900000 0.04000000 0.11400000
v 0.02030526 0.03760000 0.11391445
v 0.02030526 0.04000000 0.11391445
v 0.02900000 0.03760000 0.10400000
v 0.02891445 0.03760000 0.10530526
v 0.02900000 0.04000000 0.10400000
v 0.02891445 0.04000000 0.10530526
v 0.02282683 0.03760000 0.11323879
v 0.02282683 0.04000000 0.11323879
v 0.02158819 0.03760000 0.11365926
v 0.02158819 0.04000000 0.11365926
v 0.02400000 0.03760000 0.11266026
v 0.02400000 0.04000000 0.11266026
v 0.02508761 0.03760000 0.11193353
v 0.02508761 0.04000000 0.11193353
v 0.02823880 0.03760000 0.10782684
v 0.02823880 0.04000000 0.10782684
v 0.02693353 0.03760000 0.11008762
v 0.02693353 0.04000000 0.11008762
v 0.02766025 0.03760000 0.10900000
v 0.02766025 0.04000000 0.10900000
v 0.02865926 0.03760000 0.10658819
v 0.02865926 0.04000000 0.10658819
v 0.02607107 0.03760000 0.11107107
v 0.02607107 0.04000000 0.11107107
v 0.02850000 0.03346993 0.12360000
v 0.02850000 0.03350559 0.12366671
v 0.02850000 0.03400000 0.12360000
v 0.02850000 0.03387868 0.12412132
v 0.02850000 0.03433329 0.12449441
v 0.02850000 0.03470232 0.12353083
v 0.02850000 0.03485195 0.12477164
v 0.02850000 0.03760000 0.11946993
v 0.02850000 0.03766671 0.11950559
v 0.02850000 0.03760000 0.12000000
v 0.02850000 0.03812132 0.11987868
v 0.02850000 0.03753083 0.12070232
v 0.02850000 0.03751980 0.12073869
v 0.02850000 0.03849441 0.12033329
v 0.02850000 0.03877164 0.12085195
v 0.02850000 0.03505342 0.12342433
v 0.02850000 0.03507980 0.12341633
v 0.02850000 0.03537766 0.12332597
v 0.02850000 0.03600005 0.12299329
v 0.02850000 0.03741632 0.12107980
v 0.02850000 0.03732597 0.12137766
v 0.02850000 0.03699329 0.12200005
v 0.02850000 0.03654559 0.12254559
v 0.02850000 0.03541473 0.12494236
v 0.02850000 0.03600000 0.12500000
v 0.02850000 0.03658527 0.12494236
v 0.02850000 0.03714805 0.12477164
v 0.02850000 0.03894236 0.12141473
v 0.02850000 0.03900000 0.12200000
v 0.02850000 0.03894236 0.12258527
v 0.02850000 0.03877164 0.12314805
v 0.02850000 0.03812132 0.12412132
v 0.02850000 0.03766671 0.12449441
v 0.02850000 0.03849441 0.12366671
v 0.03860000 0.02993156 0.11104421
v 0.03860000 0.02972741 0.11207055
v 0.03860000 0.02939104 0.11306147
v 0.04100000 0.02993156 0.11104421
v 0.04100000 0.02972741 0.11207055
v 0.04100000 0.02939104 0.11306147
v 0.03860000 0.02765685 0.11565685
v 0.03860000 0.02834683 0.11487009
v 0.03860000 0.02892820 0.11400000
v 0.04100000 0.02765685 0.11565685
v 0.04100000 0.02834683 0.11487009
v 0.04100000 0.02892820 0.11400000
v 0.03860000 0.02200000 0.11800000
v 0.04100000 0.02200000 0.11800000
v 0.03860000 0.02304421 0.11793156
v 0.03860000 0.02407055 0.11772741
v 0.04100000 0.02304421 0.11793156
v 0.04100000 0.02407055 0.11772741
v 0.03860000 0.02600000 0.11692820
v 0.03860000 0.02506147 0.11739104
v 0.03860000 0.02687009 0.11634682
v 0.04100000 0.02600000 0.11692820
v 0.04100000 0.02506147 0.11739104
v 0.04100000 0.02687009 0.11634682
v 0.03860000 0.03000000 0.11000000
v 0.04100000 0.03000000 0.11000000
v 0.03200000 0.03230448 0.12046927
v 0.03200000 0.03446926 0.11830448
v 0.03200000 0.03317157 0.11917157
v 0.03200000 0.03267412 0.11977772
v 0.03200000 0.03377772 0.11867412
v 0.03200000 0.03433329 0.11950559
v 0.03200000 0.03485195 0.11922836
v 0.03200000 0.03397878 0.11979653
v 0.03200000 0.03479792 0.12079792
v 0.03200000 0.03207686 0.12121964
v 0.03200000 0.03200000 0.12200000
v 0.03200000 0.03207686 0.12278036
v 0.03200000 0.03230448 0.12353073
v 0.03200000 0.03234151 0.12360000
v 0.03200000 0.03433266 0.12166835
v 0.03200000 0.03430000 0.12200000
v 0.03200000 0.03458650 0.12105553
v 0.03200000 0.03442941 0.12134944
v 0.03200000 0.03433266 0.12233165
v 0.03200000 0.03442941 0.12265056
v 0.03200000 0.03458650 0.12294447
v 0.03200000 0.03479792 0.12320208
v 0.03200000 0.03346993 0.12360000
v 0.03200000 0.03350559 0.12366671
v 0.03200000 0.03400000 0.12360000
v 0.03200000 0.03387868 0.12412132
v 0.03200000 0.03433329 0.12449441
v 0.03200000 0.03470232 0.12353083
v 0.03200000 0.03485195 0.12477164
v 0.03200000 0.03521964 0.11807686
v 0.03200000 0.03600000 0.11800000
v 0.03200000 0.03678036 0.11807686
v 0.03200000 0.03541473 0.11905764
v 0.03200000 0.03594855 0.11900507
v 0.03200000 0.03505553 0.12058650
v 0.03200000 0.03534944 0.12042941
v 0.03200000 0.03566835 0.12033266
v 0.03200000 0.03600000 0.12030000
v 0.03200000 0.03633165 0.12033266
v 0.03200000 0.03665056 0.12042941
v 0.03200000 0.03694447 0.12058650
v 0.03200000 0.03720208 0.12079792
v 0.03200000 0.03753074 0.11830448
v 0.03200000 0.03760000 0.11834151
v 0.03200000 0.03760000 0.11946993
v 0.03200000 0.03766671 0.11950559
v 0.03200000 0.03760000 0.12000000
v 0.03200000 0.03812132 0.11987868
v 0.03200000 0.03753083 0.12070232
v 0.03200000 0.03849441 0.12033329
v 0.03200000 0.03877164 0.12085195
v 0.03200000 0.03505553 0.12341350
v 0.03200000 0.03506769 0.12342000
v 0.03200000 0.03741350 0.12105553
v 0.03200000 0.03741999 0.12106769
v 0.03200000 0.03694447 0.12341350
v 0.03200000 0.03741350 0.12294447
v 0.03200000 0.03720208 0.12320208
v 0.03200000 0.03534944 0.12357059
v 0.03200000 0.03566835 0.12366734
v 0.03200000 0.03600000 0.12370000
v 0.03200000 0.03541473 0.12494236
v 0.03200000 0.03511197 0.12589048
v 0.03200000 0.03517054 0.12588471
v 0.03200000 0.03521964 0.12592314
v 0.03200000 0.03600000 0.12500000
v 0.03200000 0.03600000 0.12600000
v 0.03200000 0.03633165 0.12366734
v 0.03200000 0.03633764 0.12366552
v 0.03200000 0.03636354 0.12365766
v 0.03200000 0.03665056 0.12357059
v 0.03200000 0.03658527 0.12494236
v 0.03200000 0.03629610 0.12554327
v 0.03200000 0.03678036 0.12592314
v 0.03200000 0.03714805 0.12477164
v 0.03200000 0.03733342 0.12498882
v 0.03200000 0.03757059 0.12134944
v 0.03200000 0.03755489 0.12132005
v 0.03200000 0.03766734 0.12166835
v 0.03200000 0.03770000 0.12200000
v 0.03200000 0.03766734 0.12233165
v 0.03200000 0.03757059 0.12265056
v 0.03200000 0.03894236 0.12141473
v 0.03200000 0.03900000 0.12200000
v 0.03200000 0.03989048 0.12111197
v 0.03200000 0.03988471 0.12117054
v 0.03200000 0.03992314 0.12121964
v 0.03200000 0.04000000 0.12200000
v 0.03200000 0.03894236 0.12258527
v 0.03200000 0.03877164 0.12314805
v 0.03200000 0.03898882 0.12333342
v 0.03200000 0.03954328 0.12229610
v 0.03200000 0.03992314 0.12278036
v 0.03200000 0.03812132 0.12412132
v 0.03200000 0.03766671 0.12449441
v 0.03200000 0.03849441 0.12366671
v 0.03200000 0.03824264 0.12424264
v 0.03200000 0.03753074 0.12569552
v 0.03200000 0.03822228 0.12532588
v 0.03200000 0.03932588 0.12422228
v 0.03200000 0.03969552 0.12353073
v 0.03200000 0.03882843 0.12482843
v 0.03860000 0.03230448 0.12046927
v 0.03860000 0.03446926 0.11830448
v 0.04100000 0.03462396 0.11830448
v 0.03860000 0.03317157 0.11917157
v 0.03860000 0.03267412 0.11977772
v 0.03860000 0.03377772 0.11867412
v 0.04100000 0.03450451 0.11977772
v 0.04100000 0.03479792 0.12079792
v 0.03860000 0.03207686 0.12121964
v 0.03860000 0.03200000 0.12200000
v 0.03860000 0.03207686 0.12278036
v 0.03860000 0.03230448 0.12353073
v 0.03860000 0.03234151 0.12360000
v 0.04100000 0.03433266 0.12166835
v 0.04100000 0.03430000 0.12200000
v 0.04100000 0.03458650 0.12105553
v 0.04100000 0.03442941 0.12134944
v 0.04100000 0.03433266 0.12233165
v 0.04100000 0.03442941 0.12265056
v 0.04100000 0.03458650 0.12294447
v 0.04100000 0.03479792 0.12320208
v 0.04100000 0.03400000 0.12600000
v 0.04100000 0.03446926 0.12569552
v 0.03860000 0.03521964 0.11807686
v 0.03860000 0.03600000 0.11800000
v 0.03860000 0.03678036 0.11807686
v 0.04100000 0.03567172 0.11821734
v 0.04100000 0.03565394 0.11848933
v 0.04100000 0.03666067 0.11830448
v 0.04100000 0.03716214 0.11819267
v 0.04100000 0.03529719 0.11852447
v 0.04100000 0.03558479 0.11954724
v 0.04100000 0.03516016 0.12018800
v 0.04100000 0.03554539 0.12015006
v 0.04100000 0.03505553 0.12058650
v 0.04100000 0.03534944 0.12042941
v 0.04100000 0.03566835 0.12033266
v 0.04100000 0.03600000 0.12030000
v 0.04100000 0.03633165 0.12033266
v 0.04100000 0.03655511 0.12040045
v 0.04100000 0.03665056 0.12042941
v 0.04100000 0.03694447 0.12058650
v 0.04100000 0.03720208 0.12079792
v 0.03860000 0.03753074 0.11830448
v 0.03860000 0.03760000 0.11834151
v 0.04100000 0.03753074 0.11830448
v 0.04100000 0.03822228 0.11867412
v 0.04100000 0.03882843 0.11917157
v 0.04100000 0.03904409 0.11943436
v 0.04100000 0.04000000 0.12000000
v 0.04100000 0.03505553 0.12341350
v 0.04100000 0.03741350 0.12105553
v 0.04100000 0.03694447 0.12341350
v 0.04100000 0.03741350 0.12294447
v 0.04100000 0.03720208 0.12320208
v 0.04100000 0.03534944 0.12357059
v 0.04100000 0.03566835 0.12366734
v 0.04100000 0.03600000 0.12370000
v 0.04100000 0.03511197 0.12589048
v 0.04100000 0.03521964 0.12592314
v 0.04100000 0.03579423 0.12569552
v 0.04100000 0.03600000 0.12600000
v 0.04100000 0.03639149 0.12364919
v 0.04100000 0.03633165 0.12366734
v 0.04100000 0.03665056 0.12357059
v 0.04100000 0.03629610 0.12554327
v 0.04100000 0.03678036 0.12592314
v 0.04100000 0.03757059 0.12134944
v 0.04100000 0.03766734 0.12166835
v 0.04100000 0.03770000 0.12200000
v 0.04100000 0.03766734 0.12233165
v 0.04100000 0.03757059 0.12265056
v 0.04100000 0.03989048 0.12111197
v 0.04100000 0.03988471 0.12117054
v 0.04100000 0.03992314 0.12121964
v 0.04100000 0.04000000 0.12200000
v 0.04100000 0.03898882 0.12333342
v 0.04100000 0.03954328 0.12229610
v 0.04100000 0.03992314 0.12278036
v 0.04100000 0.03753074 0.12569552
v 0.04100000 0.03822228 0.12532588
v 0.04100000 0.03932588 0.12422228
v 0.04100000 0.03969552 0.12353073
v 0.04100000 0.03882843 0.12482843
f 1 3 2
f 4 5 6
f 2 8 7
f 5 7 9
f 8 10 9
f 7 8 9
f 1 7 4
f 1 2 7
f 4 7 5
f 11 13 12
f 3 14 15
f 1 11 14
f 1 14 3
f 12 16 14
f 15 16 17
f 14 16 15
f 11 12 14
f 4 18 11
f 6 19 18
f 4 6 18
f 13 18 20
f 11 18 13
f 19 21 20
f 18 19 20
f 1 4 11
f 22 39 41
f 23 56 55
f 24 37 39
f 24 55 52
f 24 52 37
f 22 23 24
f 22 24 39
f 23 55 24
f 25 74 77
f 26 41 42
f 22 26 25
f 22 41 26
f 26 73 74
f 26 42 73
f 25 26 74
f 23 25 27
f 27 58 56
f 23 27 56
f 27 77 78
f 25 77 27
f 27 78 58
f 22 25 23
f 2 3 28
f 2 28 30
f 3 32 28
f 2 30 8
f 8 30 29
f 8 29 10
f 10 29 31
f 3 15 32
f 15 33 32
f 15 17 33
f 17 34 33
f 35 41 39
f 36 39 37
f 37 64 38
f 36 37 38
f 35 39 36
f 40 42 41
f 35 40 41
f 42 43 85
f 40 43 42
f 5 44 6
f 5 46 44
f 6 44 48
f 5 9 46
f 9 45 46
f 9 10 45
f 10 47 45
f 6 48 19
f 19 48 49
f 19 49 21
f 21 49 50
f 51 55 56
f 52 55 53
f 52 54 64
f 52 53 54
f 51 53 55
f 56 58 57
f 51 56 57
f 58 90 59
f 57 58 59
f 10 31 47
f 31 60 47
f 61 64 62
f 61 62 63
f 60 133 134
f 60 132 133
f 63 91 92
f 63 106 105
f 63 135 91
f 63 105 135
f 37 52 64
f 38 64 61
f 54 62 64
f 12 13 65
f 12 65 67
f 13 69 65
f 12 67 16
f 16 67 66
f 16 66 17
f 17 66 68
f 13 20 69
f 20 70 69
f 20 21 70
f 21 71 70
f 72 77 74
f 73 75 74
f 73 85 76
f 73 76 75
f 72 74 75
f 77 79 78
f 78 80 90
f 72 79 77
f 78 79 80
f 17 68 34
f 34 68 81
f 82 83 85
f 82 84 83
f 42 85 73
f 43 82 85
f 76 85 83
f 21 50 71
f 50 86 71
f 87 90 88
f 87 88 89
f 58 78 90
f 59 90 87
f 80 88 90
f 60 167 141
f 60 139 132
f 60 140 139
f 60 141 140
f 63 93 94
f 63 92 93
f 63 94 95
f 63 95 96
f 91 99 92
f 92 100 93
f 93 101 94
f 94 102 95
f 95 103 96
f 96 104 97
f 92 99 100
f 91 98 99
f 93 100 101
f 94 101 102
f 100 231 101
f 101 231 102
f 95 102 103
f 96 103 104
f 60 134 107
f 60 107 109
f 60 109 108
f 60 108 117
f 63 110 106
f 63 113 110
f 63 115 113
f 63 112 115
f 63 119 112
f 60 117 118
f 60 118 123
f 63 121 119
f 63 124 121
f 107 111 109
f 108 109 114
f 107 138 111
f 109 111 114
f 108 115 112
f 108 114 115
f 111 116 114
f 114 116 115
f 111 138 120
f 111 120 116
f 105 106 125
f 106 110 126
f 110 113 127
f 113 115 128
f 115 116 128
f 108 112 117
f 117 119 118
f 118 121 123
f 112 119 117
f 120 138 122
f 118 119 121
f 121 124 123
f 116 120 129
f 120 122 130
f 106 126 125
f 110 127 126
f 113 128 127
f 116 129 128
f 125 126 130
f 126 127 129
f 127 128 129
f 126 129 130
f 125 130 131
f 120 130 129
f 122 131 130
f 133 137 134
f 132 136 133
f 132 142 136
f 134 137 138
f 133 136 137
f 139 140 143
f 132 139 142
f 140 141 144
f 139 143 142
f 140 144 143
f 143 144 152
f 142 143 149
f 142 147 148
f 142 149 147
f 143 151 146
f 143 145 149
f 143 146 145
f 143 150 151
f 143 152 150
f 144 153 152
f 144 154 153
f 144 155 154
f 107 134 138
f 122 138 137
f 136 186 137
f 136 142 187
f 142 148 158
f 142 158 188
f 91 135 98
f 105 221 135
f 145 199 149
f 145 146 200
f 146 151 205
f 147 149 203
f 147 201 148
f 148 202 158
f 150 204 151
f 150 152 206
f 152 153 207
f 153 154 208
f 154 155 209
f 155 156 210
f 157 158 212
f 157 211 159
f 159 213 160
f 160 214 161
f 161 215 162
f 162 216 163
f 164 166 220
f 165 219 166
f 145 200 199
f 149 199 203
f 146 205 200
f 147 203 201
f 148 201 202
f 158 202 212
f 150 206 204
f 151 204 205
f 152 207 206
f 153 208 207
f 154 209 208
f 155 210 209
f 157 212 211
f 159 211 213
f 160 213 214
f 161 214 215
f 162 215 216
f 163 216 217
f 164 220 218
f 166 219 220
f 141 167 168
f 141 168 144
f 144 168 155
f 167 169 168
f 155 168 156
f 156 168 173
f 168 174 173
f 168 175 174
f 168 169 194
f 169 170 195
f 168 191 175
f 170 171 196
f 171 172 193
f 172 178 192
f 172 192 193
f 178 179 180
f 178 180 192
f 97 232 169
f 169 232 170
f 170 233 171
f 171 234 172
f 156 173 225
f 173 174 226
f 174 175 227
f 175 176 228
f 176 177 229
f 164 218 177
f 156 225 210
f 173 226 225
f 174 227 226
f 175 228 227
f 176 229 228
f 177 218 229
f 172 236 178
f 178 237 179
f 179 238 180
f 122 137 186
f 136 187 186
f 142 188 187
f 157 188 158
f 157 159 188
f 159 160 188
f 160 161 188
f 161 162 188
f 162 163 188
f 163 181 188
f 164 191 166
f 181 182 189
f 182 183 189
f 183 184 190
f 184 185 190
f 165 166 191
f 165 191 185
f 181 189 188
f 183 190 189
f 185 191 190
f 122 186 131
f 163 217 181
f 181 239 182
f 182 241 183
f 184 243 185
f 183 242 184
f 165 185 244
f 181 217 239
f 182 239 241
f 183 241 242
f 184 242 243
f 185 243 244
f 165 244 219
f 186 187 246
f 187 188 247
f 188 189 248
f 189 190 249
f 190 191 250
f 175 191 176
f 176 191 177
f 164 177 191
f 168 194 191
f 169 195 194
f 170 196 195
f 171 193 196
f 180 254 192
f 192 255 193
f 193 258 196
f 194 195 256
f 195 196 257
f 191 194 251
f 98 135 221
f 105 125 221
f 197 205 204
f 197 204 206
f 197 206 224
f 197 231 222
f 197 224 231
f 197 198 240
f 197 222 198
f 198 222 223
f 198 223 240
f 197 203 199
f 197 201 203
f 197 202 201
f 197 212 202
f 197 199 200
f 197 200 205
f 197 211 212
f 206 207 224
f 207 208 224
f 208 209 224
f 197 240 211
f 211 240 213
f 213 240 214
f 98 222 99
f 98 223 222
f 99 222 100
f 100 222 231
f 125 131 221
f 98 221 246
f 131 246 221
f 98 247 223
f 97 104 232
f 170 232 233
f 171 233 234
f 172 234 236
f 209 210 224
f 210 225 224
f 224 225 226
f 224 226 227
f 224 227 252
f 224 252 230
f 227 228 252
f 228 229 252
f 224 230 235
f 224 235 231
f 230 253 235
f 178 236 237
f 179 237 238
f 102 231 103
f 103 235 104
f 103 231 235
f 104 257 232
f 104 235 257
f 232 258 233
f 233 255 234
f 234 254 236
f 234 255 254
f 236 238 237
f 236 254 238
f 131 186 246
f 223 245 240
f 214 240 215
f 215 240 216
f 216 240 217
f 217 240 239
f 239 240 241
f 241 252 242
f 242 252 243
f 243 252 244
f 219 244 252
f 219 252 220
f 240 252 241
f 240 245 252
f 245 253 252
f 187 247 246
f 188 248 247
f 189 249 248
f 190 250 249
f 191 251 250
f 98 246 247
f 223 248 245
f 223 247 248
f 245 251 253
f 245 248 249
f 245 249 250
f 245 250 251
f 218 252 229
f 218 220 252
f 230 252 253
f 192 254 255
f 180 238 254
f 193 255 258
f 194 256 251
f 196 258 257
f 195 257 256
f 235 253 257
f 232 257 258
f 233 258 255
f 251 256 253
f 253 256 257
f 81 259 265
f 81 269 259
f 84 266 260
f 84 260 270
f 81 265 263
f 81 263 267
f 81 267 261
f 84 264 266
f 84 268 264
f 84 262 268
f 81 271 269
f 81 275 271
f 84 270 272
f 84 272 276
f 81 273 275
f 84 276 274
f 81 261 277
f 84 279 262
f 84 280 279
f 261 262 277
f 261 268 262
f 263 264 267
f 263 266 264
f 259 260 265
f 263 265 266
f 260 266 265
f 261 267 268
f 264 268 267
f 81 299 273
f 81 301 299
f 84 274 300
f 259 269 270
f 259 270 260
f 269 271 272
f 271 276 272
f 269 272 270
f 273 274 275
f 273 300 274
f 271 275 276
f 274 276 275
f 28 363 30
f 28 32 367
f 29 30 365
f 29 364 31
f 32 33 367
f 33 34 369
f 35 36 370
f 36 38 371
f 38 61 372
f 40 375 43
f 35 375 40
f 31 406 60
f 61 63 408
f 60 456 167
f 63 96 457
f 34 81 369
f 82 428 84
f 43 428 82
f 96 97 457
f 97 169 457
f 81 277 427
f 167 457 169
f 277 279 278
f 262 279 277
f 278 279 280
f 84 347 280
f 278 280 345
f 277 278 427
f 44 46 800
f 44 800 48
f 45 801 46
f 45 47 801
f 48 805 49
f 49 805 50
f 51 807 53
f 51 57 807
f 53 809 54
f 54 809 62
f 57 59 814
f 59 87 814
f 47 60 816
f 62 818 63
f 50 864 86
f 87 89 866
f 60 123 816
f 63 818 124
f 123 124 649
f 89 288 866
f 86 287 284
f 86 629 287
f 89 286 288
f 86 283 289
f 86 289 281
f 86 281 291
f 89 290 285
f 89 282 290
f 89 293 282
f 86 291 292
f 86 292 295
f 86 295 296
f 89 294 293
f 89 297 294
f 89 298 297
f 86 284 283
f 89 285 286
f 86 296 303
f 86 303 304
f 86 304 307
f 89 305 298
f 89 306 305
f 89 310 306
f 86 307 308
f 89 311 310
f 86 308 309
f 89 312 311
f 86 309 316
f 89 327 312
f 72 75 1324
f 72 1324 79
f 75 76 1326
f 76 83 1326
f 79 1327 80
f 80 1328 88
f 83 84 1330
f 88 1332 89
f 273 299 300
f 299 302 300
f 299 301 302
f 81 1265 301
f 65 1317 67
f 65 69 1317
f 66 67 1318
f 66 1318 68
f 69 70 1322
f 70 71 1322
f 68 1331 81
f 84 300 1330
f 71 86 1323
f 301 1266 302
f 89 1333 339
f 86 324 1334
f 86 319 321
f 86 321 322
f 86 322 323
f 86 316 315
f 86 315 320
f 86 320 319
f 89 328 326
f 89 329 328
f 89 330 329
f 89 326 327
f 86 323 324
f 89 331 330
f 89 332 331
f 89 339 332
f 316 309 313
f 316 313 941
f 312 317 314
f 318 942 314
f 316 941 943
f 312 327 317
f 314 317 318
f 63 457 349
f 63 349 350
f 60 406 467
f 63 350 408
f 60 467 456
f 84 429 348
f 30 363 365
f 28 367 363
f 29 365 364
f 31 364 366
f 33 368 367
f 33 369 368
f 35 370 375
f 38 372 371
f 36 371 370
f 43 375 377
f 43 377 428
f 31 366 406
f 61 408 407
f 61 407 372
f 81 427 369
f 84 428 429
f 167 456 458
f 167 458 457
f 84 348 347
f 280 347 345
f 278 345 427
f 345 347 346
f 346 348 607
f 346 347 348
f 349 457 356
f 350 358 351
f 349 357 350
f 406 468 467
f 406 469 468
f 406 473 469
f 351 352 408
f 350 351 408
f 352 353 408
f 353 354 408
f 351 359 352
f 352 360 353
f 353 361 354
f 354 362 355
f 349 356 357
f 350 357 358
f 351 358 359
f 352 359 360
f 353 360 361
f 354 361 362
f 358 557 359
f 359 557 360
f 363 380 379
f 363 379 365
f 363 367 380
f 365 379 382
f 364 365 382
f 364 382 384
f 364 384 366
f 367 389 380
f 367 368 389
f 368 391 389
f 368 369 391
f 370 374 376
f 371 373 374
f 371 372 373
f 372 410 373
f 370 371 374
f 375 376 378
f 370 376 375
f 375 378 377
f 377 378 431
f 379 380 381
f 379 383 382
f 382 385 384
f 382 383 385
f 383 387 385
f 379 381 383
f 381 386 383
f 383 386 387
f 386 388 387
f 380 389 390
f 380 390 381
f 381 390 393
f 389 391 392
f 389 392 390
f 390 392 394
f 390 394 393
f 393 394 395
f 374 396 376
f 381 393 386
f 373 397 374
f 373 415 397
f 397 415 418
f 374 397 396
f 396 397 398
f 397 418 398
f 398 418 420
f 376 399 378
f 376 396 399
f 396 400 399
f 378 399 436
f 399 437 436
f 399 400 437
f 400 441 437
f 396 398 400
f 398 401 400
f 398 420 401
f 401 420 422
f 400 401 441
f 401 442 441
f 401 422 442
f 386 393 402
f 386 402 388
f 388 402 403
f 393 395 402
f 395 404 402
f 402 404 403
f 403 404 405
f 366 384 411
f 366 411 406
f 407 409 410
f 407 408 409
f 406 474 473
f 406 475 474
f 354 355 408
f 355 477 408
f 408 477 580
f 408 580 581
f 372 407 410
f 373 410 415
f 409 416 410
f 384 412 411
f 384 385 412
f 385 413 412
f 385 387 413
f 387 414 413
f 387 388 414
f 388 424 414
f 410 416 415
f 415 417 418
f 415 416 417
f 417 419 418
f 418 419 420
f 420 421 422
f 419 421 420
f 422 423 448
f 421 423 422
f 388 403 424
f 403 425 424
f 403 405 425
f 405 426 425
f 369 432 391
f 369 427 432
f 428 431 430
f 428 430 429
f 377 431 428
f 378 436 431
f 430 431 438
f 391 432 433
f 391 433 392
f 392 433 434
f 392 434 394
f 394 434 435
f 394 435 395
f 395 435 445
f 431 436 438
f 436 437 439
f 436 439 438
f 437 440 439
f 437 441 440
f 441 442 443
f 442 448 444
f 440 441 443
f 442 444 443
f 395 445 404
f 404 445 446
f 404 446 405
f 405 446 447
f 422 448 442
f 423 449 448
f 444 448 450
f 448 449 450
f 449 451 450
f 405 447 426
f 426 447 452
f 456 467 470
f 453 457 458
f 456 470 458
f 462 470 486
f 462 463 470
f 455 461 459
f 454 502 455
f 453 503 454
f 459 461 460
f 455 502 461
f 454 503 502
f 453 504 503
f 453 458 504
f 458 470 505
f 463 464 470
f 464 506 470
f 453 454 525
f 454 455 526
f 455 459 527
f 356 457 453
f 459 460 529
f 460 461 530
f 462 486 540
f 462 519 463
f 463 521 464
f 464 522 465
f 465 523 466
f 466 524 492
f 462 540 519
f 463 519 521
f 464 521 522
f 465 522 523
f 466 523 524
f 492 524 546
f 467 468 471
f 468 469 472
f 467 471 470
f 470 471 480
f 468 472 471
f 469 476 472
f 471 472 482
f 470 480 481
f 470 485 486
f 470 481 485
f 471 483 480
f 471 482 483
f 472 476 490
f 472 484 482
f 472 487 484
f 472 488 487
f 472 489 488
f 472 490 489
f 469 473 476
f 473 474 478
f 474 475 479
f 473 478 476
f 474 479 478
f 476 491 490
f 476 495 491
f 476 496 495
f 476 514 496
f 475 586 479
f 476 478 515
f 478 479 517
f 479 586 516
f 355 558 477
f 477 600 580
f 481 535 485
f 480 534 481
f 482 536 483
f 480 483 537
f 482 484 538
f 485 539 486
f 484 487 541
f 487 488 542
f 488 489 543
f 489 490 544
f 490 491 545
f 491 495 549
f 492 546 493
f 493 547 494
f 495 496 550
f 496 497 551
f 498 552 499
f 497 500 554
f 500 501 555
f 499 553 501
f 485 535 539
f 481 534 535
f 480 537 534
f 482 538 536
f 483 536 537
f 486 539 540
f 484 541 538
f 487 542 541
f 488 543 542
f 489 544 543
f 490 545 544
f 491 549 545
f 493 546 547
f 494 547 548
f 495 550 549
f 497 554 551
f 496 551 550
f 499 552 553
f 500 555 554
f 501 553 555
f 458 505 504
f 470 506 505
f 464 465 506
f 465 466 506
f 466 492 506
f 492 493 506
f 493 512 506
f 461 502 531
f 502 503 561
f 503 504 562
f 504 505 564
f 505 506 565
f 506 512 566
f 496 514 497
f 497 514 500
f 500 514 501
f 499 501 514
f 493 494 512
f 494 507 512
f 507 508 512
f 508 509 512
f 509 510 513
f 510 511 513
f 498 513 511
f 498 499 514
f 476 515 514
f 478 517 515
f 479 516 517
f 509 513 512
f 498 514 513
f 494 548 507
f 507 567 508
f 508 568 509
f 509 569 510
f 510 570 511
f 498 511 571
f 507 548 567
f 508 567 568
f 509 568 569
f 510 569 570
f 511 570 571
f 498 571 552
f 516 596 578
f 512 513 574
f 513 514 575
f 514 515 576
f 515 517 577
f 516 579 517
f 454 526 525
f 455 527 526
f 356 453 525
f 459 529 527
f 460 530 529
f 461 531 530
f 518 540 539
f 518 519 540
f 518 521 519
f 518 522 521
f 518 520 560
f 518 560 522
f 522 560 523
f 523 560 524
f 518 528 520
f 520 528 532
f 520 532 560
f 356 528 357
f 357 528 358
f 356 532 528
f 527 529 531
f 526 527 561
f 525 526 562
f 529 530 531
f 527 531 561
f 526 561 562
f 525 562 564
f 356 525 564
f 356 565 532
f 518 537 536
f 518 538 533
f 518 536 538
f 518 557 528
f 518 533 557
f 355 362 558
f 477 558 600
f 518 535 534
f 518 539 535
f 518 534 537
f 533 538 541
f 533 541 542
f 533 542 543
f 533 543 544
f 533 544 545
f 533 545 549
f 533 549 550
f 533 550 572
f 551 554 572
f 550 551 572
f 533 572 556
f 533 556 559
f 533 559 557
f 556 573 559
f 358 528 557
f 360 557 361
f 361 559 362
f 361 557 559
f 362 579 558
f 558 578 600
f 362 559 579
f 502 561 531
f 503 562 561
f 504 564 562
f 524 560 546
f 546 560 547
f 532 563 560
f 505 565 564
f 506 566 565
f 512 574 566
f 356 564 565
f 532 565 566
f 532 566 563
f 563 566 574
f 547 560 548
f 548 560 567
f 560 568 567
f 560 572 568
f 568 572 569
f 569 572 570
f 552 571 572
f 570 572 571
f 554 555 572
f 553 572 555
f 552 572 553
f 560 563 572
f 563 573 572
f 578 596 606
f 556 572 573
f 513 575 574
f 514 576 575
f 515 577 576
f 517 579 577
f 516 578 579
f 563 576 573
f 559 573 579
f 558 579 578
f 578 606 600
f 563 574 575
f 563 575 576
f 573 576 577
f 573 577 579
f 406 582 475
f 406 583 582
f 406 584 583
f 406 592 584
f 408 581 585
f 408 585 588
f 408 588 589
f 408 589 591
f 408 591 595
f 475 582 586
f 582 583 587
f 583 584 591
f 582 587 586
f 583 589 587
f 583 591 589
f 587 589 590
f 586 587 596
f 587 590 594
f 406 593 592
f 406 598 593
f 408 595 597
f 408 597 599
f 580 601 581
f 581 602 585
f 585 603 588
f 588 604 589
f 589 604 590
f 584 592 595
f 592 593 597
f 587 594 596
f 516 586 596
f 584 595 591
f 592 597 595
f 593 599 597
f 593 598 599
f 590 605 594
f 594 606 596
f 580 600 601
f 581 601 602
f 585 602 603
f 588 603 604
f 600 606 601
f 601 605 602
f 602 604 603
f 601 606 605
f 602 605 604
f 590 604 605
f 594 605 606
f 607 608 609
f 348 608 607
f 345 346 427
f 346 607 427
f 348 429 608
f 609 610 611
f 608 610 609
f 611 612 613
f 610 612 611
f 613 614 615
f 612 614 613
f 614 616 615
f 427 607 609
f 427 609 611
f 427 611 613
f 429 610 608
f 429 612 610
f 429 614 612
f 427 613 615
f 427 615 617
f 429 616 614
f 429 618 616
f 427 617 619
f 427 619 621
f 429 620 618
f 429 622 620
f 427 621 623
f 429 624 622
f 615 616 617
f 616 618 617
f 617 618 619
f 619 620 621
f 618 620 619
f 427 623 625
f 427 625 627
f 429 626 624
f 429 628 626
f 621 622 623
f 620 622 621
f 623 624 625
f 622 624 623
f 406 1109 598
f 406 411 1158
f 408 599 1110
f 408 1155 409
f 411 412 1158
f 412 413 1160
f 413 414 1160
f 414 424 1171
f 409 1162 416
f 416 1163 417
f 417 1163 419
f 419 1167 421
f 421 1169 423
f 423 1169 449
f 424 425 1171
f 425 426 1172
f 449 1218 451
f 426 452 1221
f 598 1110 599
f 625 626 627
f 624 626 625
f 626 628 627
f 429 430 1576
f 429 1546 628
f 427 1628 432
f 430 438 1585
f 438 439 1587
f 439 440 1588
f 440 443 1589
f 443 444 1590
f 432 1630 433
f 433 1635 434
f 434 1638 435
f 435 1648 445
f 445 1662 446
f 446 1666 447
f 444 450 1598
f 450 451 1597
f 447 1676 452
f 627 628 1545
f 427 627 1713
f 452 1774 1221
f 124 650 649
f 86 864 629
f 46 802 800
f 48 800 804
f 46 801 802
f 47 803 801
f 48 804 805
f 50 805 806
f 53 808 809
f 53 807 808
f 57 814 812
f 57 812 807
f 47 816 803
f 123 649 816
f 62 817 818
f 124 818 650
f 62 809 817
f 50 806 864
f 87 866 865
f 87 865 814
f 866 288 631
f 864 630 629
f 864 633 630
f 866 631 632
f 866 632 635
f 864 634 633
f 866 635 636
f 864 637 634
f 864 639 637
f 864 641 639
f 866 636 638
f 866 638 640
f 866 640 643
f 864 642 641
f 864 645 642
f 864 646 645
f 866 643 644
f 866 644 647
f 866 647 648
f 866 936 935
f 864 937 646
f 866 648 939
f 866 939 940
f 866 940 934
f 866 934 936
f 864 943 937
f 866 935 318
f 649 650 651
f 651 653 652
f 652 655 657
f 650 653 651
f 652 653 655
f 655 660 657
f 654 677 665
f 654 664 656
f 654 656 669
f 656 661 670
f 649 651 816
f 651 652 816
f 650 818 653
f 653 818 655
f 657 660 658
f 658 664 659
f 659 665 714
f 658 660 662
f 658 662 664
f 656 664 661
f 654 665 664
f 661 664 662
f 659 664 665
f 652 657 816
f 657 658 816
f 658 659 816
f 659 714 816
f 655 818 660
f 660 818 662
f 662 818 663
f 663 818 666
f 666 818 667
f 661 662 671
f 662 663 671
f 663 666 672
f 666 667 673
f 667 668 674
f 656 670 669
f 661 671 670
f 663 672 671
f 666 673 672
f 667 674 673
f 668 675 674
f 670 671 673
f 669 670 674
f 671 672 673
f 670 673 674
f 669 674 675
f 679 680 695
f 680 681 684
f 676 717 677
f 676 678 718
f 678 679 720
f 679 695 694
f 680 682 695
f 680 683 682
f 680 684 683
f 681 685 684
f 681 686 685
f 681 699 686
f 681 700 699
f 679 694 692
f 679 692 693
f 679 693 696
f 679 696 697
f 676 677 744
f 676 746 678
f 678 747 679
f 679 748 680
f 680 749 681
f 654 745 677
f 682 739 695
f 682 683 740
f 683 684 741
f 684 685 742
f 685 686 743
f 686 699 766
f 695 739 762
f 682 740 739
f 683 741 740
f 684 742 741
f 685 743 742
f 686 766 743
f 681 687 700
f 687 701 700
f 687 727 701
f 687 728 727
f 687 729 728
f 687 688 726
f 688 689 896
f 681 752 687
f 687 753 688
f 688 754 689
f 689 756 690
f 690 757 691
f 691 793 732
f 665 677 717
f 676 718 717
f 678 720 718
f 665 717 714
f 679 697 720
f 697 698 720
f 698 702 720
f 702 703 720
f 714 717 715
f 715 718 716
f 716 720 721
f 715 717 718
f 716 718 720
f 721 724 722
f 722 725 723
f 703 704 724
f 704 705 724
f 705 706 724
f 706 709 724
f 709 711 724
f 703 724 720
f 710 725 711
f 710 713 725
f 708 726 712
f 707 726 708
f 712 726 713
f 720 724 721
f 722 724 725
f 711 725 724
f 723 725 726
f 713 726 725
f 692 694 761
f 692 759 693
f 693 760 696
f 694 695 762
f 696 763 697
f 697 764 698
f 699 700 767
f 700 701 768
f 698 765 702
f 702 769 703
f 703 770 704
f 704 771 705
f 705 772 706
f 706 773 709
f 707 708 775
f 709 776 711
f 710 777 713
f 710 711 778
f 712 713 780
f 708 712 779
f 692 761 759
f 693 759 760
f 694 762 761
f 697 763 764
f 696 760 763
f 698 764 765
f 699 767 766
f 700 768 767
f 702 765 769
f 703 769 770
f 704 770 771
f 705 771 772
f 706 772 773
f 709 773 776
f 707 775 774
f 710 778 777
f 711 776 778
f 713 777 780
f 712 780 779
f 708 779 775
f 668 719 675
f 719 890 783
f 687 726 729
f 726 730 729
f 688 896 726
f 689 737 896
f 689 690 737
f 690 691 736
f 691 732 735
f 732 733 734
f 690 736 737
f 691 735 736
f 732 734 735
f 723 726 895
f 726 731 730
f 707 731 726
f 726 896 895
f 737 899 896
f 701 727 785
f 727 728 786
f 728 729 787
f 729 730 788
f 730 731 790
f 707 774 731
f 701 785 768
f 727 786 785
f 728 787 786
f 729 788 787
f 730 790 788
f 731 774 790
f 732 794 733
f 733 795 734
f 737 906 899
f 734 797 735
f 735 798 736
f 736 799 737
f 677 745 744
f 676 744 746
f 678 746 747
f 679 747 748
f 680 748 749
f 654 669 745
f 738 750 758
f 738 761 762
f 738 759 761
f 738 760 759
f 738 739 740
f 738 762 739
f 738 740 741
f 738 741 742
f 738 742 751
f 742 743 751
f 743 766 751
f 751 766 767
f 738 755 750
f 738 751 755
f 744 750 746
f 746 750 747
f 747 755 748
f 748 755 749
f 669 675 745
f 744 745 783
f 744 782 750
f 747 750 755
f 681 749 752
f 687 752 753
f 688 753 754
f 751 767 768
f 751 768 785
f 751 792 755
f 689 754 756
f 690 756 757
f 691 757 793
f 749 755 752
f 752 755 792
f 752 792 753
f 753 906 754
f 738 758 781
f 750 782 758
f 758 782 781
f 781 782 784
f 738 764 763
f 738 763 760
f 738 781 764
f 764 781 765
f 765 781 769
f 769 781 770
f 770 781 771
f 771 781 772
f 772 781 773
f 773 781 776
f 777 791 780
f 775 779 791
f 779 780 791
f 675 719 783
f 783 890 900
f 776 791 778
f 776 781 791
f 777 778 791
f 781 784 791
f 784 796 791
f 744 900 782
f 675 783 745
f 744 783 900
f 782 901 784
f 782 900 901
f 784 901 902
f 784 904 796
f 751 785 786
f 751 786 787
f 751 787 791
f 751 791 789
f 787 788 791
f 788 790 791
f 774 791 790
f 774 775 791
f 751 789 792
f 789 791 796
f 789 796 792
f 732 793 794
f 733 794 795
f 734 795 797
f 737 799 906
f 735 797 798
f 736 798 799
f 753 792 906
f 754 906 799
f 754 799 756
f 756 798 757
f 757 797 793
f 793 795 794
f 756 799 798
f 757 798 797
f 793 797 795
f 792 796 906
f 796 904 905
f 796 905 906
f 800 821 822
f 800 802 821
f 800 822 804
f 802 824 821
f 801 824 802
f 801 825 824
f 801 803 825
f 804 822 831
f 804 831 805
f 805 831 833
f 805 833 806
f 807 813 811
f 808 810 809
f 808 811 810
f 809 810 820
f 807 811 808
f 807 812 813
f 812 815 813
f 812 814 815
f 814 868 815
f 714 715 816
f 715 716 816
f 667 818 668
f 668 818 719
f 719 818 890
f 818 891 890
f 803 816 848
f 803 848 825
f 817 819 818
f 817 820 819
f 809 820 817
f 810 852 820
f 819 820 853
f 821 823 822
f 821 824 826
f 824 825 827
f 824 827 826
f 826 827 829
f 821 826 823
f 823 826 828
f 826 829 828
f 828 829 830
f 822 832 831
f 822 823 832
f 823 841 832
f 831 834 833
f 831 832 834
f 832 842 834
f 832 841 842
f 811 813 835
f 810 811 836
f 810 836 852
f 836 855 852
f 811 835 836
f 835 837 836
f 836 837 855
f 823 828 841
f 837 857 855
f 813 815 838
f 813 838 835
f 835 838 839
f 815 872 838
f 838 872 873
f 838 873 839
f 835 839 837
f 839 873 877
f 837 839 840
f 837 840 857
f 840 859 857
f 839 877 840
f 840 877 878
f 840 878 859
f 841 843 842
f 828 844 841
f 828 830 844
f 830 845 844
f 841 844 843
f 843 844 846
f 844 845 846
f 845 847 846
f 825 848 849
f 825 849 827
f 827 849 850
f 827 850 829
f 829 850 851
f 829 851 830
f 830 851 861
f 820 852 853
f 852 854 853
f 852 855 854
f 854 855 856
f 855 857 856
f 856 857 858
f 857 859 858
f 859 885 860
f 858 859 860
f 830 861 845
f 845 861 862
f 845 862 847
f 847 862 863
f 806 833 869
f 806 869 864
f 865 867 868
f 865 866 867
f 814 865 868
f 815 868 872
f 867 874 868
f 833 870 869
f 833 834 870
f 834 871 870
f 834 842 871
f 868 874 872
f 872 875 873
f 872 874 875
f 873 875 876
f 873 876 877
f 877 879 878
f 878 880 885
f 876 879 877
f 878 879 880
f 842 881 871
f 842 843 881
f 843 882 881
f 843 846 882
f 846 883 882
f 846 847 883
f 847 884 883
f 859 878 885
f 860 885 886
f 880 887 885
f 885 887 886
f 886 887 888
f 847 863 884
f 863 889 884
f 716 721 816
f 721 722 816
f 722 723 816
f 818 892 891
f 818 893 892
f 818 897 894
f 818 894 893
f 890 891 900
f 891 892 901
f 892 893 902
f 893 894 903
f 897 898 905
f 894 897 904
f 898 899 906
f 891 901 900
f 892 902 901
f 893 903 902
f 894 904 903
f 784 902 903
f 784 903 904
f 897 905 904
f 898 906 905
f 888 907 913
f 888 917 907
f 889 914 908
f 889 908 918
f 888 913 911
f 888 911 915
f 888 915 909
f 889 912 914
f 889 916 912
f 889 910 916
f 888 919 917
f 888 923 919
f 889 918 920
f 889 920 924
f 888 921 923
f 889 924 922
f 888 909 925
f 889 927 910
f 889 928 927
f 909 910 925
f 909 916 910
f 911 912 915
f 911 914 912
f 907 908 913
f 911 913 914
f 908 914 913
f 909 915 916
f 912 916 915
f 888 977 921
f 888 979 977
f 889 922 978
f 889 978 980
f 907 917 918
f 907 918 908
f 917 919 920
f 919 924 920
f 917 920 918
f 921 922 923
f 921 978 922
f 919 923 924
f 922 924 923
f 816 1174 848
f 818 819 1156
f 819 853 1156
f 848 1174 849
f 849 1175 850
f 850 1176 851
f 851 1187 861
f 853 854 1178
f 854 856 1180
f 856 858 1184
f 858 860 1185
f 860 886 1185
f 861 1188 862
f 862 1189 863
f 886 888 1223
f 863 1189 889
f 895 896 1136
f 896 899 1136
f 723 895 1153
f 723 1153 816
f 818 1154 897
f 897 1154 898
f 898 1154 899
f 888 925 1224
f 925 927 926
f 910 927 925
f 926 927 928
f 889 983 928
f 926 928 981
f 925 926 1224
f 943 938 937
f 943 941 929
f 943 932 933
f 943 929 932
f 318 930 942
f 318 935 930
f 943 931 938
f 943 933 931
f 864 944 943
f 864 945 944
f 864 949 945
f 864 950 949
f 864 951 950
f 864 952 951
f 864 953 952
f 866 318 946
f 866 946 947
f 866 947 948
f 866 948 956
f 866 956 957
f 866 957 958
f 866 958 959
f 866 959 960
f 864 954 953
f 864 955 954
f 864 963 955
f 864 965 963
f 864 969 964
f 864 964 965
f 866 960 961
f 866 961 962
f 866 962 970
f 866 970 972
f 866 971 976
f 866 972 971
f 866 976 1333
f 864 1334 969
f 864 1269 1270
f 864 1271 1269
f 864 1272 1271
f 866 1274 1273
f 866 1273 1275
f 866 1275 1276
f 864 1806 1272
f 864 1807 1806
f 864 1808 1807
f 864 1809 1808
f 864 1810 1809
f 864 1816 1810
f 864 1817 1816
f 866 1276 1811
f 866 1811 1812
f 866 1812 1813
f 866 1813 1814
f 866 1814 1815
f 866 1815 1822
f 866 1822 1823
f 866 1823 1824
f 866 1824 1825
f 866 1825 1826
f 866 1826 1827
f 866 1912 867
f 867 1913 874
f 874 1919 875
f 875 1919 876
f 876 1921 879
f 879 1921 880
f 880 1922 887
f 887 1928 888
f 921 977 978
f 977 980 978
f 977 979 980
f 888 1840 979
f 864 869 1914
f 869 870 1916
f 870 871 1917
f 871 881 1917
f 881 882 1924
f 882 883 1924
f 883 884 1925
f 884 889 1929
f 889 980 1929
f 979 1841 980
f 598 1109 1110
f 406 1153 1109
f 408 1110 1154
f 406 1158 1153
f 408 1154 1155
f 409 1155 1162
f 412 1159 1158
f 412 1160 1159
f 414 1161 1160
f 414 1171 1161
f 416 1162 1163
f 419 1163 1166
f 419 1166 1167
f 421 1167 1169
f 425 1172 1171
f 426 1173 1172
f 449 1169 1218
f 451 1218 1219
f 426 1221 1173
f 899 1137 1136
f 899 1138 1137
f 899 1140 1138
f 889 1226 984
f 895 1136 1153
f 899 1154 1140
f 816 1153 1174
f 818 1156 1154
f 849 1174 1175
f 850 1175 1176
f 851 1176 1177
f 851 1177 1187
f 853 1178 1156
f 854 1180 1178
f 856 1182 1180
f 856 1184 1182
f 858 1185 1184
f 861 1187 1188
f 862 1188 1189
f 886 1223 1185
f 888 1224 1223
f 889 1189 1226
f 889 984 983
f 928 983 981
f 926 981 1224
f 981 983 982
f 982 984 1243
f 982 983 984
f 985 1010 988
f 985 986 1011
f 986 987 1137
f 987 990 1139
f 990 1014 1004
f 990 1004 1005
f 990 1005 1006
f 987 1060 990
f 985 1049 986
f 986 1050 987
f 985 988 1048
f 988 989 1051
f 989 1001 1052
f 990 991 996
f 991 992 998
f 992 993 1000
f 990 996 1013
f 990 1013 1012
f 991 997 996
f 991 998 997
f 992 999 998
f 992 1000 999
f 990 1012 1014
f 993 1015 1000
f 993 1016 1015
f 993 1017 1016
f 993 1018 1017
f 993 1019 1018
f 993 1021 1019
f 993 1020 1021
f 993 994 1039
f 994 995 1045
f 995 1113 1044
f 990 1061 991
f 991 1062 992
f 992 1063 993
f 993 1064 994
f 994 1065 995
f 996 1054 1013
f 997 998 1056
f 996 997 1055
f 998 999 1057
f 999 1000 1059
f 1000 1015 1085
f 1013 1054 1083
f 996 1055 1054
f 997 1056 1055
f 998 1057 1056
f 999 1059 1057
f 1000 1085 1059
f 995 1129 1113
f 989 1003 1001
f 1001 1003 1002
f 988 1009 989
f 989 1009 1003
f 988 1010 1009
f 985 1011 1010
f 990 1006 1139
f 986 1137 1011
f 987 1139 1137
f 1006 1007 1139
f 1034 1136 1139
f 1007 1008 1139
f 1008 1022 1139
f 1022 1023 1139
f 1034 1139 1037
f 1023 1037 1139
f 1001 1002 1074
f 1002 1003 1075
f 1003 1009 1076
f 1004 1014 1084
f 1004 1068 1005
f 1005 1069 1006
f 1006 1070 1007
f 1007 1071 1008
f 1008 1072 1022
f 1004 1084 1068
f 1005 1068 1069
f 1006 1069 1070
f 1007 1070 1071
f 1008 1071 1072
f 1022 1072 1092
f 1009 1010 1078
f 1010 1011 1079
f 1011 1137 1080
f 1080 1137 1138
f 993 1039 1020
f 1020 1039 1030
f 1040 1043 1119
f 994 1045 1039
f 995 1044 1045
f 1043 1044 1113
f 1034 1037 1035
f 1036 1039 1042
f 1035 1038 1036
f 1023 1024 1037
f 1024 1025 1037
f 1025 1026 1037
f 1026 1028 1038
f 1027 1038 1028
f 1032 1033 1038
f 1029 1038 1033
f 1027 1032 1038
f 1029 1031 1039
f 1030 1039 1031
f 1029 1039 1038
f 1035 1037 1038
f 1026 1038 1037
f 1036 1038 1039
f 1041 1042 1045
f 1040 1041 1044
f 1041 1045 1044
f 1040 1044 1043
f 1039 1045 1042
f 1012 1013 1083
f 1012 1082 1014
f 1015 1016 1086
f 1016 1017 1087
f 1017 1018 1088
f 1018 1019 1089
f 1019 1021 1091
f 1020 1090 1021
f 1022 1092 1023
f 1023 1093 1024
f 1024 1094 1025
f 1025 1095 1026
f 1026 1096 1028
f 1027 1028 1098
f 1020 1030 1100
f 1030 1031 1101
f 1029 1099 1031
f 1027 1097 1032
f 1032 1102 1033
f 1029 1033 1103
f 1012 1083 1082
f 1014 1082 1084
f 1015 1086 1085
f 1016 1087 1086
f 1017 1088 1087
f 1018 1089 1088
f 1019 1091 1089
f 1021 1090 1091
f 1023 1092 1093
f 1024 1093 1094
f 1025 1094 1095
f 1026 1095 1096
f 1027 1098 1097
f 1028 1096 1098
f 1020 1100 1090
f 1030 1101 1100
f 1031 1099 1101
f 1032 1097 1102
f 1029 1103 1099
f 1033 1102 1103
f 1046 1128 1108
f 1046 1152 1145
f 986 1049 1050
f 985 1048 1049
f 987 1050 1060
f 988 1051 1048
f 1001 1074 1052
f 989 1052 1051
f 1047 1084 1082
f 1047 1068 1084
f 1047 1053 1067
f 1049 1053 1050
f 1050 1053 1060
f 1048 1051 1079
f 1048 1080 1049
f 1049 1077 1053
f 990 1060 1061
f 991 1061 1062
f 992 1062 1063
f 993 1063 1064
f 994 1064 1065
f 1047 1057 1058
f 1047 1082 1083
f 1047 1083 1054
f 1047 1054 1055
f 1047 1055 1056
f 1047 1056 1057
f 1057 1059 1058
f 1058 1059 1085
f 1058 1085 1086
f 1058 1086 1087
f 1058 1087 1088
f 1047 1066 1053
f 1047 1058 1066
f 995 1065 1129
f 1058 1106 1066
f 1060 1066 1061
f 1061 1066 1062
f 1062 1066 1063
f 1053 1066 1060
f 1063 1106 1064
f 1063 1066 1106
f 1064 1152 1065
f 1002 1075 1074
f 1003 1076 1075
f 1047 1069 1068
f 1047 1070 1069
f 1047 1067 1073
f 1047 1073 1070
f 1070 1073 1071
f 1071 1073 1072
f 1072 1073 1092
f 1073 1093 1092
f 1053 1077 1067
f 1067 1077 1073
f 1073 1077 1081
f 1009 1078 1076
f 1010 1079 1078
f 1011 1080 1079
f 1080 1138 1146
f 1052 1074 1076
f 1074 1075 1076
f 1051 1052 1078
f 1052 1076 1078
f 1051 1078 1079
f 1048 1079 1080
f 1049 1146 1077
f 1049 1080 1146
f 1077 1147 1081
f 1077 1146 1147
f 1081 1147 1148
f 1058 1088 1089
f 1058 1089 1091
f 1058 1091 1105
f 1073 1094 1093
f 1073 1095 1094
f 1073 1096 1095
f 1090 1105 1091
f 1097 1105 1102
f 1102 1105 1103
f 1090 1100 1105
f 1100 1101 1105
f 1099 1105 1101
f 1099 1103 1105
f 1058 1105 1104
f 1058 1104 1106
f 1104 1105 1107
f 1104 1107 1106
f 1073 1105 1096
f 1096 1105 1098
f 1097 1098 1105
f 1073 1081 1105
f 1081 1107 1105
f 1108 1128 1135
f 1046 1108 1152
f 1064 1106 1152
f 1065 1108 1129
f 1065 1152 1108
f 1108 1135 1129
f 1081 1150 1107
f 1107 1150 1151
f 1106 1107 1152
f 1107 1151 1152
f 1109 1114 1110
f 1109 1111 1114
f 1111 1112 1116
f 1112 1118 1124
f 1111 1116 1114
f 1043 1113 1115
f 1112 1124 1116
f 1113 1130 1115
f 1115 1131 1120
f 1117 1122 1118
f 1117 1119 1125
f 1118 1122 1121
f 1115 1120 1125
f 1043 1115 1125
f 1120 1121 1122
f 1120 1122 1125
f 1118 1121 1124
f 1117 1125 1122
f 1043 1125 1119
f 1109 1153 1111
f 1111 1153 1112
f 1110 1114 1154
f 1114 1116 1154
f 1112 1153 1118
f 1117 1118 1153
f 1117 1153 1119
f 1040 1119 1153
f 1116 1124 1154
f 1121 1154 1124
f 1121 1123 1154
f 1123 1126 1154
f 1126 1127 1154
f 1120 1132 1121
f 1121 1132 1123
f 1123 1133 1126
f 1126 1134 1127
f 1127 1135 1128
f 1113 1129 1130
f 1115 1130 1131
f 1120 1131 1132
f 1123 1132 1133
f 1126 1133 1134
f 1127 1134 1135
f 1129 1135 1130
f 1130 1134 1131
f 1131 1133 1132
f 1131 1134 1133
f 1130 1135 1134
f 1136 1137 1139
f 1138 1140 1146
f 1140 1141 1147
f 1034 1035 1153
f 1035 1036 1153
f 1036 1042 1153
f 1034 1153 1136
f 1140 1154 1141
f 1141 1154 1142
f 1143 1154 1144
f 1142 1154 1143
f 1141 1142 1148
f 1142 1143 1149
f 1143 1144 1150
f 1144 1145 1151
f 1140 1147 1146
f 1141 1148 1147
f 1142 1149 1148
f 1143 1150 1149
f 1145 1152 1151
f 1144 1151 1150
f 1081 1148 1149
f 1081 1149 1150
f 1041 1153 1042
f 1040 1153 1041
f 1046 1154 1128
f 1046 1145 1154
f 1127 1128 1154
f 1144 1154 1145
f 1153 1158 1174
f 1158 1190 1174
f 1154 1156 1155
f 1155 1156 1157
f 1155 1157 1162
f 1156 1178 1157
f 1157 1179 1164
f 1158 1159 1190
f 1159 1191 1190
f 1159 1160 1191
f 1160 1194 1191
f 1160 1161 1194
f 1161 1195 1194
f 1161 1171 1195
f 1162 1164 1163
f 1157 1164 1162
f 1163 1164 1165
f 1163 1165 1166
f 1165 1168 1166
f 1166 1168 1167
f 1167 1168 1170
f 1167 1170 1169
f 1169 1170 1217
f 1171 1206 1195
f 1171 1172 1206
f 1172 1208 1206
f 1172 1173 1208
f 1174 1190 1175
f 1175 1190 1192
f 1175 1192 1176
f 1176 1192 1197
f 1176 1197 1177
f 1177 1197 1198
f 1177 1198 1187
f 1178 1180 1179
f 1157 1178 1179
f 1179 1180 1181
f 1180 1182 1181
f 1181 1182 1183
f 1182 1184 1183
f 1183 1184 1186
f 1184 1185 1186
f 1185 1222 1186
f 1187 1198 1210
f 1187 1210 1188
f 1188 1210 1212
f 1188 1212 1189
f 1190 1191 1192
f 1191 1193 1192
f 1191 1194 1193
f 1192 1193 1197
f 1193 1194 1196
f 1193 1199 1197
f 1193 1196 1199
f 1194 1195 1196
f 1197 1199 1198
f 1164 1179 1200
f 1164 1200 1165
f 1179 1181 1200
f 1165 1200 1201
f 1181 1202 1200
f 1200 1202 1201
f 1165 1201 1168
f 1181 1183 1202
f 1196 1214 1199
f 1201 1202 1205
f 1168 1201 1203
f 1168 1203 1170
f 1201 1205 1203
f 1170 1203 1227
f 1203 1205 1228
f 1203 1228 1227
f 1183 1204 1202
f 1202 1204 1205
f 1183 1186 1204
f 1204 1231 1205
f 1186 1232 1204
f 1204 1232 1231
f 1205 1231 1228
f 1195 1207 1196
f 1195 1206 1207
f 1196 1207 1214
f 1206 1209 1207
f 1206 1208 1209
f 1207 1215 1214
f 1207 1209 1215
f 1198 1199 1211
f 1199 1214 1211
f 1198 1211 1210
f 1211 1214 1216
f 1210 1211 1213
f 1210 1213 1212
f 1211 1216 1213
f 1214 1215 1216
f 1169 1217 1218
f 1170 1227 1217
f 1217 1229 1220
f 1217 1220 1218
f 1218 1220 1219
f 1173 1236 1208
f 1173 1221 1236
f 1185 1223 1222
f 1186 1222 1232
f 1222 1225 1233
f 1222 1223 1225
f 1223 1224 1225
f 1189 1212 1239
f 1189 1239 1226
f 1217 1227 1229
f 1227 1228 1230
f 1227 1230 1229
f 1228 1235 1230
f 1222 1233 1232
f 1231 1232 1234
f 1231 1234 1235
f 1232 1233 1234
f 1228 1231 1235
f 1208 1236 1237
f 1208 1237 1209
f 1209 1237 1238
f 1209 1238 1215
f 1212 1241 1239
f 1212 1213 1241
f 1213 1240 1241
f 1213 1216 1240
f 1215 1238 1242
f 1216 1242 1240
f 1215 1242 1216
f 1243 1244 1245
f 984 1244 1243
f 981 982 1224
f 982 1243 1224
f 984 1226 1244
f 1245 1246 1247
f 1244 1246 1245
f 1247 1248 1249
f 1246 1248 1247
f 1249 1250 1251
f 1248 1250 1249
f 1250 1252 1251
f 1224 1243 1245
f 1224 1245 1247
f 1224 1247 1249
f 1226 1246 1244
f 1226 1248 1246
f 1226 1250 1248
f 1224 1249 1251
f 1224 1251 1253
f 1226 1252 1250
f 1226 1254 1252
f 1224 1253 1255
f 1224 1255 1257
f 1226 1256 1254
f 1226 1258 1256
f 1224 1257 1259
f 1226 1260 1258
f 1251 1252 1253
f 1252 1254 1253
f 1253 1254 1255
f 1255 1256 1257
f 1254 1256 1255
f 1224 1259 1261
f 1226 1262 1260
f 1226 1264 1262
f 1257 1258 1259
f 1256 1258 1257
f 1259 1260 1261
f 1258 1260 1259
f 451 1219 2210
f 1261 1262 1263
f 1260 1262 1261
f 1262 1264 1263
f 1219 1220 2139
f 1221 2259 1236
f 1225 2149 1233
f 1224 2148 1225
f 1226 2112 1264
f 1220 1229 2152
f 1229 1230 2154
f 1230 1235 2155
f 1233 2158 1234
f 1234 2159 1235
f 1236 2260 1237
f 1237 2269 1238
f 1239 1241 2288
f 1240 2287 1241
f 1238 2272 1242
f 1240 1242 2293
f 1263 1264 2111
f 1261 1263 2240
f 1224 1261 2146
f 1226 1239 2348
f 81 1331 1267
f 81 1267 1265
f 300 302 1330
f 301 1265 1266
f 75 1326 1325
f 75 1325 1324
f 79 1324 1327
f 80 1327 1328
f 83 1330 1329
f 83 1329 1326
f 89 1332 1333
f 88 1328 1332
f 67 1317 1319
f 69 1321 1317
f 67 1319 1318
f 68 1318 1320
f 69 1322 1321
f 71 1323 1322
f 68 1320 1331
f 86 1334 1323
f 302 1266 1330
f 1265 1268 1266
f 1265 1267 1268
f 1267 1300 1268
f 1334 324 325
f 1333 340 339
f 1333 341 340
f 1333 342 341
f 1333 343 342
f 1333 344 343
f 1333 975 344
f 1333 973 975
f 1333 974 973
f 1333 976 974
f 1334 325 333
f 1334 333 334
f 1334 334 335
f 1334 335 336
f 1334 336 337
f 1334 337 338
f 1334 338 968
f 1334 968 966
f 1334 966 967
f 1334 967 969
f 866 1333 1274
f 864 1270 1334
f 1334 1270 1277
f 1333 1283 1274
f 1333 1284 1283
f 1333 1285 1284
f 1333 1286 1285
f 1333 1287 1286
f 1333 1288 1287
f 1334 1277 1278
f 1334 1278 1279
f 1334 1279 1280
f 1334 1280 1281
f 1334 1281 1282
f 1334 1282 1289
f 1334 1289 1290
f 1334 1290 1291
f 1334 1291 1292
f 1333 1294 1288
f 1333 1295 1294
f 1333 1296 1295
f 1333 1297 1296
f 1333 1298 1297
f 1334 1292 1293
f 1334 1293 1832
f 1334 1832 1833
f 1334 1833 1828
f 1267 1299 1300
f 1299 1302 1300
f 1299 1301 1302
f 1301 1304 1302
f 1266 1268 1330
f 1301 1303 1304
f 1303 1305 1306
f 1303 1306 1304
f 1305 1307 1308
f 1305 1308 1306
f 1268 1300 1330
f 1267 1331 1299
f 1299 1331 1301
f 1300 1302 1330
f 1302 1304 1330
f 1301 1331 1303
f 1304 1306 1330
f 1303 1331 1305
f 1305 1331 1307
f 1306 1308 1330
f 1308 1310 1330
f 1307 1309 1310
f 1307 1310 1308
f 1309 1312 1310
f 1309 1311 1312
f 1311 1314 1312
f 1311 1313 1314
f 1313 1316 1314
f 1313 1315 1316
f 1315 1387 1316
f 1322 1323 1473
f 1323 1334 1469
f 1332 1467 1333
f 1334 1376 1375
f 1333 1372 1373
f 1333 1371 1372
f 1333 1377 1371
f 1333 1378 1377
f 1334 1374 1380
f 1334 1375 1374
f 1334 1380 1381
f 1334 1381 1382
f 1307 1331 1309
f 1309 1331 1311
f 1310 1312 1330
f 1312 1314 1330
f 1314 1316 1330
f 1311 1331 1313
f 1313 1331 1315
f 1316 1387 1330
f 1330 1387 1388
f 1315 1331 1385
f 1331 1386 1385
f 1330 1388 1403
f 1329 1330 1459
f 1324 1325 1458
f 1324 1465 1327
f 1325 1326 1458
f 1326 1329 1458
f 1327 1465 1328
f 1328 1466 1332
f 1330 1403 1459
f 1329 1459 1458
f 1324 1458 1465
f 1328 1465 1466
f 1332 1466 1467
f 1323 1468 1475
f 1323 1475 1473
f 1322 1474 1460
f 1322 1473 1474
f 1322 1460 1461
f 1322 1461 1462
f 1323 1469 1468
f 1333 1467 1379
f 1334 1382 1469
f 1333 1379 1378
f 1334 1352 1356
f 1334 1358 1352
f 1334 1359 1358
f 1334 1360 1359
f 1334 1361 1360
f 1333 1345 1341
f 1333 1344 1345
f 1333 1346 1344
f 1333 1342 1346
f 1333 1347 1348
f 1333 1348 1349
f 1333 1349 1350
f 1333 1341 1347
f 1333 1343 1342
f 1333 1367 1343
f 1334 1353 1354
f 1334 1355 1357
f 1334 1356 1355
f 1334 1357 1353
f 1334 1354 1368
f 1334 1368 1370
f 1333 1373 1335
f 1333 1335 1337
f 1333 1337 1336
f 1333 1336 1363
f 1334 1340 1338
f 1334 1338 1376
f 1334 1339 1340
f 1334 1365 1339
f 1333 1363 1364
f 1333 1364 1369
f 1333 1369 1367
f 1334 1366 1365
f 1334 1370 1366
f 1335 1338 1337
f 1336 1337 1340
f 1335 1376 1338
f 1337 1338 1340
f 1336 1340 1339
f 1334 1362 1361
f 1334 1544 1362
f 1333 1351 1543
f 1333 1350 1351
f 1336 1339 1363
f 1363 1365 1364
f 1364 1366 1369
f 1339 1365 1363
f 1364 1365 1366
f 1366 1370 1369
f 1372 1375 1373
f 1371 1374 1372
f 1371 1380 1374
f 1373 1375 1376
f 1372 1374 1375
f 1377 1378 1381
f 1371 1377 1380
f 1378 1379 1382
f 1377 1381 1380
f 1378 1382 1381
f 1335 1373 1376
f 1379 1383 1384
f 1379 1384 1382
f 1315 1385 1387
f 1385 1386 1388
f 1385 1388 1387
f 1386 1391 1388
f 1386 1390 1391
f 1388 1391 1406
f 1386 1389 1392
f 1386 1393 1389
f 1386 1394 1393
f 1386 1395 1394
f 1386 1392 1390
f 1386 1551 1395
f 1551 1396 1395
f 1551 1397 1396
f 1551 1398 1397
f 1551 1399 1398
f 1388 1406 1403
f 1403 1406 1407
f 1402 1403 1430
f 1403 1407 1430
f 1407 1413 1430
f 1402 1425 1421
f 1402 1431 1422
f 1402 1430 1429
f 1402 1429 1431
f 1402 1422 1423
f 1402 1423 1426
f 1402 1426 1427
f 1421 1425 1424
f 1402 1434 1425
f 1402 1427 1434
f 1427 1428 1434
f 1428 1433 1436
f 1402 1458 1403
f 1413 1460 1430
f 1461 1413 1415
f 1461 1415 1414
f 1461 1414 1416
f 1462 1416 1417
f 1463 1417 1418
f 1464 1418 1419
f 1420 1464 1419
f 1402 1421 1458
f 1421 1424 1465
f 1424 1425 1466
f 1422 1468 1423
f 1423 1469 1426
f 1426 1470 1427
f 1427 1471 1428
f 1428 1472 1433
f 1429 1430 1474
f 1429 1473 1431
f 1422 1431 1475
f 1420 1432 1476
f 1434 1436 1435
f 1435 1436 1437
f 1428 1436 1434
f 1440 1437 1433
f 1435 1437 1440
f 1435 1440 1438
f 1438 1440 1441
f 1438 1442 1439
f 1438 1441 1442
f 1439 1442 1443
f 1439 1443 1446
f 1447 1444 1448
f 1516 1450 1445
f 1446 1447 1454
f 1448 1454 1447
f 1439 1446 1454
f 1455 1448 1449
f 1455 1449 1450
f 1455 1450 1516
f 1455 1516 1451
f 1456 1451 1452
f 1456 1452 1453
f 1456 1453 1518
f 1454 1448 1455
f 1455 1451 1456
f 1456 1518 1457
f 1425 1434 1467
f 1434 1435 1478
f 1435 1438 1479
f 1438 1439 1480
f 1439 1454 1481
f 1433 1477 1440
f 1440 1482 1441
f 1441 1483 1442
f 1442 1484 1443
f 1444 1486 1445
f 1443 1485 1446
f 1446 1488 1447
f 1444 1447 1489
f 1454 1455 1490
f 1455 1456 1491
f 1456 1457 1492
f 1403 1458 1459
f 1413 1461 1460
f 1461 1416 1462
f 1462 1417 1463
f 1463 1418 1464
f 1420 1476 1464
f 1421 1465 1458
f 1424 1466 1465
f 1425 1467 1466
f 1422 1475 1468
f 1423 1468 1469
f 1426 1469 1470
f 1427 1470 1471
f 1428 1471 1472
f 1429 1474 1473
f 1431 1473 1475
f 1430 1460 1474
f 1433 1472 1477
f 1317 1713 1319
f 1318 1319 1713
f 1317 1321 1713
f 1321 1322 1713
f 1318 1713 1320
f 1320 1713 1331
f 1379 1467 1478
f 1379 1478 1479
f 1382 1470 1469
f 1382 1471 1470
f 1382 1472 1471
f 1382 1477 1472
f 1382 1482 1477
f 1382 1483 1482
f 1382 1484 1483
f 1382 1485 1484
f 1382 1488 1485
f 1382 1489 1488
f 1382 1486 1489
f 1379 1479 1480
f 1379 1480 1481
f 1379 1481 1490
f 1379 1490 1491
f 1379 1491 1492
f 1379 1492 1493
f 1434 1478 1467
f 1435 1479 1478
f 1438 1480 1479
f 1439 1481 1480
f 1440 1477 1482
f 1441 1482 1483
f 1442 1483 1484
f 1443 1484 1485
f 1444 1489 1486
f 1445 1486 1487
f 1446 1485 1488
f 1447 1488 1489
f 1454 1490 1481
f 1455 1491 1490
f 1456 1492 1491
f 1457 1493 1492
f 1500 1498 1401
f 1500 1499 1498
f 1502 1432 1499
f 1500 1503 1502
f 1500 1504 1503
f 1500 1502 1499
f 1500 1507 1506
f 1500 1505 1504
f 1500 1509 1505
f 1500 1510 1509
f 1500 1506 1516
f 1500 1508 1507
f 1500 1512 1511
f 1500 1516 1512
f 1500 1511 1510
f 1500 1523 1508
f 1500 1501 1517
f 1501 1513 1522
f 1513 1514 1515
f 1513 1515 1522
f 1501 1522 1517
f 1500 1525 1501
f 1432 1502 1526
f 1502 1503 1527
f 1503 1504 1528
f 1504 1505 1529
f 1505 1509 1530
f 1509 1510 1531
f 1510 1511 1532
f 1511 1512 1533
f 1501 1534 1513
f 1513 1535 1514
f 1514 1536 1515
f 1516 1506 1451
f 1523 1519 1508
f 1500 1517 1521
f 1500 1521 1520
f 1500 1520 1523
f 1457 1518 1519
f 1457 1519 1523
f 1517 1522 1537
f 1517 1539 1521
f 1520 1521 1538
f 1512 1516 1540
f 1445 1487 1516
f 1515 1541 1522
f 1457 1523 1493
f 1520 1542 1523
f 1331 1713 1386
f 1500 1524 1525
f 1432 1526 1476
f 1502 1527 1526
f 1503 1528 1527
f 1504 1529 1528
f 1505 1530 1529
f 1509 1531 1530
f 1511 1533 1532
f 1510 1532 1531
f 1501 1525 1534
f 1513 1534 1535
f 1514 1535 1536
f 1322 1462 1713
f 1520 1538 1542
f 1517 1537 1539
f 1521 1539 1538
f 1487 1540 1516
f 1512 1540 1533
f 1515 1536 1541
f 1522 1541 1537
f 1493 1523 1542
f 1382 1384 1713
f 1379 1712 1383
f 1379 1493 1712
f 1382 1713 1486
f 1383 1781 1384
f 1333 1912 1298
f 1334 1914 1544
f 1333 1543 1912
f 429 1548 1546
f 628 1546 1545
f 429 1576 1548
f 430 1577 1576
f 430 1585 1577
f 438 1586 1585
f 438 1587 1586
f 439 1588 1587
f 440 1589 1588
f 443 1590 1589
f 444 1591 1590
f 444 1592 1591
f 444 1598 1592
f 432 1628 1630
f 433 1630 1635
f 434 1635 1638
f 435 1638 1648
f 445 1648 1662
f 446 1662 1666
f 447 1666 1674
f 447 1674 1676
f 450 1597 1598
f 451 1599 1597
f 451 1603 1599
f 451 1710 1603
f 1545 1546 1547
f 1547 1548 1555
f 1546 1548 1547
f 427 1725 1628
f 627 1545 1713
f 452 1676 1774
f 427 1713 1725
f 451 2210 1710
f 1551 1400 1399
f 1551 1401 1400
f 1386 1549 1551
f 1551 1605 1401
f 1549 1550 1552
f 1549 1552 1551
f 1550 1568 1552
f 1500 1401 1605
f 1500 1605 1524
f 1462 1463 1713
f 1463 1464 1713
f 1464 1476 1713
f 1476 1526 1713
f 1526 1527 1713
f 1527 1528 1713
f 1532 1533 1713
f 1533 1540 1713
f 1486 1713 1487
f 1487 1713 1540
f 1524 1711 1525
f 1528 1529 1713
f 1525 1711 1534
f 1534 1711 1535
f 1535 1711 1536
f 1536 1712 1541
f 1537 1541 1712
f 1529 1530 1713
f 1530 1531 1713
f 1531 1532 1713
f 1493 1542 1712
f 1538 1712 1542
f 1537 1712 1539
f 1538 1539 1712
f 1386 1713 1549
f 1524 1605 1711
f 1536 1711 1712
f 1383 1712 1780
f 1384 1781 1713
f 1383 1780 1781
f 1553 1554 1557
f 1553 1556 1554
f 1553 1555 1556
f 1548 1556 1555
f 1557 1558 1559
f 1558 1560 1559
f 1554 1558 1557
f 1559 1560 1569
f 1560 1570 1569
f 1548 1605 1556
f 1554 1556 1605
f 1561 1562 1567
f 1561 1566 1562
f 1563 1564 1565
f 1563 1569 1570
f 1563 1570 1564
f 1561 1565 1566
f 1564 1566 1565
f 1550 1567 1568
f 1562 1568 1567
f 1562 1605 1568
f 1551 1552 1605
f 1552 1568 1605
f 1564 1570 1605
f 1545 1547 1713
f 1554 1605 1558
f 1558 1605 1560
f 1547 1555 1713
f 1553 1713 1555
f 1560 1605 1570
f 1562 1566 1605
f 1564 1605 1566
f 1553 1557 1713
f 1559 1569 1713
f 1557 1559 1713
f 1548 1576 1573
f 1548 1573 1609
f 1548 1609 1605
f 1710 1704 1603
f 1550 1713 1567
f 1549 1713 1550
f 1563 1565 1713
f 1561 1567 1713
f 1561 1713 1565
f 1563 1713 1569
f 1712 1714 1780
f 1714 1715 1782
f 1713 1781 1785
f 1727 1785 1786
f 1727 1786 1787
f 1714 1782 1780
f 1715 1783 1782
f 1716 1784 1783
f 1760 1788 1784
f 1761 1789 1788
f 1605 1609 1606
f 1609 1612 1606
f 1606 1616 1614
f 1614 1616 1615
f 1606 1677 1616
f 1606 1612 1621
f 1612 1618 1620
f 1618 1612 1613
f 1653 1613 1654
f 1617 1613 1653
f 1617 1618 1613
f 1612 1620 1619
f 1606 1621 1677
f 1623 1612 1678
f 1677 1621 1622
f 1677 1622 1623
f 1605 1606 1712
f 1606 1614 1712
f 1614 1615 1714
f 1615 1616 1715
f 1617 1653 1743
f 1617 1717 1618
f 1618 1718 1620
f 1619 1620 1720
f 1619 1719 1624
f 1624 1721 1625
f 1625 1722 1626
f 1626 1723 1627
f 1628 1629 1630
f 1629 1631 1630
f 1630 1631 1635
f 1631 1634 1635
f 1634 1644 1635
f 1635 1644 1638
f 1638 1644 1645
f 1638 1645 1646
f 1638 1646 1648
f 1646 1651 1648
f 1648 1651 1662
f 1651 1652 1662
f 1652 1666 1662
f 1652 1665 1666
f 1665 1675 1666
f 1665 1672 1675
f 1666 1675 1674
f 1674 1675 1676
f 1628 1725 1629
f 1629 1728 1631
f 1631 1729 1634
f 1634 1737 1644
f 1732 1654 1639
f 1732 1639 1640
f 1733 1640 1641
f 1734 1641 1642
f 1735 1642 1643
f 1736 1643 1655
f 1644 1738 1645
f 1645 1739 1646
f 1646 1741 1651
f 1651 1742 1652
f 1653 1654 1743
f 1744 1655 1656
f 1745 1656 1657
f 1746 1657 1660
f 1747 1670 1658
f 1659 1747 1658
f 1748 1660 1661
f 1652 1751 1665
f 1665 1756 1672
f 1749 1661 1667
f 1753 1667 1668
f 1754 1668 1669
f 1755 1669 1670
f 1672 1758 1675
f 1675 1758 1676
f 1677 1623 1679
f 1679 1623 1683
f 1683 1623 1678
f 1683 1678 1680
f 1683 1680 1682
f 1681 1688 1687
f 1683 1682 1686
f 1686 1682 1684
f 1681 1687 1684
f 1687 1688 1685
f 1686 1684 1687
f 1687 1685 1696
f 1616 1677 1716
f 1677 1679 1760
f 1679 1683 1761
f 1683 1686 1762
f 1686 1687 1763
f 1627 1724 1681
f 1681 1764 1688
f 1687 1706 1765
f 1688 1689 1685
f 1695 1692 1699
f 1691 1695 1707
f 1706 1696 1697
f 1691 1707 1697
f 1699 1707 1695
f 1708 1699 1700
f 1708 1700 1698
f 1709 1698 1704
f 1708 1698 1709
f 1709 1704 1710
f 1687 1696 1706
f 1706 1697 1707
f 1707 1699 1708
f 1688 1766 1689
f 1689 1767 1690
f 1690 1768 1691
f 1691 1769 1695
f 1692 1770 1694
f 1659 1693 1771
f 1693 1694 1772
f 1692 1695 1773
f 1706 1707 1775
f 1707 1708 1776
f 1708 1709 1777
f 1709 1710 1779
f 1605 1712 1711
f 1614 1714 1712
f 1615 1715 1714
f 1616 1716 1715
f 1617 1743 1717
f 1618 1717 1718
f 1619 1720 1719
f 1620 1718 1720
f 1624 1719 1721
f 1625 1721 1722
f 1626 1722 1723
f 1627 1723 1724
f 1713 1785 1725
f 1725 1785 1727
f 1727 1787 1730
f 1717 1730 1791
f 1629 1725 1726
f 1629 1726 1728
f 1631 1728 1729
f 1634 1729 1737
f 1732 1640 1733
f 1733 1641 1734
f 1734 1642 1735
f 1735 1643 1736
f 1644 1737 1738
f 1645 1738 1739
f 1646 1739 1741
f 1651 1741 1742
f 1732 1743 1654
f 1736 1655 1744
f 1744 1656 1745
f 1745 1657 1746
f 1746 1660 1748
f 1748 1661 1749
f 1652 1742 1751
f 1665 1751 1756
f 1749 1667 1753
f 1753 1668 1754
f 1754 1669 1755
f 1747 1755 1670
f 1672 1756 1758
f 1676 1758 1759
f 1725 1727 1726
f 1726 1727 1730
f 1726 1730 1728
f 1728 1730 1729
f 1729 1730 1731
f 1729 1731 1737
f 1730 1743 1732
f 1730 1732 1733
f 1730 1733 1734
f 1730 1734 1735
f 1717 1743 1730
f 1730 1735 1731
f 1731 1735 1736
f 1731 1736 1744
f 1740 1744 1745
f 1737 1740 1738
f 1731 1740 1737
f 1738 1740 1739
f 1731 1744 1740
f 1739 1740 1750
f 1740 1746 1750
f 1739 1750 1741
f 1740 1745 1746
f 1746 1748 1750
f 1748 1749 1750
f 1749 1753 1750
f 1750 1753 1754
f 1750 1754 1752
f 1741 1750 1752
f 1741 1752 1742
f 1742 1757 1751
f 1742 1752 1757
f 1752 1754 1755
f 1747 1771 1752
f 1747 1752 1755
f 1751 1758 1756
f 1751 1757 1758
f 1757 1759 1758
f 1677 1760 1716
f 1679 1761 1760
f 1683 1762 1761
f 1686 1763 1762
f 1681 1724 1764
f 1688 1764 1766
f 1687 1765 1763
f 1706 1775 1765
f 1715 1716 1783
f 1716 1760 1784
f 1717 1791 1718
f 1718 1791 1720
f 1719 1720 1791
f 1719 1791 1721
f 1730 1787 1791
f 1721 1791 1722
f 1722 1791 1723
f 1723 1792 1724
f 1724 1792 1764
f 1764 1792 1766
f 1760 1761 1788
f 1761 1762 1789
f 1762 1763 1789
f 1723 1791 1792
f 1767 1792 1793
f 1763 1765 1790
f 1765 1775 1794
f 1775 1776 1795
f 1766 1792 1767
f 1767 1793 1768
f 1768 1793 1769
f 1769 1793 1773
f 1770 1773 1793
f 1771 1772 1793
f 1770 1793 1772
f 1752 1793 1797
f 1689 1766 1767
f 1690 1767 1768
f 1691 1768 1769
f 1695 1769 1773
f 1692 1773 1770
f 1694 1770 1772
f 1693 1772 1771
f 1659 1771 1747
f 1676 1759 1774
f 1707 1776 1775
f 1708 1777 1776
f 1709 1778 1777
f 1709 1779 1778
f 1752 1771 1793
f 1752 1797 1757
f 1757 1798 1759
f 1759 1798 1774
f 1780 1782 1785
f 1780 1785 1781
f 1782 1783 1786
f 1783 1784 1787
f 1782 1786 1785
f 1783 1787 1786
f 1784 1791 1787
f 1784 1788 1791
f 1788 1789 1792
f 1789 1790 1793
f 1788 1792 1791
f 1789 1793 1792
f 1790 1797 1793
f 1763 1790 1789
f 1765 1794 1790
f 1775 1795 1794
f 1776 1796 1795
f 1757 1797 1798
f 1774 1798 1799
f 1774 1799 1802
f 1790 1794 1797
f 1794 1795 1798
f 1795 1796 1799
f 1794 1798 1797
f 1795 1799 1798
f 1776 1800 1796
f 1776 1801 1800
f 1776 1804 1801
f 1774 1802 1803
f 1774 1803 1805
f 1796 1800 1802
f 1800 1801 1803
f 1796 1802 1799
f 1800 1803 1802
f 1801 1805 1803
f 1801 1804 1805
f 1710 2210 1779
f 1777 1778 2311
f 1776 1777 2311
f 1778 1779 2311
f 1804 2184 1805
f 1776 2311 1804
f 1774 1805 2320
f 1914 1818 1817
f 1914 1819 1818
f 1914 1820 1819
f 1914 1828 1831
f 1914 1831 1830
f 1914 1821 1820
f 1914 1829 1821
f 1914 1830 1829
f 1912 1838 1298
f 1912 1839 1838
f 1912 1834 1839
f 1912 1837 1834
f 1912 1836 1837
f 1912 1827 1835
f 1912 1835 1836
f 866 1827 1912
f 864 1914 1817
f 888 1928 1842
f 888 1842 1840
f 979 1840 1841
f 867 1912 1913
f 874 1913 1918
f 874 1918 1919
f 876 1919 1920
f 876 1920 1921
f 880 1921 1922
f 887 1922 1927
f 887 1927 1928
f 869 1915 1914
f 869 1916 1915
f 870 1917 1916
f 881 1923 1917
f 881 1924 1923
f 883 1925 1924
f 884 1926 1925
f 884 1929 1926
f 980 1841 1929
f 1840 1843 1841
f 1840 1842 1843
f 1842 1845 1843
f 1334 1828 1914
f 1914 1874 1544
f 1912 1543 1862
f 1842 1844 1845
f 1844 1847 1845
f 1844 1846 1847
f 1846 1849 1847
f 1846 1848 1849
f 1848 1850 1851
f 1848 1851 1849
f 1850 1852 1853
f 1850 1853 1851
f 1842 1928 1844
f 1841 1843 1929
f 1844 1928 1846
f 1846 1928 1848
f 1843 1845 1929
f 1845 1847 1929
f 1848 1928 1850
f 1847 1849 1929
f 1850 1928 1852
f 1852 1928 1854
f 1849 1851 1929
f 1851 1853 1929
f 1852 1854 1855
f 1852 1855 1853
f 1854 1857 1855
f 1854 1856 1857
f 1856 1859 1857
f 1856 1858 1859
f 1858 1861 1859
f 1858 1860 1861
f 1860 1934 1861
f 1914 1875 1874
f 1914 1876 1875
f 1912 1862 1863
f 1912 1863 1864
f 1890 1888 1889
f 1890 1892 1891
f 1891 1893 1894
f 1890 1889 1892
f 1891 1892 1893
f 1893 1897 1894
f 1914 1877 1876
f 1914 1878 1877
f 1914 1879 1878
f 1914 1880 1879
f 1914 1881 1880
f 1912 1864 1865
f 1912 1865 1866
f 1912 1866 1867
f 1912 1867 1868
f 1912 1868 1869
f 1912 1869 1870
f 1912 1870 1871
f 1912 1871 1872
f 1912 1872 1873
f 1912 1873 1886
f 1914 1882 1881
f 1914 1883 1882
f 1914 1884 1883
f 1914 1885 1884
f 1914 1887 1885
f 1914 1889 1887
f 1912 1886 1888
f 1890 1912 1888
f 1890 1891 1912
f 1892 1889 1914
f 1892 1914 1893
f 1894 1897 1895
f 1895 1898 1896
f 1896 1899 1900
f 1895 1897 1898
f 1896 1898 1899
f 1891 1894 1912
f 1894 1895 1912
f 1895 1896 1912
f 1896 1900 1912
f 1893 1914 1897
f 1897 1914 1898
f 1898 1915 1899
f 1899 1903 1900
f 1900 1903 1901
f 1901 1904 1902
f 1902 1905 1906
f 1901 1903 1904
f 1902 1904 1905
f 1906 1909 1907
f 1907 1910 1908
f 1905 1909 1906
f 1907 1909 1910
f 1908 1910 1911
f 1908 1911 1930
f 1911 1931 1930
f 1898 1914 1915
f 1899 1915 1916
f 1903 1916 1917
f 1904 1917 1923
f 1900 1913 1912
f 1899 1916 1903
f 1903 1917 1904
f 1900 1901 1918
f 1901 1902 1919
f 1902 1906 1921
f 1904 1924 1905
f 1900 1918 1913
f 1901 1919 1918
f 1902 1920 1919
f 1902 1921 1920
f 1906 1922 1921
f 1906 1927 1922
f 1907 1928 1927
f 1905 1925 1909
f 1904 1923 1924
f 1905 1924 1925
f 1909 1925 1926
f 1911 1926 1929
f 1853 1855 1929
f 1854 1928 1856
f 1856 1928 1858
f 1858 1928 1860
f 1855 1857 1929
f 1857 1859 1929
f 1859 1861 1929
f 1860 1928 1932
f 1928 1933 1932
f 1861 1934 1929
f 1929 1934 1935
f 1928 1992 1933
f 1906 1907 1927
f 1907 1908 1928
f 1908 1930 1928
f 1909 1926 1910
f 1910 1926 1911
f 1911 1929 1931
f 1928 1930 2018
f 1928 2041 1992
f 1929 2032 1931
f 1928 2018 2027
f 1928 2027 2028
f 1928 2028 2029
f 1928 2029 2040
f 1928 2040 2041
f 1929 2044 2042
f 1929 2046 2044
f 1929 2047 2046
f 1860 1932 1934
f 1932 1933 1935
f 1932 1935 1934
f 1933 1938 1935
f 1933 1936 1937
f 1933 1992 1936
f 1933 1937 1938
f 1935 1938 1939
f 1935 1939 1940
f 1935 1940 1941
f 1935 1941 1942
f 1935 1942 1943
f 1935 1943 2117
f 2117 1943 1948
f 2117 1945 1944
f 2117 1948 1945
f 1950 1951 1962
f 1951 1952 1963
f 1949 1959 1954
f 1949 1955 1960
f 1949 1960 1959
f 1953 1954 1992
f 1953 1992 1956
f 1954 1959 1958
f 1949 1950 1955
f 1950 1962 1955
f 1951 1961 1962
f 1952 1969 1967
f 1951 1963 1961
f 1952 1964 1963
f 1952 2055 1969
f 1952 1967 1964
f 1966 1969 2055
f 1966 2055 1965
f 1967 1968 1964
f 1966 1965 1970
f 1949 1954 2011
f 1949 2012 1950
f 1950 2013 1951
f 1951 2014 1952
f 1953 1956 2015
f 1953 2016 1954
f 1956 1957 2017
f 1957 1974 2018
f 1966 2019 1969
f 1967 2020 1968
f 1968 2021 1986
f 1967 1969 2022
f 1966 1970 2023
f 1970 1971 2024
f 1971 1972 2025
f 1972 1973 2026
f 1956 1991 1957
f 1957 1981 1974
f 1954 1958 1992
f 1974 1981 1976
f 1992 1958 1975
f 1957 1991 1981
f 1956 1992 1991
f 1992 1975 1977
f 1992 1977 1982
f 1992 1982 1983
f 1992 1983 1993
f 1992 1994 1936
f 1992 1993 1995
f 1992 1995 1994
f 1993 1999 1995
f 1999 1993 1989
f 1929 1935 2117
f 1974 1976 2027
f 1976 1981 2028
f 1981 1991 2029
f 1978 2030 1979
f 1979 2031 1980
f 1980 2032 1984
f 1984 2033 1985
f 1985 2034 1987
f 1978 1986 2035
f 1987 2036 1988
f 1988 2037 1989
f 1989 2038 1999
f 1991 1992 2040
f 2050 2000 1999
f 2050 2002 2000
f 2051 2001 2002
f 2052 2003 2001
f 2053 2004 2003
f 2053 2006 2004
f 2053 2005 2006
f 1990 2005 2054
f 1930 2011 2016
f 1930 2016 2015
f 1930 2015 2017
f 1930 2012 2011
f 1930 2013 2012
f 1930 2014 2013
f 1930 2017 2018
f 1931 2030 2035
f 1931 2031 2030
f 1931 2022 2019
f 1931 2020 2022
f 1931 2021 2020
f 1931 2035 2021
f 1931 2032 2031
f 1949 2011 2012
f 1950 2012 2013
f 1951 2013 2014
f 1956 2017 2015
f 1953 2015 2016
f 1954 2016 2011
f 1957 2018 2017
f 1974 2027 2018
f 1986 2021 2035
f 1968 2020 2021
f 1967 2022 2020
f 1969 2019 2022
f 1966 2023 2019
f 1970 2024 2023
f 1971 2025 2024
f 1972 2026 2025
f 1929 2033 2032
f 1929 2034 2033
f 1929 2042 2034
f 1929 2048 2047
f 1929 2049 2048
f 1976 2028 2027
f 1981 2029 2028
f 1991 2040 2029
f 1978 2035 2030
f 1979 2030 2031
f 1980 2031 2032
f 1984 2032 2033
f 1985 2033 2034
f 1987 2034 2036
f 1988 2036 2037
f 1989 2037 2038
f 1990 2054 2039
f 1992 2041 2040
f 1999 2038 2050
f 2050 2051 2002
f 2051 2052 2001
f 2052 2053 2003
f 2005 2053 2054
f 2034 2042 2036
f 2036 2042 2037
f 2042 2045 2043
f 2042 2044 2045
f 2046 2047 2048
f 2046 2048 2049
f 2037 2042 2038
f 2038 2042 2050
f 2042 2051 2050
f 2042 2052 2051
f 2042 2053 2052
f 2044 2046 2105
f 2046 2049 2107
f 2046 2106 2108
f 2046 2107 2106
f 2055 2057 1965
f 2055 2056 2057
f 2056 2058 2057
f 2056 2059 2058
f 2059 1972 2058
f 2059 2063 2062
f 1972 2059 1973
f 2059 2060 1973
f 1973 2060 2061
f 2066 2061 2062
f 2065 2067 2066
f 2059 2062 2060
f 2063 2066 2062
f 2063 2065 2066
f 2065 2064 2067
f 2065 2070 2064
f 1952 2088 2055
f 2055 2089 2056
f 2056 2090 2059
f 2059 2091 2063
f 1973 2061 2092
f 2061 2066 2094
f 2063 2093 2065
f 2065 2102 2078
f 2064 2068 2067
f 2065 2071 2070
f 2065 2086 2071
f 2086 2076 2071
f 2086 2077 2076
f 2087 2083 2077
f 2086 2087 2077
f 2065 2078 2086
f 2078 2079 2080
f 2078 2080 2086
f 2087 1946 2083
f 2066 2067 2095
f 2067 2068 2096
f 2068 2069 2097
f 2069 2073 2099
f 2072 2098 2073
f 2072 2074 2100
f 2074 2075 2101
f 1990 2039 2075
f 2078 2103 2079
f 2079 2104 2080
f 2080 2109 2086
f 2086 2109 2087
f 1952 2014 2088
f 2055 2088 2089
f 2056 2089 2090
f 2059 2090 2091
f 2063 2091 2093
f 1973 2092 2026
f 2061 2094 2092
f 2065 2093 2102
f 1930 1931 2195
f 1930 2195 2014
f 1931 2019 2196
f 2066 2095 2094
f 2067 2096 2095
f 2068 2097 2096
f 2069 2099 2097
f 2072 2100 2098
f 2073 2098 2099
f 2074 2101 2100
f 2039 2101 2075
f 2078 2102 2103
f 2079 2103 2104
f 2080 2104 2109
f 2087 2109 2110
f 2046 2108 2105
f 1929 2376 2049
f 1221 1774 2320
f 1226 2114 2112
f 1264 2112 2111
f 1220 2152 2142
f 1219 2139 2137
f 1220 2142 2139
f 1219 2137 2210
f 1224 2146 2148
f 1225 2148 2149
f 1226 2348 2114
f 1229 2153 2152
f 1229 2154 2153
f 1230 2155 2154
f 1234 2158 2159
f 1233 2149 2156
f 1233 2156 2157
f 1233 2157 2158
f 1235 2159 2155
f 1236 2259 2260
f 1237 2260 2269
f 1238 2269 2272
f 1239 2282 2281
f 1239 2288 2282
f 1241 2287 2288
f 1242 2272 2293
f 1240 2293 2287
f 1263 2111 2240
f 2111 2112 2113
f 2113 2114 2121
f 2112 2114 2113
f 1221 2357 2259
f 1261 2144 2146
f 1239 2281 2348
f 1261 2240 2144
f 1221 2320 2357
f 1804 2183 2184
f 1804 2310 2183
f 1805 2184 2320
f 1779 2210 2311
f 1804 2311 2310
f 2117 1947 1946
f 2117 1944 1947
f 2115 2117 1946
f 2115 2116 2118
f 2115 2118 2117
f 2116 2134 2118
f 2087 2343 1946
f 2014 2195 2088
f 2088 2195 2089
f 2089 2195 2090
f 2090 2195 2091
f 2019 2023 2196
f 2023 2024 2196
f 2024 2025 2196
f 2025 2026 2196
f 2026 2092 2196
f 2092 2094 2196
f 2094 2095 2196
f 2095 2096 2196
f 2096 2097 2196
f 2097 2099 2174
f 2098 2174 2099
f 2039 2054 2174
f 2039 2174 2101
f 2098 2100 2174
f 2100 2101 2174
f 2091 2195 2093
f 2093 2171 2102
f 2102 2171 2103
f 2103 2171 2104
f 1931 2196 2195
f 2042 2174 2053
f 2053 2174 2054
f 2042 2043 2301
f 2043 2045 2337
f 2044 2337 2045
f 2044 2105 2327
f 2049 2376 2107
f 2087 2110 2343
f 1929 2117 2348
f 2104 2323 2109
f 2109 2324 2110
f 2105 2108 2344
f 2106 2345 2108
f 2106 2107 2346
f 2115 1946 2343
f 2093 2195 2171
f 2097 2174 2196
f 2042 2301 2174
f 2104 2171 2304
f 1929 2348 2371
f 1929 2371 2372
f 1929 2372 2376
f 2043 2325 2301
f 2104 2304 2300
f 2104 2300 2322
f 2104 2322 2323
f 2109 2323 2324
f 2110 2324 2342
f 2043 2337 2325
f 2044 2327 2337
f 2110 2342 2343
f 2105 2328 2327
f 2105 2344 2328
f 2108 2345 2344
f 2106 2346 2345
f 2107 2347 2346
f 2119 2120 2123
f 2119 2122 2120
f 2119 2121 2122
f 2114 2122 2121
f 2123 2124 2125
f 2124 2126 2125
f 2120 2124 2123
f 2125 2126 2135
f 2126 2136 2135
f 2111 2113 2343
f 2127 2128 2133
f 2127 2132 2128
f 2129 2130 2131
f 2129 2135 2136
f 2129 2136 2130
f 2127 2131 2132
f 2130 2132 2131
f 2116 2133 2134
f 2128 2134 2133
f 2113 2121 2343
f 2119 2123 2343
f 2119 2343 2121
f 2114 2348 2122
f 2120 2122 2348
f 2129 2343 2135
f 2123 2125 2343
f 2120 2348 2124
f 2125 2135 2343
f 2126 2348 2136
f 2124 2348 2126
f 2210 2137 2219
f 2111 2343 2240
f 2240 2241 2144
f 2171 2195 2196
f 2171 2196 2174
f 2177 2180 2191
f 2171 2174 2172
f 2173 2176 2179
f 2172 2175 2173
f 2172 2174 2175
f 2173 2175 2176
f 2178 2179 2182
f 2177 2178 2181
f 2178 2182 2181
f 2177 2181 2180
f 2176 2182 2179
f 2183 2187 2184
f 2183 2185 2187
f 2185 2186 2188
f 2186 2190 2193
f 2185 2188 2187
f 2186 2193 2188
f 2189 2192 2190
f 2189 2191 2194
f 2190 2192 2193
f 2189 2194 2192
f 2180 2194 2191
f 2183 2309 2185
f 2185 2309 2186
f 2186 2309 2190
f 2184 2187 2320
f 2187 2188 2320
f 2189 2308 2191
f 2177 2307 2178
f 2178 2299 2179
f 2177 2191 2307
f 2189 2190 2309
f 2188 2193 2320
f 2192 2320 2193
f 2180 2320 2194
f 2192 2194 2320
f 2183 2310 2309
f 2115 2343 2116
f 2116 2343 2133
f 2127 2133 2343
f 2118 2134 2348
f 2117 2118 2348
f 2127 2343 2131
f 2129 2131 2343
f 2130 2348 2132
f 2128 2348 2134
f 2128 2132 2348
f 2130 2136 2348
f 2171 2172 2303
f 2172 2173 2299
f 2173 2179 2299
f 2107 2376 2347
f 2200 2204 2202
f 2197 2204 2200
f 2197 2206 2232
f 2200 2202 2203
f 2199 2200 2240
f 2199 2240 2201
f 2206 2205 2231
f 2206 2231 2232
f 2197 2243 2204
f 2197 2233 2234
f 2197 2232 2233
f 2197 2200 2299
f 2197 2307 2206
f 2198 2226 2300
f 2199 2303 2200
f 2199 2201 2302
f 2198 2304 2201
f 2205 2213 2314
f 2205 2306 2231
f 2206 2207 2211
f 2206 2214 2213
f 2206 2211 2214
f 2207 2212 2211
f 2207 2208 2212
f 2208 2209 2216
f 2208 2215 2212
f 2208 2216 2215
f 2209 2221 2218
f 2206 2213 2205
f 2209 2217 2216
f 2209 2218 2217
f 2248 2218 2224
f 2248 2224 2249
f 2210 2219 2209
f 2209 2219 2221
f 2206 2308 2207
f 2207 2309 2208
f 2208 2310 2209
f 2209 2310 2210
f 2211 2312 2214
f 2211 2212 2313
f 2212 2215 2316
f 2213 2214 2315
f 2215 2216 2317
f 2216 2217 2318
f 2217 2218 2319
f 2218 2248 2349
f 2198 2201 2239
f 2198 2228 2226
f 2226 2228 2227
f 2198 2239 2228
f 2201 2240 2239
f 2200 2203 2240
f 2240 2203 2229
f 2243 2230 2204
f 2197 2234 2243
f 2240 2229 2230
f 2240 2230 2241
f 2230 2243 2241
f 2234 2235 2243
f 2235 2236 2243
f 2236 2237 2243
f 2237 2238 2243
f 2250 2245 2238
f 2250 2251 2245
f 2226 2227 2322
f 2227 2228 2323
f 2228 2239 2324
f 2231 2333 2232
f 2232 2334 2233
f 2233 2335 2234
f 2234 2336 2235
f 2235 2337 2236
f 2236 2339 2237
f 2237 2340 2238
f 2238 2341 2250
f 2239 2240 2343
f 2259 2261 2260
f 2260 2261 2294
f 2261 2263 2270
f 2260 2294 2269
f 2261 2270 2294
f 2269 2295 2272
f 2269 2294 2295
f 2281 2282 2283
f 2282 2288 2283
f 2283 2288 2284
f 2287 2289 2288
f 2284 2288 2289
f 2287 2297 2289
f 2272 2296 2293
f 2272 2298 2296
f 2272 2295 2298
f 2287 2293 2297
f 2293 2296 2297
f 2248 2249 2349
f 2250 2350 2251
f 2350 2274 2251
f 2352 2253 2278
f 2351 2252 2254
f 2353 2254 2253
f 2354 2249 2255
f 2354 2255 2256
f 2355 2256 2257
f 2356 2257 2264
f 2259 2357 2261
f 2261 2360 2263
f 2362 2264 2265
f 2361 2265 2266
f 2363 2266 2267
f 2363 2267 2252
f 2263 2365 2270
f 2270 2378 2294
f 2366 2273 2274
f 2367 2275 2273
f 2368 2276 2275
f 2369 2277 2276
f 2370 2278 2277
f 2281 2283 2373
f 2283 2284 2373
f 2284 2289 2374
f 2289 2297 2377
f 2294 2379 2295
f 2295 2382 2298
f 2296 2298 2380
f 2296 2381 2297
f 2197 2299 2307
f 2198 2300 2304
f 2226 2322 2300
f 2199 2302 2303
f 2201 2304 2302
f 2200 2303 2299
f 2231 2306 2333
f 2205 2314 2306
f 2171 2302 2304
f 2171 2303 2302
f 2172 2299 2303
f 2174 2320 2175
f 2175 2320 2176
f 2181 2182 2320
f 2176 2320 2182
f 2178 2307 2299
f 2191 2308 2307
f 2189 2309 2308
f 2180 2181 2320
f 2174 2301 2305
f 2174 2305 2312
f 2174 2312 2313
f 2174 2313 2316
f 2174 2316 2320
f 2301 2329 2305
f 2305 2331 2333
f 2305 2306 2314
f 2305 2314 2315
f 2305 2315 2312
f 2305 2333 2306
f 2206 2307 2308
f 2207 2308 2309
f 2208 2309 2310
f 2210 2310 2311
f 2211 2313 2312
f 2212 2316 2313
f 2213 2315 2314
f 2214 2312 2315
f 2215 2317 2316
f 2216 2318 2317
f 2217 2319 2318
f 2218 2349 2319
f 2316 2317 2320
f 2317 2318 2321
f 2318 2319 2321
f 2319 2349 2321
f 2321 2349 2354
f 2317 2321 2320
f 2320 2321 2357
f 2227 2323 2322
f 2228 2324 2323
f 2239 2342 2324
f 2233 2334 2335
f 2232 2333 2334
f 2234 2335 2336
f 2235 2336 2337
f 2236 2337 2338
f 2236 2338 2339
f 2237 2339 2340
f 2238 2340 2341
f 2250 2341 2350
f 2239 2343 2342
f 2281 2371 2348
f 2301 2326 2329
f 2301 2325 2326
f 2327 2328 2344
f 2327 2344 2345
f 2326 2330 2329
f 2305 2329 2330
f 2325 2335 2326
f 2326 2335 2330
f 2325 2336 2335
f 2325 2337 2336
f 2305 2332 2331
f 2305 2330 2332
f 2330 2335 2332
f 2331 2332 2334
f 2332 2335 2334
f 2331 2334 2333
f 2327 2338 2337
f 2327 2339 2338
f 2327 2340 2339
f 2327 2341 2340
f 2327 2350 2341
f 2327 2366 2350
f 2327 2367 2366
f 2327 2345 2346
f 2327 2346 2347
f 2327 2347 2375
f 2349 2249 2354
f 2351 2363 2252
f 2351 2254 2353
f 2352 2353 2253
f 2354 2256 2355
f 2355 2257 2356
f 2356 2264 2362
f 2261 2357 2358
f 2261 2358 2360
f 2361 2362 2265
f 2361 2266 2363
f 2263 2360 2365
f 2270 2365 2378
f 2350 2366 2274
f 2366 2367 2273
f 2367 2368 2275
f 2368 2369 2276
f 2369 2370 2277
f 2352 2278 2370
f 2281 2373 2371
f 2284 2374 2373
f 2289 2377 2374
f 2297 2381 2377
f 2294 2378 2379
f 2295 2379 2382
f 2298 2382 2380
f 2296 2380 2381
f 2321 2354 2355
f 2355 2356 2359
f 2356 2362 2364
f 2321 2355 2359
f 2321 2359 2357
f 2356 2364 2359
f 2357 2378 2358
f 2358 2365 2360
f 2357 2359 2378
f 2361 2364 2362
f 2361 2363 2364
f 2351 2364 2363
f 2351 2375 2364
f 2359 2364 2378
f 2358 2378 2365
f 2364 2379 2378
f 2327 2375 2367
f 2367 2375 2368
f 2368 2375 2369
f 2369 2375 2370
f 2351 2353 2375
f 2352 2375 2353
f 2352 2370 2375
f 2347 2376 2375
f 2371 2373 2372
f 2372 2373 2374
f 2372 2374 2376
f 2374 2377 2376
f 2376 2377 2381
f 2375 2376 2381
f 2364 2375 2381
f 2364 2381 2380
f 2364 2382 2379
f 2364 2380 2382
f 290 281 289
f 282 291 281
f 282 293 291
f 290 282 281
f 285 289 283
f 286 283 284
f 286 285 283
f 631 287 629
f 288 284 287
f 631 288 287
f 288 286 284
f 285 290 289
f 291 293 292
f 294 295 292
f 293 294 292
f 297 296 295
f 296 298 303
f 294 297 295
f 297 298 296
f 305 304 303
f 306 307 304
f 298 305 303
f 305 306 304
f 306 310 307
f 307 310 308
f 311 309 308
f 310 311 308
f 311 312 309
f 312 313 309
f 313 314 941
f 312 314 313
f 314 942 941
f 632 629 630
f 635 630 633
f 632 631 629
f 635 632 630
f 636 633 634
f 636 635 633
f 638 636 634
f 638 634 637
f 640 637 639
f 643 639 641
f 640 638 637
f 643 640 639
f 644 641 642
f 644 643 641
f 647 644 642
f 647 642 645
f 648 645 646
f 648 647 645
f 939 648 646
f 941 942 929
f 930 932 929
f 942 930 929
f 930 935 932
f 936 931 933
f 935 933 932
f 934 931 936
f 935 936 933
f 939 646 937
f 940 937 938
f 940 939 937
f 934 940 938
f 931 934 938
f 1341 1345 1356
f 1352 1347 1341
f 1346 1342 1353
f 1342 1343 1354
f 1343 1367 1368
f 1345 1344 1355
f 1344 1346 1357
f 1360 1350 1349
f 1358 1348 1347
f 1359 1349 1348
f 1361 1351 1350
f 1362 1543 1351
f 1341 1356 1352
f 1352 1358 1347
f 1346 1353 1357
f 1342 1354 1353
f 1343 1368 1354
f 1345 1355 1356
f 1344 1357 1355
f 1358 1359 1348
f 1359 1360 1349
f 1360 1361 1350
f 1361 1362 1351
f 1362 1544 1543
f 1369 1368 1367
f 1370 1368 1369
f 1543 1544 1862
f 1544 1874 1862
f 1862 1874 1863
f 1864 1863 1875
f 1865 1864 1876
f 1866 1865 1877
f 1867 1866 1878
f 1868 1867 1879
f 1869 1868 1880
f 1870 1869 1881
f 1871 1870 1882
f 1872 1871 1883
f 1873 1872 1884
f 1886 1873 1885
f 1863 1874 1875
f 1864 1875 1876
f 1865 1876 1877
f 1866 1877 1878
f 1867 1878 1879
f 1868 1879 1880
f 1869 1880 1881
f 1870 1881 1882
f 1871 1882 1883
f 1872 1883 1884
f 1873 1884 1885
f 1886 1885 1887
f 1888 1886 1889
f 1887 1889 1886
f 1404 1392 1389
f 1408 1390 1392
f 1406 1391 1390
f 1410 1393 1394
f 1411 1394 1395
f 1412 1395 1396
f 1494 1396 1397
f 1409 1389 1393
f 1495 1397 1398
f 1496 1398 1399
f 1497 1399 1400
f 1497 1400 1401
f 1404 1408 1392
f 1408 1405 1390
f 1405 1406 1390
f 1413 1407 1406
f 1405 1413 1406
f 1408 1413 1405
f 1409 1393 1410
f 1410 1394 1411
f 1411 1395 1412
f 1412 1396 1494
f 1404 1389 1409
f 1404 1409 1413
f 1409 1410 1413
f 1404 1413 1408
f 1410 1415 1413
f 1410 1414 1415
f 1410 1416 1414
f 1410 1411 1416
f 1411 1412 1416
f 1412 1494 1420
f 1412 1417 1416
f 1412 1418 1417
f 1412 1419 1418
f 1412 1420 1419
f 1494 1432 1420
f 1433 1437 1436
f 1444 1445 1448
f 1449 1448 1450
f 1445 1450 1448
f 1518 1451 1519
f 1452 1451 1453
f 1518 1453 1451
f 1494 1397 1495
f 1495 1398 1496
f 1496 1399 1497
f 1494 1495 1499
f 1494 1499 1432
f 1495 1496 1499
f 1497 1401 1498
f 1497 1498 1496
f 1496 1498 1499
f 1507 1451 1506
f 1507 1508 1451
f 1508 1519 1451
f 1996 1937 1936
f 1996 1938 1937
f 1997 1939 1938
f 1998 1940 1939
f 2007 1941 1940
f 2008 1942 1941
f 2009 1943 1942
f 2010 1948 1943
f 2081 1947 1944
f 2085 1945 1948
f 2082 1944 1945
f 2084 1946 1947
f 1955 1986 1978
f 1955 1993 1960
f 1955 1978 1979
f 1962 1961 1964
f 1962 1964 1968
f 1961 1963 1964
f 1955 1962 1968
f 1955 1968 1986
f 1970 1965 1971
f 1972 1971 1965
f 1975 1958 1982
f 1975 1982 1977
f 1982 1958 1983
f 1960 1993 1959
f 1959 1983 1958
f 1955 1979 1980
f 1955 1980 1993
f 1959 1993 1983
f 1980 1984 1993
f 1985 1993 1984
f 1987 1993 1985
f 1987 1988 1993
f 1988 1989 1993
f 1996 1936 1994
f 1996 1997 1938
f 1997 1998 1939
f 1994 1995 1997
f 1996 1994 1997
f 1997 1995 1998
f 1998 1995 2007
f 1998 2007 1940
f 2007 1995 1999
f 2008 1999 2000
f 2008 2000 2002
f 2008 2002 2001
f 2008 2001 2003
f 2007 1999 2008
f 2010 2003 2004
f 2010 2004 2006
f 2010 2006 2005
f 2085 2005 1990
f 2008 2003 2009
f 2009 2003 2010
f 2010 2005 2085
f 2007 2008 1941
f 2008 2009 1942
f 2009 2010 1943
f 2010 2085 1948
f 2057 2058 1965
f 1972 1965 2058
f 2062 2061 2060
f 2068 2064 2069
f 2070 2077 2064
f 2070 2071 2076
f 2082 2069 2064
f 2082 2074 2072
f 2082 2073 2069
f 2082 2072 2073
f 2081 2082 2064
f 2064 2077 2083
f 2083 2084 2064
f 2070 2076 2077
f 2081 2064 2084
f 2085 2082 1945
f 2081 1944 2082
f 2085 1990 2075
f 2082 2075 2074
f 2085 2075 2082
f 2084 2083 1946
f 2081 2084 1947
f 1572 1573 1575
f 1572 1609 1573
f 1574 1577 1571
f 1574 1575 1576
f 1574 1576 1577
f 1575 1573 1576
f 1571 1577 1585
f 1571 1585 1586
f 1574 1610 1575
f 1574 1571 1607
f 1572 1575 1611
f 1572 1611 1608
f 1572 1608 1609
f 1575 1610 1611
f 1574 1607 1610
f 1571 1578 1632
f 1578 1579 1633
f 1579 1580 1636
f 1580 1581 1637
f 1571 1586 1578
f 1578 1587 1579
f 1579 1587 1580
f 1578 1586 1587
f 1580 1587 1588
f 1580 1589 1581
f 1581 1590 1582
f 1581 1582 1647
f 1571 1632 1607
f 1578 1633 1632
f 1579 1636 1633
f 1580 1637 1636
f 1581 1647 1637
f 1582 1583 1649
f 1583 1584 1650
f 1582 1649 1647
f 1583 1650 1649
f 1580 1588 1589
f 1581 1589 1590
f 1582 1590 1591
f 1582 1591 1592
f 1582 1604 1583
f 1583 1600 1584
f 1584 1601 1593
f 1584 1593 1663
f 1593 1594 1664
f 1582 1592 1598
f 1582 1598 1597
f 1582 1597 1599
f 1582 1599 1604
f 1583 1604 1600
f 1593 1601 1602
f 1584 1600 1601
f 1593 1602 1594
f 1594 1596 1595
f 1594 1602 1596
f 1594 1595 1671
f 1595 1596 1673
f 1596 1602 1703
f 1584 1663 1650
f 1593 1664 1663
f 1594 1671 1664
f 1595 1673 1671
f 1596 1703 1673
f 1602 1601 1702
f 1601 1600 1701
f 1604 1599 1603
f 1604 1603 1705
f 1604 1705 1600
f 1602 1702 1703
f 1600 1705 1701
f 1601 1701 1702
f 1705 1603 1704
f 1608 1612 1609
f 1610 1607 1613
f 1610 1613 1611
f 1608 1611 1612
f 1611 1613 1612
f 1607 1654 1613
f 1622 1621 1612
f 1622 1612 1623
f 1682 1612 1619
f 1682 1678 1612
f 1682 1619 1624
f 1682 1624 1625
f 1607 1632 1639
f 1632 1633 1641
f 1633 1636 1641
f 1607 1639 1654
f 1632 1640 1639
f 1632 1641 1640
f 1636 1637 1643
f 1637 1647 1656
f 1636 1642 1641
f 1636 1643 1642
f 1637 1655 1643
f 1637 1656 1655
f 1647 1657 1656
f 1647 1649 1661
f 1647 1660 1657
f 1647 1661 1660
f 1649 1667 1661
f 1649 1650 1701
f 1650 1663 1702
f 1649 1705 1667
f 1705 1668 1667
f 1649 1701 1705
f 1663 1703 1702
f 1650 1702 1701
f 1663 1664 1703
f 1664 1671 1673
f 1664 1673 1703
f 1680 1678 1682
f 1626 1684 1625
f 1682 1625 1684
f 1627 1684 1626
f 1627 1681 1684
f 1689 1690 1685
f 1690 1691 1697
f 1705 1693 1659
f 1698 1692 1694
f 1698 1694 1693
f 1693 1705 1704
f 1698 1693 1704
f 1696 1685 1690
f 1696 1690 1697
f 1700 1699 1692
f 1700 1692 1698
f 1705 1669 1668
f 1705 1670 1669
f 1705 1658 1670
f 1705 1659 1658
f 2138 2137 2139
f 2138 2219 2137
f 2138 2140 2222
f 2140 2141 2223
f 2141 2143 2225
f 2138 2220 2219
f 2138 2222 2220
f 2140 2223 2222
f 2141 2225 2223
f 2145 2146 2144
f 2145 2144 2242
f 2145 2242 2147
f 2145 2147 2146
f 2147 2148 2146
f 2147 2150 2148
f 2151 2149 2148
f 2151 2156 2149
f 2150 2151 2148
f 2147 2244 2150
f 2150 2246 2151
f 2242 2144 2241
f 2147 2242 2244
f 2150 2244 2246
f 2151 2246 2247
f 2138 2139 2167
f 2167 2139 2142
f 2167 2142 2152
f 2167 2152 2153
f 2167 2153 2154
f 2167 2154 2155
f 2166 2155 2159
f 2138 2167 2170
f 2138 2170 2140
f 2140 2168 2141
f 2141 2169 2143
f 2143 2163 2160
f 2160 2162 2161
f 2143 2160 2258
f 2160 2161 2262
f 2140 2170 2168
f 2143 2169 2163
f 2141 2168 2169
f 2163 2169 2291
f 2160 2163 2162
f 2161 2162 2268
f 2162 2163 2271
f 2143 2258 2225
f 2160 2262 2258
f 2161 2268 2262
f 2163 2291 2271
f 2162 2271 2268
f 2164 2158 2157
f 2164 2157 2156
f 2165 2159 2158
f 2151 2164 2156
f 2164 2165 2158
f 2166 2167 2155
f 2165 2166 2159
f 2170 2167 2286
f 2151 2247 2164
f 2164 2279 2165
f 2165 2280 2166
f 2166 2285 2167
f 2170 2286 2292
f 2164 2247 2279
f 2165 2279 2280
f 2166 2280 2285
f 2167 2285 2286
f 2169 2168 2290
f 2170 2292 2168
f 2169 2290 2291
f 2168 2292 2290
f 2202 2204 2203
f 2203 2204 2229
f 2221 2224 2218
f 2220 2221 2219
f 2220 2224 2221
f 2220 2222 2256
f 2220 2255 2224
f 2220 2256 2255
f 2229 2204 2230
f 2242 2241 2244
f 2244 2241 2243
f 2244 2243 2246
f 2246 2243 2238
f 2246 2238 2245
f 2247 2245 2251
f 2246 2245 2247
f 2224 2255 2249
f 2222 2257 2256
f 2222 2223 2290
f 2223 2225 2291
f 2222 2292 2257
f 2225 2258 2271
f 2258 2262 2268
f 2222 2290 2292
f 2225 2271 2291
f 2223 2291 2290
f 2292 2264 2257
f 2292 2267 2266
f 2292 2265 2264
f 2292 2266 2265
f 2292 2252 2267
f 2258 2268 2271
f 2247 2251 2274
f 2247 2274 2273
f 2279 2273 2275
f 2279 2275 2276
f 2247 2273 2279
f 2279 2276 2280
f 2280 2276 2285
f 2285 2276 2277
f 2285 2277 2278
f 2286 2253 2254
f 2292 2254 2252
f 2286 2278 2253
f 2285 2278 2286
f 2292 2286 2254
f 320 315 317
f 316 943 946
f 318 315 316
f 317 327 320
f 318 317 315
f 946 318 316
f 319 320 327
f 321 319 326
f 322 321 328
f 323 322 329
f 324 323 330
f 325 324 331
f 326 328 321
f 319 327 326
f 328 329 322
f 329 330 323
f 330 331 324
f 331 332 325
f 332 333 325
f 339 334 333
f 335 334 340
f 341 336 335
f 342 337 336
f 337 343 338
f 338 344 968
f 332 339 333
f 339 340 334
f 340 341 335
f 341 342 336
f 342 343 337
f 343 344 338
f 344 975 968
f 943 944 947
f 944 945 948
f 945 949 956
f 947 946 943
f 948 947 944
f 956 948 945
f 949 950 957
f 950 951 958
f 951 952 959
f 952 953 960
f 953 954 961
f 954 955 962
f 957 956 949
f 958 957 950
f 951 959 958
f 952 960 959
f 953 961 960
f 962 961 954
f 955 963 970
f 971 965 964
f 963 965 972
f 973 967 966
f 974 969 967
f 966 968 975
f 976 964 969
f 970 962 955
f 972 970 963
f 971 972 965
f 975 973 966
f 973 974 967
f 974 976 969
f 976 971 964
f 1273 1270 1269
f 1274 1277 1270
f 1269 1271 1275
f 1271 1272 1276
f 1272 1806 1811
f 1273 1274 1270
f 1276 1275 1271
f 1811 1276 1272
f 1275 1273 1269
f 1283 1278 1277
f 1279 1278 1284
f 1280 1279 1285
f 1286 1281 1280
f 1287 1282 1281
f 1274 1283 1277
f 1283 1284 1278
f 1284 1285 1279
f 1285 1286 1280
f 1286 1287 1281
f 1287 1288 1282
f 1289 1282 1288
f 1290 1289 1294
f 1291 1290 1295
f 1292 1291 1296
f 1293 1292 1297
f 1832 1293 1298
f 1289 1288 1294
f 1290 1294 1295
f 1291 1295 1296
f 1292 1296 1297
f 1293 1297 1298
f 1298 1838 1832
f 1806 1807 1812
f 1807 1808 1813
f 1808 1809 1814
f 1809 1810 1815
f 1812 1811 1806
f 1813 1812 1807
f 1814 1813 1808
f 1815 1814 1809
f 1822 1815 1810
f 1822 1810 1816
f 1823 1816 1817
f 1817 1818 1824
f 1818 1819 1825
f 1826 1819 1820
f 1820 1821 1827
f 1823 1822 1816
f 1824 1823 1817
f 1825 1824 1818
f 1826 1825 1819
f 1820 1827 1826
f 1834 1831 1828
f 1829 1830 1836
f 1821 1829 1835
f 1837 1830 1831
f 1833 1832 1838
f 1828 1833 1839
f 1834 1837 1831
f 1821 1835 1827
f 1836 1835 1829
f 1837 1836 1830
f 1838 1839 1833
f 1828 1839 1834

