# https://github.com/mikedh/trimesh
v -0.03681426 -0.03781426 0.04937269
v -0.03761070 -0.03762260 0.05072791
v -0.03662260 -0.03861070 0.05072791
v -0.03681426 -0.03662731 0.04818574
v -0.03761070 -0.03527209 0.04837740
v -0.03662260 -0.03527209 0.04738930
v -0.03776463 -0.03657860 0.04942140
v -0.03833069 -0.03645345 0.05074924
v -0.03833069 -0.03525076 0.04954655
v -0.03874912 -0.03521401 0.05078599
v -0.03562731 -0.03781426 0.04818574
v -0.03427209 -0.03861070 0.04837740
v -0.03427209 -0.03762260 0.04738930
v -0.03557860 -0.03876463 0.04942140
v -0.03545345 -0.03933069 0.05074924
v -0.03425076 -0.03933069 0.04954655
v -0.03421401 -0.03974912 0.05078599
v -0.03557860 -0.03657860 0.04723537
v -0.03545345 -0.03525076 0.04666931
v -0.03425076 -0.03645345 0.04666931
v -0.03421401 -0.03521401 0.04625088
v -0.03528856 -0.03628856 0.05042361
v -0.03528856 -0.03557639 0.04971144
v -0.03585878 -0.03554716 0.05045284
v -0.03457639 -0.03628856 0.04971144
v -0.03454716 -0.03685878 0.05045284
v -0.03454716 -0.03554716 0.04914122
v -0.03724264 -0.03824264 0.05200000
v -0.03854328 -0.03629610 0.05200000
v -0.03798882 -0.03733342 0.05200000
v -0.03888471 -0.03517054 0.05200000
v -0.03633342 -0.03898882 0.05200000
v -0.03529610 -0.03954328 0.05200000
v -0.03417054 -0.03988471 0.05200000
v -0.03554558 -0.03654558 0.05200000
v -0.03599329 -0.03600005 0.05200000
v -0.03619841 -0.03547207 0.05124955
v -0.03632597 -0.03537766 0.05200000
v -0.03576642 -0.03617356 0.05123675
v -0.03500005 -0.03699329 0.05200000
v -0.03517356 -0.03676642 0.05123675
v -0.03447207 -0.03719841 0.05124955
v -0.03437766 -0.03732597 0.05200000
v -0.03724264 -0.03400000 0.04775736
v -0.03854328 -0.03400000 0.04970390
v -0.03798882 -0.03400000 0.04866658
v -0.03888471 -0.03400000 0.05082946
v -0.03633342 -0.03400000 0.04701118
v -0.03529610 -0.03400000 0.04645672
v -0.03417054 -0.03400000 0.04611529
v -0.03554558 -0.03400000 0.04945442
v -0.03619841 -0.03475045 0.05052793
v -0.03599329 -0.03400000 0.04999995
v -0.03632597 -0.03400000 0.05062234
v -0.03576642 -0.03476325 0.04982644
v -0.03517356 -0.03476325 0.04923358
v -0.03500005 -0.03400000 0.04900671
v -0.03447207 -0.03475045 0.04880159
v -0.03437766 -0.03400000 0.04867403
v -0.03900000 -0.03400000 0.05200000
v -0.03653083 -0.03470233 0.05200000
v -0.03653083 -0.03400000 0.05129767
v -0.03660000 -0.03400000 0.05200000
v -0.03644947 -0.03472840 0.05127160
v -0.03300000 -0.03824264 0.04775736
v -0.03300000 -0.03954328 0.04970390
v -0.03300000 -0.03898882 0.04866658
v -0.03300000 -0.03988471 0.05082946
v -0.03300000 -0.03733342 0.04701118
v -0.03300000 -0.03629610 0.04645672
v -0.03300000 -0.03517054 0.04611529
v -0.03300000 -0.03654558 0.04945442
v -0.03375045 -0.03719841 0.05052793
v -0.03376325 -0.03676642 0.04982644
v -0.03300000 -0.03699329 0.04999995
v -0.03300000 -0.03732597 0.05062234
v -0.03376325 -0.03617356 0.04923358
v -0.03375045 -0.03547207 0.04880159
v -0.03300000 -0.03600005 0.04900671
v -0.03300000 -0.03537766 0.04867403
v -0.03300000 -0.04000000 0.05200000
v -0.03370233 -0.03753083 0.05200000
v -0.03300000 -0.03753083 0.05129767
v -0.03300000 -0.03760000 0.05200000
v -0.03372840 -0.03744947 0.05127160
v -0.03300000 -0.03400000 0.04600000
v -0.03370233 -0.03400000 0.04846917
v -0.03300000 -0.03470233 0.04846917
v -0.03300000 -0.03400000 0.04840000
v -0.03372840 -0.03472840 0.04855053
v -0.03660000 -0.03015735 0.05722215
v -0.03660000 -0.03061940 0.05808658
v -0.03660000 -0.03090393 0.05902455
v -0.03660000 -0.03100000 0.06000000
v -0.03660000 -0.03090393 0.06097545
v -0.03660000 -0.03061940 0.06191342
v -0.03660000 -0.03015735 0.06277785
v -0.03100000 -0.03015735 0.05722215
v -0.03100000 -0.03061940 0.05808658
v -0.03100000 -0.03090393 0.05902455
v -0.03100000 -0.03100000 0.06000000
v -0.03100000 -0.03090393 0.06097545
v -0.03100000 -0.03061940 0.06191342
v -0.03100000 -0.03015735 0.06277785
v -0.03660000 -0.02877785 0.05584265
v -0.03660000 -0.02791342 0.05538060
v -0.03900000 -0.02687009 0.05565317
v -0.03900000 -0.02506147 0.05460896
v -0.03900000 -0.02600000 0.05507180
v -0.03660000 -0.02697545 0.05509607
v -0.03660000 -0.02687009 0.05565317
v -0.03660000 -0.02506147 0.05460896
v -0.03660000 -0.02600000 0.05500000
v -0.03660000 -0.02600000 0.05507180
v -0.03660000 -0.02587865 0.05501195
v -0.03660000 -0.02502455 0.05509607
v -0.03900000 -0.02407055 0.05427259
v -0.03900000 -0.02304421 0.05406844
v -0.03660000 -0.02407055 0.05427259
v -0.03660000 -0.02408658 0.05538060
v -0.03660000 -0.02304421 0.05406844
v -0.03660000 -0.02322215 0.05584265
v -0.03900000 -0.02200000 0.05400000
v -0.03660000 -0.02200000 0.05400000
v -0.03100000 -0.02877785 0.05584265
v -0.03100000 -0.02791342 0.05538060
v -0.03100000 -0.02697545 0.05509607
v -0.03100000 -0.02600000 0.05500000
v -0.03100000 -0.02502455 0.05509607
v -0.03100000 -0.02408658 0.05538060
v -0.03100000 -0.02322215 0.05584265
v -0.03900000 -0.02892820 0.05800000
v -0.03900000 -0.02834683 0.05712991
v -0.03900000 -0.02765685 0.05634315
v -0.03660000 -0.02953553 0.05646447
v -0.03660000 -0.02892820 0.05800000
v -0.03660000 -0.02834683 0.05712991
v -0.03660000 -0.02765685 0.05634315
v -0.03900000 -0.02939104 0.05893853
v -0.03900000 -0.02972741 0.05992945
v -0.03900000 -0.02993156 0.06095579
v -0.03660000 -0.02939104 0.05893853
v -0.03660000 -0.02972741 0.05992945
v -0.03660000 -0.02993156 0.06095579
v -0.03660000 -0.02699776 0.05933332
v -0.03660000 -0.02710866 0.05954078
v -0.03660000 -0.02666668 0.05900224
v -0.03660000 -0.02645922 0.05889134
v -0.03660000 -0.02684853 0.05915147
v -0.03660000 -0.02720000 0.06000000
v -0.03660000 -0.02717694 0.05976589
v -0.03660000 -0.02717694 0.06023411
v -0.03660000 -0.02710866 0.06045922
v -0.03660000 -0.02699776 0.06066668
v -0.03660000 -0.02684853 0.06084853
v -0.03660000 -0.02666668 0.06099776
v -0.03660000 -0.02600000 0.05880000
v -0.03660000 -0.02623411 0.05882306
v -0.03660000 -0.02576589 0.05882306
v -0.03660000 -0.02554078 0.05889134
v -0.03660000 -0.02533332 0.05900224
v -0.03660000 -0.02515147 0.05915147
v -0.03660000 -0.02500224 0.05933332
v -0.03660000 -0.02533332 0.06099776
v -0.03660000 -0.02500224 0.06066668
v -0.03660000 -0.02515147 0.06084853
v -0.03900000 -0.03000000 0.06200000
v -0.03660000 -0.03000000 0.06200000
v -0.03660000 -0.03000000 0.06296958
v -0.03660000 -0.02953553 0.06353553
v -0.03660000 -0.02877785 0.06415735
v -0.03660000 -0.02791342 0.06461940
v -0.03660000 -0.02645922 0.06110866
v -0.03660000 -0.02623411 0.06117694
v -0.03660000 -0.02600000 0.06120000
v -0.03660000 -0.02576589 0.06117694
v -0.03660000 -0.02554078 0.06110866
v -0.03660000 -0.02697545 0.06490393
v -0.03660000 -0.02600000 0.06500000
v -0.03660000 -0.02502455 0.06490393
v -0.03660000 -0.02489134 0.05954078
v -0.03660000 -0.02482306 0.05976589
v -0.03660000 -0.02480000 0.06000000
v -0.03660000 -0.02482306 0.06023411
v -0.03660000 -0.02489134 0.06045922
v -0.03660000 -0.02246447 0.05646447
v -0.03660000 -0.02184265 0.05722215
v -0.03660000 -0.02138060 0.05808658
v -0.03660000 -0.02109607 0.05902455
v -0.03660000 -0.02100000 0.06000000
v -0.03660000 -0.02109607 0.06097545
v -0.03660000 -0.02408658 0.06461940
v -0.03660000 -0.02322215 0.06415735
v -0.03660000 -0.02138060 0.06191342
v -0.03660000 -0.02184265 0.06277785
v -0.03660000 -0.02246447 0.06353553
v -0.03290000 -0.02815000 0.05875870
v -0.03290000 -0.02600000 0.05751739
v -0.03290000 -0.02699776 0.05933332
v -0.03290000 -0.02710866 0.05954078
v -0.03290000 -0.02666668 0.05900224
v -0.03290000 -0.02645922 0.05889134
v -0.03290000 -0.02684853 0.05915147
v -0.03290000 -0.02720000 0.06000000
v -0.03290000 -0.02717694 0.05976589
v -0.03290000 -0.02717694 0.06023411
v -0.03290000 -0.02710866 0.06045922
v -0.03290000 -0.02699776 0.06066668
v -0.03290000 -0.02684853 0.06084853
v -0.03290000 -0.02666668 0.06099776
v -0.03290000 -0.02600000 0.05880000
v -0.03290000 -0.02623411 0.05882306
v -0.03290000 -0.02576589 0.05882306
v -0.03290000 -0.02554078 0.05889134
v -0.03290000 -0.02533332 0.05900224
v -0.03290000 -0.02515147 0.05915147
v -0.03290000 -0.02500224 0.05933332
v -0.03290000 -0.02533332 0.06099776
v -0.03290000 -0.02500224 0.06066668
v -0.03290000 -0.02515147 0.06084853
v -0.03100000 -0.02953553 0.05646447
v -0.03100000 -0.02815000 0.05875870
v -0.03100000 -0.02600000 0.05751739
v -0.03290000 -0.02815000 0.06124130
v -0.03290000 -0.02645922 0.06110866
v -0.03290000 -0.02623411 0.06117694
v -0.03290000 -0.02600000 0.06120000
v -0.03290000 -0.02576589 0.06117694
v -0.03290000 -0.02554078 0.06110866
v -0.03290000 -0.02600000 0.06248261
v -0.03100000 -0.02815000 0.06124130
v -0.03100000 -0.02953553 0.06353553
v -0.03100000 -0.02877785 0.06415735
v -0.03100000 -0.02791342 0.06461940
v -0.03100000 -0.02600000 0.06248261
v -0.03100000 -0.02697545 0.06490393
v -0.03100000 -0.02600000 0.06500000
v -0.03100000 -0.02502455 0.06490393
v -0.03290000 -0.02489134 0.05954078
v -0.03290000 -0.02385000 0.05875870
v -0.03290000 -0.02482306 0.05976589
v -0.03290000 -0.02480000 0.06000000
v -0.03290000 -0.02482306 0.06023411
v -0.03290000 -0.02489134 0.06045922
v -0.03100000 -0.02385000 0.05875870
v -0.03100000 -0.02246447 0.05646447
v -0.03100000 -0.02184265 0.05722215
v -0.03100000 -0.02138060 0.05808658
v -0.03100000 -0.02109607 0.05902455
v -0.03100000 -0.02100000 0.06000000
v -0.03100000 -0.02109607 0.06097545
v -0.03290000 -0.02385000 0.06124130
v -0.03100000 -0.02385000 0.06124130
v -0.03100000 -0.02408658 0.06461940
v -0.03100000 -0.02322215 0.06415735
v -0.03100000 -0.02138060 0.06191342
v -0.03100000 -0.02184265 0.06277785
v -0.03100000 -0.02246447 0.06353553
v -0.02407107 -0.04000000 0.06092893
v -0.02407107 -0.03760000 0.06092893
v -0.02665926 -0.04000000 0.06541181
v -0.02665926 -0.03760000 0.06541181
v -0.02566025 -0.04000000 0.06300000
v -0.02566025 -0.03760000 0.06300000
v -0.02493353 -0.04000000 0.06191239
v -0.02493353 -0.03760000 0.06191239
v -0.02623880 -0.04000000 0.06417317
v -0.02623880 -0.03760000 0.06417317
v -0.02308761 -0.04000000 0.06006647
v -0.02308761 -0.03760000 0.06006647
v -0.02200000 -0.04000000 0.05933975
v -0.02200000 -0.03760000 0.05933975
v -0.01958819 -0.04000000 0.05834074
v -0.01958819 -0.03760000 0.05834074
v -0.02082683 -0.04000000 0.05876120
v -0.02082683 -0.03760000 0.05876120
v -0.02691445 -0.04000000 0.06669474
v -0.02700000 -0.04000000 0.06800000
v -0.02691445 -0.03760000 0.06669474
v -0.02700000 -0.03760000 0.06800000
v -0.01830526 -0.04000000 0.05808555
v -0.01830526 -0.03760000 0.05808555
v -0.01700000 -0.04000000 0.05800000
v -0.01700000 -0.03760000 0.05800000
v -0.00901627 -0.00042095 0.04600000
v -0.00907886 -0.00021460 0.04600000
v -0.00901627 -0.00042095 0.04840000
v -0.00907886 -0.00021460 0.04840000
v -0.00877782 -0.00077782 0.04600000
v -0.00842095 -0.00101627 0.04600000
v -0.00861113 -0.00091462 0.04600000
v -0.00891462 -0.00061113 0.04600000
v -0.00821460 -0.00107886 0.04600000
v -0.00800000 -0.00110000 0.04600000
v -0.00778540 -0.00107886 0.04600000
v -0.00877782 -0.00077782 0.04840000
v -0.00842095 -0.00101627 0.04840000
v -0.00861113 -0.00091462 0.04840000
v -0.00891462 -0.00061113 0.04840000
v -0.00821460 -0.00107886 0.04840000
v -0.00800000 -0.00110000 0.04840000
v -0.00778540 -0.00107886 0.04840000
v -0.00757905 -0.00101627 0.04600000
v -0.00738887 -0.00091462 0.04600000
v -0.00722218 -0.00077782 0.04600000
v -0.00708538 -0.00061113 0.04600000
v -0.00698373 -0.00042095 0.04600000
v -0.00692114 -0.00021460 0.04600000
v -0.00757905 -0.00101627 0.04840000
v -0.00738887 -0.00091462 0.04840000
v -0.00722218 -0.00077782 0.04840000
v -0.00708538 -0.00061113 0.04840000
v -0.00698373 -0.00042095 0.04840000
v -0.00692114 -0.00021460 0.04840000
v -0.02700000 -0.04000000 0.10400000
v -0.02691445 -0.04000000 0.10530526
v -0.02700000 -0.03760000 0.10400000
v -0.02691445 -0.03760000 0.10530526
v -0.03660000 -0.03015735 0.10922215
v -0.03660000 -0.03061940 0.11008658
v -0.03660000 -0.03090393 0.11102455
v -0.03660000 -0.03100000 0.11200000
v -0.03660000 -0.03090393 0.11297545
v -0.03660000 -0.03061940 0.11391342
v -0.03660000 -0.03015735 0.11477785
v -0.03100000 -0.03015735 0.10922215
v -0.03100000 -0.03061940 0.11008658
v -0.03100000 -0.03090393 0.11102455
v -0.03100000 -0.03100000 0.11200000
v -0.03100000 -0.03090393 0.11297545
v -0.03100000 -0.03061940 0.11391342
v -0.03100000 -0.03015735 0.11477785
v -0.03724264 -0.03824264 0.12000000
v -0.03854328 -0.03629610 0.12000000
v -0.03798882 -0.03733342 0.12000000
v -0.03888471 -0.03517054 0.12000000
v -0.03633342 -0.03898882 0.12000000
v -0.03529610 -0.03954328 0.12000000
v -0.03417054 -0.03988471 0.12000000
v -0.03554558 -0.03654558 0.12000000
v -0.03599329 -0.03600005 0.12000000
v -0.03632597 -0.03537766 0.12000000
v -0.03619841 -0.03547207 0.12075045
v -0.03576642 -0.03617356 0.12076325
v -0.03500005 -0.03699329 0.12000000
v -0.03517356 -0.03676642 0.12076325
v -0.03437766 -0.03732597 0.12000000
v -0.03447207 -0.03719841 0.12075045
v -0.03761070 -0.03762260 0.12127209
v -0.03662260 -0.03861070 0.12127209
v -0.03681426 -0.03781426 0.12262731
v -0.03833069 -0.03645345 0.12125076
v -0.03776463 -0.03657860 0.12257860
v -0.03874912 -0.03521401 0.12121401
v -0.03833069 -0.03525076 0.12245345
v -0.03681426 -0.03662731 0.12381426
v -0.03761070 -0.03527209 0.12362260
v -0.03662260 -0.03527209 0.12461070
v -0.03545345 -0.03933069 0.12125076
v -0.03557860 -0.03876463 0.12257860
v -0.03421401 -0.03974912 0.12121401
v -0.03425076 -0.03933069 0.12245345
v -0.03562731 -0.03781426 0.12381426
v -0.03427209 -0.03861070 0.12362260
v -0.03427209 -0.03762260 0.12461070
v -0.03528856 -0.03628856 0.12157639
v -0.03585878 -0.03554716 0.12154716
v -0.03528856 -0.03557639 0.12228856
v -0.03454716 -0.03685878 0.12154716
v -0.03457639 -0.03628856 0.12228856
v -0.03454716 -0.03554716 0.12285878
v -0.03557860 -0.03657860 0.12476463
v -0.03545345 -0.03525076 0.12533069
v -0.03425076 -0.03645345 0.12533069
v -0.03421401 -0.03521401 0.12574912
v -0.03900000 -0.03400000 0.12000000
v -0.03653083 -0.03470233 0.12000000
v -0.03660000 -0.03400000 0.12000000
v -0.03653083 -0.03400000 0.12070233
v -0.03644947 -0.03472840 0.12072840
v -0.03888471 -0.03400000 0.12117054
v -0.03854328 -0.03400000 0.12229610
v -0.03798882 -0.03400000 0.12333342
v -0.03724264 -0.03400000 0.12424264
v -0.03619841 -0.03475045 0.12147207
v -0.03632597 -0.03400000 0.12137766
v -0.03599329 -0.03400000 0.12200005
v -0.03576642 -0.03476325 0.12217356
v -0.03554558 -0.03400000 0.12254558
v -0.03517356 -0.03476325 0.12276642
v -0.03500005 -0.03400000 0.12299329
v -0.03447207 -0.03475045 0.12319841
v -0.03437766 -0.03400000 0.12332597
v -0.03633342 -0.03400000 0.12498882
v -0.03529610 -0.03400000 0.12554328
v -0.03417054 -0.03400000 0.12588471
v -0.03300000 -0.04000000 0.12000000
v -0.03370233 -0.03753083 0.12000000
v -0.03300000 -0.03760000 0.12000000
v -0.03300000 -0.03753083 0.12070233
v -0.03372840 -0.03744947 0.12072840
v -0.03300000 -0.03988471 0.12117054
v -0.03300000 -0.03954328 0.12229610
v -0.03300000 -0.03898882 0.12333342
v -0.03300000 -0.03824264 0.12424264
v -0.03375045 -0.03719841 0.12147207
v -0.03376325 -0.03676642 0.12217356
v -0.03300000 -0.03732597 0.12137766
v -0.03300000 -0.03699329 0.12200005
v -0.03300000 -0.03654558 0.12254558
v -0.03376325 -0.03617356 0.12276642
v -0.03375045 -0.03547207 0.12319841
v -0.03300000 -0.03600005 0.12299329
v -0.03300000 -0.03537766 0.12332597
v -0.03300000 -0.03733342 0.12498882
v -0.03300000 -0.03629610 0.12554328
v -0.03300000 -0.03517054 0.12588471
v -0.03372840 -0.03472840 0.12344947
v -0.03370233 -0.03400000 0.12353083
v -0.03300000 -0.03470233 0.12353083
v -0.03300000 -0.03400000 0.12360000
v -0.03300000 -0.03400000 0.12600000
v -0.03660000 -0.02953553 0.10846447
v -0.03660000 -0.02877785 0.10784265
v -0.03660000 -0.02791342 0.10738060
v -0.03900000 -0.03000000 0.11000000
v -0.03660000 -0.03000000 0.10903042
v -0.03660000 -0.03000000 0.11000000
v -0.03660000 -0.02697545 0.10709607
v -0.03660000 -0.02600000 0.10700000
v -0.03660000 -0.02502455 0.10709607
v -0.03660000 -0.02645922 0.11089134
v -0.03660000 -0.02623411 0.11082306
v -0.03660000 -0.02600000 0.11080000
v -0.03660000 -0.02576589 0.11082306
v -0.03660000 -0.02554078 0.11089134
v -0.03900000 -0.02993156 0.11104421
v -0.03900000 -0.02972741 0.11207055
v -0.03900000 -0.02939104 0.11306147
v -0.03660000 -0.02993156 0.11104421
v -0.03660000 -0.02972741 0.11207055
v -0.03660000 -0.02939104 0.11306147
v -0.03900000 -0.02892820 0.11400000
v -0.03900000 -0.02834683 0.11487009
v -0.03900000 -0.02765685 0.11565685
v -0.03660000 -0.02892820 0.11400000
v -0.03660000 -0.02953553 0.11553553
v -0.03660000 -0.02834683 0.11487009
v -0.03660000 -0.02765685 0.11565685
v -0.03660000 -0.02710866 0.11154078
v -0.03660000 -0.02699776 0.11133332
v -0.03660000 -0.02720000 0.11200000
v -0.03660000 -0.02717694 0.11176589
v -0.03660000 -0.02717694 0.11223411
v -0.03660000 -0.02684853 0.11115147
v -0.03660000 -0.02666668 0.11100224
v -0.03660000 -0.02710866 0.11245922
v -0.03660000 -0.02699776 0.11266668
v -0.03660000 -0.02684853 0.11284853
v -0.03660000 -0.02666668 0.11299776
v -0.03660000 -0.02645922 0.11310866
v -0.03660000 -0.02533332 0.11100224
v -0.03660000 -0.02515147 0.11115147
v -0.03660000 -0.02500224 0.11133332
v -0.03660000 -0.02623411 0.11317694
v -0.03660000 -0.02600000 0.11320000
v -0.03660000 -0.02576589 0.11317694
v -0.03660000 -0.02500224 0.11266668
v -0.03660000 -0.02515147 0.11284853
v -0.03660000 -0.02554078 0.11310866
v -0.03660000 -0.02533332 0.11299776
v -0.03660000 -0.02408658 0.10738060
v -0.03660000 -0.02322215 0.10784265
v -0.03660000 -0.02246447 0.10846447
v -0.03660000 -0.02184265 0.10922215
v -0.03660000 -0.02138060 0.11008658
v -0.03660000 -0.02489134 0.11154078
v -0.03660000 -0.02482306 0.11176589
v -0.03660000 -0.02480000 0.11200000
v -0.03660000 -0.02482306 0.11223411
v -0.03660000 -0.02489134 0.11245922
v -0.03660000 -0.02109607 0.11102455
v -0.03660000 -0.02100000 0.11200000
v -0.03660000 -0.02109607 0.11297545
v -0.03660000 -0.02138060 0.11391342
v -0.03660000 -0.02246447 0.11553553
v -0.03660000 -0.02184265 0.11477785
v -0.03290000 -0.02815000 0.11075870
v -0.03290000 -0.02645922 0.11089134
v -0.03290000 -0.02600000 0.10951739
v -0.03290000 -0.02623411 0.11082306
v -0.03290000 -0.02600000 0.11080000
v -0.03290000 -0.02576589 0.11082306
v -0.03290000 -0.02554078 0.11089134
v -0.03100000 -0.02953553 0.10846447
v -0.03100000 -0.02877785 0.10784265
v -0.03100000 -0.02791342 0.10738060
v -0.03100000 -0.02815000 0.11075870
v -0.03100000 -0.02697545 0.10709607
v -0.03100000 -0.02600000 0.10700000
v -0.03100000 -0.02502455 0.10709607
v -0.03100000 -0.02600000 0.10951739
v -0.03290000 -0.02815000 0.11324130
v -0.03290000 -0.02710866 0.11154078
v -0.03290000 -0.02699776 0.11133332
v -0.03290000 -0.02720000 0.11200000
v -0.03290000 -0.02717694 0.11176589
v -0.03290000 -0.02717694 0.11223411
v -0.03290000 -0.02684853 0.11115147
v -0.03290000 -0.02666668 0.11100224
v -0.03290000 -0.02710866 0.11245922
v -0.03290000 -0.02699776 0.11266668
v -0.03290000 -0.02684853 0.11284853
v -0.03290000 -0.02666668 0.11299776
v -0.03290000 -0.02645922 0.11310866
v -0.03290000 -0.02533332 0.11100224
v -0.03290000 -0.02515147 0.11115147
v -0.03290000 -0.02500224 0.11133332
v -0.03290000 -0.02623411 0.11317694
v -0.03290000 -0.02600000 0.11320000
v -0.03290000 -0.02576589 0.11317694
v -0.03290000 -0.02500224 0.11266668
v -0.03290000 -0.02515147 0.11284853
v -0.03290000 -0.02554078 0.11310866
v -0.03290000 -0.02533332 0.11299776
v -0.03290000 -0.02600000 0.11448261
v -0.03100000 -0.02815000 0.11324130
v -0.03100000 -0.02953553 0.11553553
v -0.03100000 -0.02600000 0.11448261
v -0.03290000 -0.02385000 0.11075870
v -0.03100000 -0.02408658 0.10738060
v -0.03100000 -0.02322215 0.10784265
v -0.03100000 -0.02385000 0.11075870
v -0.03100000 -0.02246447 0.10846447
v -0.03100000 -0.02184265 0.10922215
v -0.03100000 -0.02138060 0.11008658
v -0.03290000 -0.02489134 0.11154078
v -0.03290000 -0.02482306 0.11176589
v -0.03290000 -0.02480000 0.11200000
v -0.03290000 -0.02482306 0.11223411
v -0.03290000 -0.02489134 0.11245922
v -0.03290000 -0.02385000 0.11324130
v -0.03100000 -0.02385000 0.11324130
v -0.03100000 -0.02109607 0.11102455
v -0.03100000 -0.02100000 0.11200000
v -0.03100000 -0.02109607 0.11297545
v -0.03100000 -0.02138060 0.11391342
v -0.03100000 -0.02246447 0.11553553
v -0.03100000 -0.02184265 0.11477785
v -0.03660000 -0.02877785 0.11615735
v -0.03660000 -0.02791342 0.11661940
v -0.03900000 -0.02687009 0.11634683
v -0.03900000 -0.02600000 0.11692820
v -0.03900000 -0.02506147 0.11739104
v -0.03660000 -0.02697545 0.11690393
v -0.03660000 -0.02687009 0.11634683
v -0.03660000 -0.02600000 0.11692820
v -0.03660000 -0.02600000 0.11700000
v -0.03660000 -0.02587865 0.11698805
v -0.03660000 -0.02502455 0.11690393
v -0.03660000 -0.02506147 0.11739104
v -0.03900000 -0.02407055 0.11772741
v -0.03900000 -0.02304421 0.11793156
v -0.03660000 -0.02408658 0.11661940
v -0.03660000 -0.02407055 0.11772741
v -0.03660000 -0.02322215 0.11615735
v -0.03660000 -0.02304421 0.11793156
v -0.03900000 -0.02200000 0.11800000
v -0.03660000 -0.02200000 0.11800000
v -0.03100000 -0.02877785 0.11615735
v -0.03100000 -0.02791342 0.11661940
v -0.03100000 -0.02697545 0.11690393
v -0.03100000 -0.02600000 0.11700000
v -0.03100000 -0.02502455 0.11690393
v -0.03100000 -0.02408658 0.11661940
v -0.03100000 -0.02322215 0.11615735
v -0.02665926 -0.04000000 0.10658819
v -0.02665926 -0.03760000 0.10658819
v -0.02623880 -0.04000000 0.10782683
v -0.02623880 -0.03760000 0.10782683
v -0.02566025 -0.04000000 0.10900000
v -0.02566025 -0.03760000 0.10900000
v -0.02493353 -0.04000000 0.11008761
v -0.02493353 -0.03760000 0.11008761
v -0.02407107 -0.04000000 0.11107107
v -0.02407107 -0.03760000 0.11107107
v -0.02308761 -0.04000000 0.11193353
v -0.02308761 -0.03760000 0.11193353
v -0.02200000 -0.04000000 0.11266025
v -0.02200000 -0.03760000 0.11266025
v -0.02082683 -0.04000000 0.11323880
v -0.02082683 -0.03760000 0.11323880
v -0.01958819 -0.04000000 0.11365926
v -0.01958819 -0.03760000 0.11365926
v -0.01830526 -0.04000000 0.11391445
v -0.01830526 -0.03760000 0.11391445
v -0.01700000 -0.04000000 0.11400000
v -0.01700000 -0.03760000 0.11400000
v -0.03900000 0.02200000 0.05400000
v -0.03660000 0.02200000 0.05400000
v -0.03900000 0.02304421 0.05406844
v -0.03900000 0.02407055 0.05427259
v -0.03660000 0.02304421 0.05406844
v -0.03660000 0.02322215 0.05584265
v -0.03660000 0.02407055 0.05427259
v -0.03660000 0.02408658 0.05538060
v -0.03900000 0.02506147 0.05460896
v -0.03900000 0.02600000 0.05507180
v -0.03900000 0.02687009 0.05565317
v -0.03660000 0.02506147 0.05460896
v -0.03660000 0.02502455 0.05509607
v -0.03660000 0.02587865 0.05501195
v -0.03660000 0.02600000 0.05500000
v -0.03660000 0.02600000 0.05507180
v -0.03660000 0.02687009 0.05565317
v -0.03660000 0.02697545 0.05509607
v -0.03660000 0.02791342 0.05538060
v -0.03660000 0.02877785 0.05584265
v -0.03100000 0.02322215 0.05584265
v -0.03100000 0.02408658 0.05538060
v -0.03100000 0.02502455 0.05509607
v -0.03100000 0.02600000 0.05500000
v -0.03100000 0.02697545 0.05509607
v -0.03100000 0.02791342 0.05538060
v -0.03100000 0.02877785 0.05584265
v -0.03660000 0.02184265 0.05722215
v -0.03660000 0.02246447 0.05646447
v -0.03660000 0.02138060 0.05808658
v -0.03660000 0.02109607 0.05902455
v -0.03660000 0.02100000 0.06000000
v -0.03660000 0.02109607 0.06097545
v -0.03660000 0.02489134 0.05954078
v -0.03660000 0.02482306 0.05976589
v -0.03660000 0.02480000 0.06000000
v -0.03660000 0.02482306 0.06023411
v -0.03660000 0.02489134 0.06045922
v -0.03660000 0.02138060 0.06191342
v -0.03660000 0.02184265 0.06277785
v -0.03660000 0.02246447 0.06353553
v -0.03660000 0.02322215 0.06415735
v -0.03660000 0.02408658 0.06461940
v -0.03660000 0.02533332 0.05900224
v -0.03660000 0.02554078 0.05889134
v -0.03660000 0.02515147 0.05915147
v -0.03660000 0.02500224 0.05933332
v -0.03660000 0.02576589 0.05882306
v -0.03660000 0.02600000 0.05880000
v -0.03660000 0.02623411 0.05882306
v -0.03660000 0.02500224 0.06066668
v -0.03660000 0.02515147 0.06084853
v -0.03660000 0.02533332 0.06099776
v -0.03660000 0.02645922 0.05889134
v -0.03660000 0.02666668 0.05900224
v -0.03660000 0.02684853 0.05915147
v -0.03660000 0.02699776 0.05933332
v -0.03660000 0.02710866 0.05954078
v -0.03660000 0.02666668 0.06099776
v -0.03660000 0.02684853 0.06084853
v -0.03660000 0.02717694 0.05976589
v -0.03660000 0.02717694 0.06023411
v -0.03660000 0.02720000 0.06000000
v -0.03660000 0.02699776 0.06066668
v -0.03660000 0.02710866 0.06045922
v -0.03900000 0.02765685 0.05634315
v -0.03900000 0.02834683 0.05712991
v -0.03900000 0.02892820 0.05800000
v -0.03660000 0.02765685 0.05634315
v -0.03660000 0.02834683 0.05712991
v -0.03660000 0.02953553 0.05646447
v -0.03660000 0.02892820 0.05800000
v -0.03900000 0.02939104 0.05893853
v -0.03900000 0.02972741 0.05992945
v -0.03900000 0.02993156 0.06095579
v -0.03660000 0.02939104 0.05893853
v -0.03660000 0.02972741 0.05992945
v -0.03660000 0.02993156 0.06095579
v -0.03660000 0.02554078 0.06110866
v -0.03660000 0.02576589 0.06117694
v -0.03660000 0.02600000 0.06120000
v -0.03660000 0.02623411 0.06117694
v -0.03660000 0.02645922 0.06110866
v -0.03660000 0.02502455 0.06490393
v -0.03660000 0.02600000 0.06500000
v -0.03660000 0.02697545 0.06490393
v -0.03660000 0.02791342 0.06461940
v -0.03660000 0.02877785 0.06415735
v -0.03660000 0.02953553 0.06353553
v -0.03290000 0.02385000 0.05875870
v -0.03290000 0.02489134 0.05954078
v -0.03290000 0.02482306 0.05976589
v -0.03290000 0.02480000 0.06000000
v -0.03290000 0.02482306 0.06023411
v -0.03290000 0.02489134 0.06045922
v -0.03100000 0.02184265 0.05722215
v -0.03100000 0.02246447 0.05646447
v -0.03100000 0.02138060 0.05808658
v -0.03100000 0.02109607 0.05902455
v -0.03100000 0.02100000 0.06000000
v -0.03100000 0.02109607 0.06097545
v -0.03100000 0.02385000 0.05875870
v -0.03290000 0.02385000 0.06124130
v -0.03100000 0.02138060 0.06191342
v -0.03100000 0.02184265 0.06277785
v -0.03100000 0.02246447 0.06353553
v -0.03100000 0.02385000 0.06124130
v -0.03100000 0.02322215 0.06415735
v -0.03100000 0.02408658 0.06461940
v -0.03290000 0.02600000 0.05751739
v -0.03290000 0.02533332 0.05900224
v -0.03290000 0.02554078 0.05889134
v -0.03290000 0.02515147 0.05915147
v -0.03290000 0.02500224 0.05933332
v -0.03290000 0.02576589 0.05882306
v -0.03290000 0.02600000 0.05880000
v -0.03290000 0.02623411 0.05882306
v -0.03290000 0.02500224 0.06066668
v -0.03290000 0.02515147 0.06084853
v -0.03290000 0.02533332 0.06099776
v -0.03290000 0.02645922 0.05889134
v -0.03290000 0.02666668 0.05900224
v -0.03290000 0.02684853 0.05915147
v -0.03290000 0.02699776 0.05933332
v -0.03290000 0.02710866 0.05954078
v -0.03290000 0.02666668 0.06099776
v -0.03290000 0.02684853 0.06084853
v -0.03290000 0.02717694 0.05976589
v -0.03290000 0.02717694 0.06023411
v -0.03290000 0.02720000 0.06000000
v -0.03290000 0.02699776 0.06066668
v -0.03290000 0.02710866 0.06045922
v -0.03290000 0.02815000 0.05875870
v -0.03100000 0.02600000 0.05751739
v -0.03100000 0.02953553 0.05646447
v -0.03100000 0.02815000 0.05875870
v -0.03290000 0.02554078 0.06110866
v -0.03290000 0.02576589 0.06117694
v -0.03290000 0.02600000 0.06120000
v -0.03290000 0.02623411 0.06117694
v -0.03290000 0.02600000 0.06248261
v -0.03290000 0.02645922 0.06110866
v -0.03290000 0.02815000 0.06124130
v -0.03100000 0.02600000 0.06248261
v -0.03100000 0.02502455 0.06490393
v -0.03100000 0.02600000 0.06500000
v -0.03100000 0.02697545 0.06490393
v -0.03100000 0.02815000 0.06124130
v -0.03100000 0.02791342 0.06461940
v -0.03100000 0.02877785 0.06415735
v -0.03100000 0.02953553 0.06353553
v -0.03724264 0.03400000 0.04775736
v -0.03854328 0.03400000 0.04970390
v -0.03798882 0.03400000 0.04866658
v -0.03888471 0.03400000 0.05082946
v -0.03633342 0.03400000 0.04701118
v -0.03529610 0.03400000 0.04645672
v -0.03417054 0.03400000 0.04611529
v -0.03554558 0.03400000 0.04945442
v -0.03599329 0.03400000 0.04999995
v -0.03632597 0.03400000 0.05062234
v -0.03619841 0.03475045 0.05052793
v -0.03576642 0.03476325 0.04982644
v -0.03500005 0.03400000 0.04900671
v -0.03517356 0.03476325 0.04923358
v -0.03437766 0.03400000 0.04867403
v -0.03447207 0.03475045 0.04880159
v -0.03900000 0.03400000 0.05200000
v -0.03653083 0.03400000 0.05129767
v -0.03660000 0.03400000 0.05200000
v -0.03653083 0.03470233 0.05200000
v -0.03644947 0.03472840 0.05127160
v -0.03761070 0.03527209 0.04837740
v -0.03662260 0.03527209 0.04738930
v -0.03681426 0.03662731 0.04818574
v -0.03833069 0.03525076 0.04954655
v -0.03874912 0.03521401 0.05078599
v -0.03776463 0.03657860 0.04942140
v -0.03833069 0.03645345 0.05074924
v -0.03681426 0.03781426 0.04937269
v -0.03761070 0.03762260 0.05072791
v -0.03662260 0.03861070 0.05072791
v -0.03545345 0.03525076 0.04666931
v -0.03557860 0.03657860 0.04723537
v -0.03421401 0.03521401 0.04625088
v -0.03425076 0.03645345 0.04666931
v -0.03528856 0.03557639 0.04971144
v -0.03585878 0.03554716 0.05045284
v -0.03528856 0.03628856 0.05042361
v -0.03454716 0.03554716 0.04914122
v -0.03457639 0.03628856 0.04971144
v -0.03454716 0.03685878 0.05045284
v -0.03562731 0.03781426 0.04818574
v -0.03427209 0.03762260 0.04738930
v -0.03427209 0.03861070 0.04837740
v -0.03557860 0.03876463 0.04942140
v -0.03545345 0.03933069 0.05074924
v -0.03425076 0.03933069 0.04954655
v -0.03421401 0.03974912 0.05078599
v -0.03888471 0.03517054 0.05200000
v -0.03854328 0.03629610 0.05200000
v -0.03798882 0.03733342 0.05200000
v -0.03724264 0.03824264 0.05200000
v -0.03619841 0.03547207 0.05124955
v -0.03632597 0.03537766 0.05200000
v -0.03599329 0.03600005 0.05200000
v -0.03576642 0.03617356 0.05123675
v -0.03554558 0.03654558 0.05200000
v -0.03517356 0.03676642 0.05123675
v -0.03500005 0.03699329 0.05200000
v -0.03447207 0.03719841 0.05124955
v -0.03437766 0.03732597 0.05200000
v -0.03633342 0.03898882 0.05200000
v -0.03529610 0.03954328 0.05200000
v -0.03417054 0.03988471 0.05200000
v -0.03300000 0.03400000 0.04600000
v -0.03370233 0.03400000 0.04846917
v -0.03300000 0.03400000 0.04840000
v -0.03300000 0.03470233 0.04846917
v -0.03372840 0.03472840 0.04855053
v -0.03300000 0.03517054 0.04611529
v -0.03300000 0.03629610 0.04645672
v -0.03300000 0.03733342 0.04701118
v -0.03375045 0.03547207 0.04880159
v -0.03376325 0.03617356 0.04923358
v -0.03300000 0.03537766 0.04867403
v -0.03300000 0.03600005 0.04900671
v -0.03300000 0.03654558 0.04945442
v -0.03376325 0.03676642 0.04982644
v -0.03375045 0.03719841 0.05052793
v -0.03300000 0.03699329 0.04999995
v -0.03300000 0.03732597 0.05062234
v -0.03300000 0.03824264 0.04775736
v -0.03300000 0.03898882 0.04866658
v -0.03300000 0.03954328 0.04970390
v -0.03300000 0.03988471 0.05082946
v -0.03372840 0.03744947 0.05127160
v -0.03370233 0.03753083 0.05200000
v -0.03300000 0.03753083 0.05129767
v -0.03300000 0.03760000 0.05200000
v -0.03300000 0.04000000 0.05200000
v -0.03660000 0.03015735 0.05722215
v -0.03660000 0.03061940 0.05808658
v -0.03660000 0.03090393 0.05902455
v -0.03660000 0.03100000 0.06000000
v -0.03660000 0.03090393 0.06097545
v -0.03900000 0.03000000 0.06200000
v -0.03660000 0.03000000 0.06200000
v -0.03660000 0.03061940 0.06191342
v -0.03660000 0.03015735 0.06277785
v -0.03660000 0.03000000 0.06296958
v -0.03100000 0.03015735 0.05722215
v -0.03100000 0.03061940 0.05808658
v -0.03100000 0.03090393 0.05902455
v -0.03100000 0.03100000 0.06000000
v -0.03100000 0.03090393 0.06097545
v -0.03100000 0.03061940 0.06191342
v -0.03100000 0.03015735 0.06277785
v -0.02407107 0.03760000 0.06092893
v -0.02407107 0.04000000 0.06092893
v -0.02665926 0.03760000 0.06541181
v -0.02665926 0.04000000 0.06541181
v -0.02566025 0.03760000 0.06300000
v -0.02566025 0.04000000 0.06300000
v -0.02493353 0.03760000 0.06191239
v -0.02493353 0.04000000 0.06191239
v -0.02623880 0.03760000 0.06417317
v -0.02623880 0.04000000 0.06417317
v -0.02308761 0.03760000 0.06006647
v -0.02308761 0.04000000 0.06006647
v -0.02200000 0.03760000 0.05933975
v -0.02200000 0.04000000 0.05933975
v -0.01958819 0.03760000 0.05834074
v -0.01958819 0.04000000 0.05834074
v -0.02082683 0.03760000 0.05876120
v -0.02082683 0.04000000 0.05876120
v -0.02691445 0.03760000 0.06669474
v -0.02700000 0.03760000 0.06800000
v -0.02691445 0.04000000 0.06669474
v -0.02700000 0.04000000 0.06800000
v -0.00910000 0.00000000 0.04600000
v -0.00907886 0.00021460 0.04600000
v -0.00901627 0.00042095 0.04600000
v -0.00910000 0.00000000 0.04840000
v -0.00907886 0.00021460 0.04840000
v -0.00901627 0.00042095 0.04840000
v -0.00891462 0.00061113 0.04600000
v -0.00877782 0.00077782 0.04600000
v -0.00861113 0.00091462 0.04600000
v -0.00842095 0.00101627 0.04600000
v -0.00821460 0.00107886 0.04600000
v -0.00800000 0.00110000 0.04600000
v -0.00778540 0.00107886 0.04600000
v -0.00891462 0.00061113 0.04840000
v -0.00877782 0.00077782 0.04840000
v -0.00861113 0.00091462 0.04840000
v -0.00842095 0.00101627 0.04840000
v -0.00821460 0.00107886 0.04840000
v -0.00800000 0.00110000 0.04840000
v -0.00778540 0.00107886 0.04840000
v -0.00757905 0.00101627 0.04600000
v -0.00738887 0.00091462 0.04600000
v -0.00722218 0.00077782 0.04600000
v -0.00690000 0.00000000 0.04600000
v -0.00692114 0.00021460 0.04600000
v -0.00698373 0.00042095 0.04600000
v -0.00708538 0.00061113 0.04600000
v -0.00757905 0.00101627 0.04840000
v -0.00738887 0.00091462 0.04840000
v -0.00722218 0.00077782 0.04840000
v -0.00690000 0.00000000 0.04840000
v -0.00692114 0.00021460 0.04840000
v -0.00698373 0.00042095 0.04840000
v -0.00708538 0.00061113 0.04840000
v -0.01830526 0.03760000 0.05808555
v -0.01830526 0.04000000 0.05808555
v -0.01700000 0.03760000 0.05800000
v -0.01700000 0.04000000 0.05800000
v -0.02700000 0.03760000 0.10400000
v -0.02691445 0.03760000 0.10530526
v -0.02700000 0.04000000 0.10400000
v -0.02691445 0.04000000 0.10530526
v -0.03660000 0.02246447 0.10846447
v -0.03660000 0.02184265 0.10922215
v -0.03660000 0.02138060 0.11008658
v -0.03660000 0.02322215 0.10784265
v -0.03660000 0.02408658 0.10738060
v -0.03660000 0.02109607 0.11102455
v -0.03660000 0.02100000 0.11200000
v -0.03660000 0.02109607 0.11297545
v -0.03660000 0.02138060 0.11391342
v -0.03660000 0.02184265 0.11477785
v -0.03660000 0.02246447 0.11553553
v -0.03660000 0.02489134 0.11154078
v -0.03660000 0.02482306 0.11176589
v -0.03660000 0.02480000 0.11200000
v -0.03660000 0.02482306 0.11223411
v -0.03660000 0.02489134 0.11245922
v -0.03660000 0.02502455 0.10709607
v -0.03660000 0.02600000 0.10700000
v -0.03660000 0.02697545 0.10709607
v -0.03660000 0.02554078 0.11089134
v -0.03660000 0.02576589 0.11082306
v -0.03660000 0.02600000 0.11080000
v -0.03660000 0.02623411 0.11082306
v -0.03660000 0.02645922 0.11089134
v -0.03660000 0.02791342 0.10738060
v -0.03660000 0.02877785 0.10784265
v -0.03660000 0.02953553 0.10846447
v -0.03660000 0.02515147 0.11115147
v -0.03660000 0.02500224 0.11133332
v -0.03660000 0.02533332 0.11100224
v -0.03660000 0.02500224 0.11266668
v -0.03660000 0.02515147 0.11284853
v -0.03660000 0.02533332 0.11299776
v -0.03660000 0.02554078 0.11310866
v -0.03660000 0.02576589 0.11317694
v -0.03660000 0.02623411 0.11317694
v -0.03660000 0.02600000 0.11320000
v -0.03660000 0.02666668 0.11100224
v -0.03660000 0.02684853 0.11115147
v -0.03660000 0.02699776 0.11133332
v -0.03660000 0.02710866 0.11154078
v -0.03660000 0.02717694 0.11176589
v -0.03660000 0.02717694 0.11223411
v -0.03660000 0.02720000 0.11200000
v -0.03660000 0.02684853 0.11284853
v -0.03660000 0.02645922 0.11310866
v -0.03660000 0.02666668 0.11299776
v -0.03660000 0.02710866 0.11245922
v -0.03660000 0.02699776 0.11266668
v -0.03900000 0.02993156 0.11104421
v -0.03900000 0.02972741 0.11207055
v -0.03900000 0.02939104 0.11306147
v -0.03660000 0.02993156 0.11104421
v -0.03660000 0.02972741 0.11207055
v -0.03660000 0.02939104 0.11306147
v -0.03900000 0.02765685 0.11565685
v -0.03900000 0.02834683 0.11487009
v -0.03900000 0.02892820 0.11400000
v -0.03660000 0.02765685 0.11565685
v -0.03660000 0.02834683 0.11487009
v -0.03660000 0.02892820 0.11400000
v -0.03660000 0.02953553 0.11553553
v -0.03290000 0.02385000 0.11075870
v -0.03100000 0.02246447 0.10846447
v -0.03100000 0.02184265 0.10922215
v -0.03100000 0.02138060 0.11008658
v -0.03100000 0.02322215 0.10784265
v -0.03100000 0.02408658 0.10738060
v -0.03100000 0.02385000 0.11075870
v -0.03290000 0.02489134 0.11154078
v -0.03290000 0.02482306 0.11176589
v -0.03290000 0.02480000 0.11200000
v -0.03290000 0.02482306 0.11223411
v -0.03290000 0.02385000 0.11324130
v -0.03290000 0.02489134 0.11245922
v -0.03100000 0.02109607 0.11102455
v -0.03100000 0.02100000 0.11200000
v -0.03100000 0.02109607 0.11297545
v -0.03100000 0.02138060 0.11391342
v -0.03100000 0.02184265 0.11477785
v -0.03100000 0.02246447 0.11553553
v -0.03100000 0.02385000 0.11324130
v -0.03290000 0.02600000 0.10951739
v -0.03290000 0.02554078 0.11089134
v -0.03290000 0.02576589 0.11082306
v -0.03290000 0.02600000 0.11080000
v -0.03290000 0.02623411 0.11082306
v -0.03290000 0.02645922 0.11089134
v -0.03290000 0.02815000 0.11075870
v -0.03100000 0.02502455 0.10709607
v -0.03100000 0.02600000 0.10700000
v -0.03100000 0.02697545 0.10709607
v -0.03100000 0.02600000 0.10951739
v -0.03100000 0.02791342 0.10738060
v -0.03100000 0.02877785 0.10784265
v -0.03100000 0.02953553 0.10846447
v -0.03100000 0.02815000 0.11075870
v -0.03290000 0.02515147 0.11115147
v -0.03290000 0.02500224 0.11133332
v -0.03290000 0.02533332 0.11100224
v -0.03290000 0.02500224 0.11266668
v -0.03290000 0.02515147 0.11284853
v -0.03290000 0.02533332 0.11299776
v -0.03290000 0.02554078 0.11310866
v -0.03290000 0.02576589 0.11317694
v -0.03290000 0.02623411 0.11317694
v -0.03290000 0.02600000 0.11320000
v -0.03290000 0.02666668 0.11100224
v -0.03290000 0.02684853 0.11115147
v -0.03290000 0.02699776 0.11133332
v -0.03290000 0.02710866 0.11154078
v -0.03290000 0.02717694 0.11176589
v -0.03290000 0.02717694 0.11223411
v -0.03290000 0.02720000 0.11200000
v -0.03290000 0.02684853 0.11284853
v -0.03290000 0.02645922 0.11310866
v -0.03290000 0.02666668 0.11299776
v -0.03290000 0.02710866 0.11245922
v -0.03290000 0.02699776 0.11266668
v -0.03290000 0.02600000 0.11448261
v -0.03290000 0.02815000 0.11324130
v -0.03100000 0.02600000 0.11448261
v -0.03100000 0.02815000 0.11324130
v -0.03100000 0.02953553 0.11553553
v -0.03900000 0.02200000 0.11800000
v -0.03660000 0.02200000 0.11800000
v -0.03900000 0.02304421 0.11793156
v -0.03900000 0.02407055 0.11772741
v -0.03660000 0.02322215 0.11615735
v -0.03660000 0.02304421 0.11793156
v -0.03660000 0.02408658 0.11661940
v -0.03660000 0.02407055 0.11772741
v -0.03900000 0.02600000 0.11692820
v -0.03900000 0.02506147 0.11739104
v -0.03900000 0.02687009 0.11634683
v -0.03660000 0.02502455 0.11690393
v -0.03660000 0.02587865 0.11698805
v -0.03660000 0.02600000 0.11692820
v -0.03660000 0.02600000 0.11700000
v -0.03660000 0.02506147 0.11739104
v -0.03660000 0.02687009 0.11634683
v -0.03660000 0.02697545 0.11690393
v -0.03660000 0.02791342 0.11661940
v -0.03660000 0.02877785 0.11615735
v -0.03100000 0.02322215 0.11615735
v -0.03100000 0.02408658 0.11661940
v -0.03100000 0.02502455 0.11690393
v -0.03100000 0.02600000 0.11700000
v -0.03100000 0.02697545 0.11690393
v -0.03100000 0.02791342 0.11661940
v -0.03100000 0.02877785 0.11615735
v -0.03900000 0.03000000 0.11000000
v -0.03660000 0.03000000 0.10903042
v -0.03660000 0.03015735 0.10922215
v -0.03660000 0.03000000 0.11000000
v -0.03660000 0.03061940 0.11008658
v -0.03660000 0.03090393 0.11102455
v -0.03660000 0.03100000 0.11200000
v -0.03660000 0.03090393 0.11297545
v -0.03660000 0.03061940 0.11391342
v -0.03660000 0.03015735 0.11477785
v -0.03100000 0.03015735 0.10922215
v -0.03100000 0.03061940 0.11008658
v -0.03100000 0.03090393 0.11102455
v -0.03100000 0.03100000 0.11200000
v -0.03100000 0.03090393 0.11297545
v -0.03100000 0.03061940 0.11391342
v -0.03100000 0.03015735 0.11477785
v -0.03900000 0.03400000 0.12000000
v -0.03660000 0.03400000 0.12000000
v -0.03653083 0.03400000 0.12070233
v -0.03653083 0.03470233 0.12000000
v -0.03644947 0.03472840 0.12072840
v -0.03888471 0.03400000 0.12117054
v -0.03854328 0.03400000 0.12229610
v -0.03798882 0.03400000 0.12333342
v -0.03724264 0.03400000 0.12424264
v -0.03632597 0.03400000 0.12137766
v -0.03599329 0.03400000 0.12200005
v -0.03619841 0.03475045 0.12147207
v -0.03576642 0.03476325 0.12217356
v -0.03554558 0.03400000 0.12254558
v -0.03500005 0.03400000 0.12299329
v -0.03517356 0.03476325 0.12276642
v -0.03437766 0.03400000 0.12332597
v -0.03447207 0.03475045 0.12319841
v -0.03633342 0.03400000 0.12498882
v -0.03529610 0.03400000 0.12554328
v -0.03417054 0.03400000 0.12588471
v -0.03888471 0.03517054 0.12000000
v -0.03854328 0.03629610 0.12000000
v -0.03798882 0.03733342 0.12000000
v -0.03724264 0.03824264 0.12000000
v -0.03632597 0.03537766 0.12000000
v -0.03619841 0.03547207 0.12075045
v -0.03599329 0.03600005 0.12000000
v -0.03576642 0.03617356 0.12076325
v -0.03554558 0.03654558 0.12000000
v -0.03517356 0.03676642 0.12076325
v -0.03500005 0.03699329 0.12000000
v -0.03437766 0.03732597 0.12000000
v -0.03447207 0.03719841 0.12075045
v -0.03633342 0.03898882 0.12000000
v -0.03529610 0.03954328 0.12000000
v -0.03417054 0.03988471 0.12000000
v -0.03874912 0.03521401 0.12121401
v -0.03833069 0.03525076 0.12245345
v -0.03833069 0.03645345 0.12125076
v -0.03776463 0.03657860 0.12257860
v -0.03761070 0.03527209 0.12362260
v -0.03662260 0.03527209 0.12461070
v -0.03681426 0.03662731 0.12381426
v -0.03761070 0.03762260 0.12127209
v -0.03662260 0.03861070 0.12127209
v -0.03681426 0.03781426 0.12262731
v -0.03585878 0.03554716 0.12154716
v -0.03528856 0.03557639 0.12228856
v -0.03528856 0.03628856 0.12157639
v -0.03454716 0.03554716 0.12285878
v -0.03454716 0.03685878 0.12154716
v -0.03457639 0.03628856 0.12228856
v -0.03545345 0.03525076 0.12533069
v -0.03557860 0.03657860 0.12476463
v -0.03421401 0.03521401 0.12574912
v -0.03425076 0.03645345 0.12533069
v -0.03545345 0.03933069 0.12125076
v -0.03557860 0.03876463 0.12257860
v -0.03421401 0.03974912 0.12121401
v -0.03425076 0.03933069 0.12245345
v -0.03562731 0.03781426 0.12381426
v -0.03427209 0.03762260 0.12461070
v -0.03427209 0.03861070 0.12362260
v -0.03372840 0.03472840 0.12344947
v -0.03370233 0.03400000 0.12353083
v -0.03300000 0.03400000 0.12360000
v -0.03300000 0.03470233 0.12353083
v -0.03300000 0.03400000 0.12600000
v -0.03372840 0.03744947 0.12072840
v -0.03370233 0.03753083 0.12000000
v -0.03300000 0.03760000 0.12000000
v -0.03300000 0.03753083 0.12070233
v -0.03300000 0.04000000 0.12000000
v -0.03375045 0.03547207 0.12319841
v -0.03376325 0.03617356 0.12276642
v -0.03300000 0.03537766 0.12332597
v -0.03300000 0.03600005 0.12299329
v -0.03376325 0.03676642 0.12217356
v -0.03375045 0.03719841 0.12147207
v -0.03300000 0.03732597 0.12137766
v -0.03300000 0.03699329 0.12200005
v -0.03300000 0.03654558 0.12254558
v -0.03300000 0.03517054 0.12588471
v -0.03300000 0.03629610 0.12554328
v -0.03300000 0.03733342 0.12498882
v -0.03300000 0.03988471 0.12117054
v -0.03300000 0.03898882 0.12333342
v -0.03300000 0.03954328 0.12229610
v -0.03300000 0.03824264 0.12424264
v -0.02665926 0.03760000 0.10658819
v -0.02665926 0.04000000 0.10658819
v -0.02623880 0.03760000 0.10782683
v -0.02623880 0.04000000 0.10782683
v -0.02566025 0.03760000 0.10900000
v -0.02566025 0.04000000 0.10900000
v -0.02493353 0.03760000 0.11008761
v -0.02493353 0.04000000 0.11008761
v -0.02407107 0.03760000 0.11107107
v -0.02407107 0.04000000 0.11107107
v -0.02308761 0.03760000 0.11193353
v -0.02308761 0.04000000 0.11193353
v -0.02200000 0.03760000 0.11266025
v -0.02200000 0.04000000 0.11266025
v -0.02082683 0.03760000 0.11323880
v -0.02082683 0.04000000 0.11323880
v -0.01958819 0.03760000 0.11365926
v -0.01958819 0.04000000 0.11365926
v -0.01830526 0.03760000 0.11391445
v -0.01830526 0.04000000 0.11391445
v -0.01700000 0.03760000 0.11400000
v -0.01700000 0.04000000 0.11400000
v 0.01900000 -0.04000000 0.05800000
v 0.01900000 -0.03760000 0.05800000
v 0.02030526 -0.04000000 0.05808555
v 0.02030526 -0.03760000 0.05808555
v 0.00722218 -0.00077782 0.04600000
v 0.00692114 -0.00021460 0.04600000
v 0.00708538 -0.00061113 0.04600000
v 0.00698373 -0.00042095 0.04600000
v 0.00722218 -0.00077782 0.04840000
v 0.00692114 -0.00021460 0.04840000
v 0.00708538 -0.00061113 0.04840000
v 0.00698373 -0.00042095 0.04840000
v 0.00738887 -0.00091462 0.04600000
v 0.00757905 -0.00101627 0.04600000
v 0.00778540 -0.00107886 0.04600000
v 0.00800000 -0.00110000 0.04600000
v 0.00821460 -0.00107886 0.04600000
v 0.00842095 -0.00101627 0.04600000
v 0.00738887 -0.00091462 0.04840000
v 0.00757905 -0.00101627 0.04840000
v 0.00778540 -0.00107886 0.04840000
v 0.00800000 -0.00110000 0.04840000
v 0.00821460 -0.00107886 0.04840000
v 0.00842095 -0.00101627 0.04840000
v 0.00861113 -0.00091462 0.04600000
v 0.00877782 -0.00077782 0.04600000
v 0.00891462 -0.00061113 0.04600000
v 0.00901627 -0.00042095 0.04600000
v 0.00907886 -0.00021460 0.04600000
v 0.00861113 -0.00091462 0.04840000
v 0.00877782 -0.00077782 0.04840000
v 0.00891462 -0.00061113 0.04840000
v 0.00901627 -0.00042095 0.04840000
v 0.00907886 -0.00021460 0.04840000
v 0.02158819 -0.04000000 0.05834074
v 0.02158819 -0.03760000 0.05834074
v 0.02282683 -0.04000000 0.05876120
v 0.02282683 -0.03760000 0.05876120
v 0.02400000 -0.04000000 0.05933975
v 0.02400000 -0.03760000 0.05933975
v 0.02508761 -0.04000000 0.06006647
v 0.02508761 -0.03760000 0.06006647
v 0.02607107 -0.04000000 0.06092893
v 0.02607107 -0.03760000 0.06092893
v 0.02693353 -0.04000000 0.06191239
v 0.02693353 -0.03760000 0.06191239
v 0.02766025 -0.04000000 0.06300000
v 0.02766025 -0.03760000 0.06300000
v 0.02823880 -0.04000000 0.06417317
v 0.02823880 -0.03760000 0.06417317
v 0.02865926 -0.04000000 0.06541181
v 0.02865926 -0.03760000 0.06541181
v 0.04100000 -0.03824264 0.04775736
v 0.04100000 -0.03954328 0.04970390
v 0.04100000 -0.03898882 0.04866658
v 0.04100000 -0.03988471 0.05082946
v 0.04100000 -0.03733342 0.04701118
v 0.04100000 -0.03629610 0.04645672
v 0.04100000 -0.03517054 0.04611529
v 0.03860000 -0.03654558 0.04945442
v 0.03860000 -0.03699329 0.04999995
v 0.03860000 -0.03732597 0.05062234
v 0.03860000 -0.03600005 0.04900671
v 0.03860000 -0.03537766 0.04867403
v 0.03860000 -0.03753083 0.05129767
v 0.03860000 -0.03760000 0.05200000
v 0.04100000 -0.04000000 0.05200000
v 0.03860000 -0.03470233 0.04846917
v 0.03860000 -0.03400000 0.04840000
v 0.04100000 -0.03400000 0.04600000
v 0.03860000 -0.02687009 0.05565317
v 0.03860000 -0.02506147 0.05460896
v 0.03860000 -0.02600000 0.05507180
v 0.04100000 -0.02687009 0.05565317
v 0.04100000 -0.02506147 0.05460896
v 0.04100000 -0.02600000 0.05507180
v 0.03860000 -0.02407055 0.05427259
v 0.03860000 -0.02304421 0.05406844
v 0.04100000 -0.02407055 0.05427259
v 0.04100000 -0.02304421 0.05406844
v 0.03860000 -0.02200000 0.05400000
v 0.04100000 -0.02200000 0.05400000
v 0.03860000 -0.02892820 0.05800000
v 0.03860000 -0.02834683 0.05712991
v 0.03860000 -0.02765685 0.05634315
v 0.04100000 -0.02892820 0.05800000
v 0.04100000 -0.02834683 0.05712991
v 0.04100000 -0.02765685 0.05634315
v 0.03860000 -0.02939104 0.05893853
v 0.03860000 -0.02972741 0.05992945
v 0.03860000 -0.02993156 0.06095579
v 0.04100000 -0.02939104 0.05893853
v 0.04100000 -0.02972741 0.05992945
v 0.04100000 -0.02993156 0.06095579
v 0.03860000 -0.03000000 0.06200000
v 0.04100000 -0.03000000 0.06200000
v 0.02891445 -0.04000000 0.06669474
v 0.02900000 -0.04000000 0.06800000
v 0.02891445 -0.03760000 0.06669474
v 0.02900000 -0.03760000 0.06800000
v 0.03200000 -0.03753073 0.07130448
v 0.03200000 -0.03760000 0.07134151
v 0.03100000 -0.03766733 0.07466835
v 0.03100000 -0.03760000 0.07444637
v 0.03200000 -0.03757060 0.07434944
v 0.03200000 -0.03760000 0.07444637
v 0.03100000 -0.03770000 0.07500000
v 0.03100000 -0.03766733 0.07533165
v 0.03100000 -0.03760000 0.07555363
v 0.03200000 -0.03760000 0.07555363
v 0.03200000 -0.03757060 0.07565056
v 0.03200000 -0.03678036 0.07107686
v 0.03200000 -0.03665056 0.07342940
v 0.03200000 -0.03633165 0.07333267
v 0.03200000 -0.03600000 0.07100000
v 0.03200000 -0.03521964 0.07107686
v 0.03200000 -0.03600000 0.07330000
v 0.03200000 -0.03566835 0.07333267
v 0.03200000 -0.03534944 0.07342940
v 0.03200000 -0.03720208 0.07379792
v 0.03200000 -0.03741350 0.07405553
v 0.03200000 -0.03694447 0.07358650
v 0.03200000 -0.03741350 0.07594447
v 0.03200000 -0.03505553 0.07358650
v 0.03200000 -0.03446927 0.07130448
v 0.03200000 -0.03377772 0.07167412
v 0.03200000 -0.03317157 0.07217157
v 0.03200000 -0.03267412 0.07277772
v 0.03200000 -0.03479792 0.07379792
v 0.03200000 -0.03458650 0.07405553
v 0.03200000 -0.03442940 0.07434944
v 0.03200000 -0.03433267 0.07466835
v 0.03200000 -0.03442940 0.07565056
v 0.03200000 -0.03458650 0.07594447
v 0.03200000 -0.03430000 0.07500000
v 0.03200000 -0.03433267 0.07533165
v 0.03200000 -0.03230448 0.07346927
v 0.03200000 -0.03207686 0.07421964
v 0.03200000 -0.03200000 0.07500000
v 0.03200000 -0.03207686 0.07578036
v 0.03860000 -0.03753073 0.07130448
v 0.03860000 -0.03760000 0.07134151
v 0.04100000 -0.03757060 0.07434944
v 0.04100000 -0.03766733 0.07466835
v 0.04100000 -0.03770000 0.07500000
v 0.04100000 -0.03766733 0.07533165
v 0.04100000 -0.03757060 0.07565056
v 0.03860000 -0.03678036 0.07107686
v 0.03860000 -0.03600000 0.07100000
v 0.03860000 -0.03521964 0.07107686
v 0.04100000 -0.03665056 0.07342940
v 0.04100000 -0.03633165 0.07333267
v 0.04100000 -0.03600000 0.07330000
v 0.04100000 -0.03566835 0.07333267
v 0.04100000 -0.03534944 0.07342940
v 0.04100000 -0.03720208 0.07379792
v 0.04100000 -0.03741350 0.07405553
v 0.04100000 -0.03694447 0.07358650
v 0.04100000 -0.03741350 0.07594447
v 0.04100000 -0.03505553 0.07358650
v 0.03860000 -0.03446927 0.07130448
v 0.03860000 -0.03377772 0.07167412
v 0.03860000 -0.03317157 0.07217157
v 0.03860000 -0.03267412 0.07277772
v 0.04100000 -0.03479792 0.07379792
v 0.04100000 -0.03458650 0.07405553
v 0.04100000 -0.03442940 0.07434944
v 0.04100000 -0.03433267 0.07466835
v 0.04100000 -0.03442940 0.07565056
v 0.04100000 -0.03458650 0.07594447
v 0.04100000 -0.03430000 0.07500000
v 0.04100000 -0.03433267 0.07533165
v 0.03860000 -0.03230448 0.07346927
v 0.03860000 -0.03207686 0.07421964
v 0.03860000 -0.03200000 0.07500000
v 0.03860000 -0.03207686 0.07578036
v 0.03200000 -0.03760000 0.07865849
v 0.03200000 -0.03753073 0.07869552
v 0.03200000 -0.03720208 0.07620208
v 0.03200000 -0.03694447 0.07641350
v 0.03200000 -0.03665056 0.07657060
v 0.03200000 -0.03633165 0.07666733
v 0.03200000 -0.03600000 0.07670000
v 0.03200000 -0.03566835 0.07666733
v 0.03200000 -0.03534944 0.07657060
v 0.03200000 -0.03505553 0.07641350
v 0.03200000 -0.03678036 0.07892314
v 0.03200000 -0.03600000 0.07900000
v 0.03200000 -0.03521964 0.07892314
v 0.03200000 -0.03479792 0.07620208
v 0.03200000 -0.03377772 0.07832588
v 0.03200000 -0.03267412 0.07722228
v 0.03200000 -0.03317157 0.07782843
v 0.03200000 -0.03446927 0.07869552
v 0.03200000 -0.03230448 0.07653073
v 0.03860000 -0.03760000 0.07865849
v 0.03860000 -0.03753073 0.07869552
v 0.04100000 -0.03720208 0.07620208
v 0.04100000 -0.03694447 0.07641350
v 0.04100000 -0.03665056 0.07657060
v 0.04100000 -0.03633165 0.07666733
v 0.04100000 -0.03600000 0.07670000
v 0.04100000 -0.03566835 0.07666733
v 0.04100000 -0.03534944 0.07657060
v 0.04100000 -0.03505553 0.07641350
v 0.03860000 -0.03678036 0.07892314
v 0.03860000 -0.03600000 0.07900000
v 0.03860000 -0.03521964 0.07892314
v 0.03860000 -0.03377772 0.07832588
v 0.03860000 -0.03267412 0.07722228
v 0.03860000 -0.03317157 0.07782843
v 0.04100000 -0.03479792 0.07620208
v 0.03860000 -0.03446927 0.07869552
v 0.03860000 -0.03230448 0.07653073
v 0.01900000 -0.04000000 0.11400000
v 0.01900000 -0.03760000 0.11400000
v 0.02030526 -0.04000000 0.11391445
v 0.02030526 -0.03760000 0.11391445
v 0.02900000 -0.04000000 0.10400000
v 0.02891445 -0.04000000 0.10530526
v 0.02900000 -0.03760000 0.10400000
v 0.02891445 -0.03760000 0.10530526
v 0.02282683 -0.04000000 0.11323880
v 0.02282683 -0.03760000 0.11323880
v 0.02158819 -0.04000000 0.11365926
v 0.02158819 -0.03760000 0.11365926
v 0.02400000 -0.04000000 0.11266025
v 0.02400000 -0.03760000 0.11266025
v 0.02508761 -0.04000000 0.11193353
v 0.02508761 -0.03760000 0.11193353
v 0.02823880 -0.04000000 0.10782683
v 0.02823880 -0.03760000 0.10782683
v 0.02693353 -0.04000000 0.11008761
v 0.02693353 -0.03760000 0.11008761
v 0.02766025 -0.04000000 0.10900000
v 0.02766025 -0.03760000 0.10900000
v 0.02865926 -0.04000000 0.10658819
v 0.02865926 -0.03760000 0.10658819
v 0.02607107 -0.04000000 0.11107107
v 0.02607107 -0.03760000 0.11107107
v 0.03200000 -0.03760000 0.11834151
v 0.03200000 -0.03753073 0.11830448
v 0.03200000 -0.03760000 0.12000000
v 0.03200000 -0.03753083 0.12070233
v 0.03200000 -0.03678036 0.11807686
v 0.03200000 -0.03600000 0.11800000
v 0.03200000 -0.03521964 0.11807686
v 0.03200000 -0.03720208 0.12079792
v 0.03200000 -0.03694447 0.12058650
v 0.03200000 -0.03633165 0.12033267
v 0.03200000 -0.03665056 0.12042940
v 0.03200000 -0.03600000 0.12030000
v 0.03200000 -0.03566835 0.12033267
v 0.03200000 -0.03534944 0.12042940
v 0.03200000 -0.03505553 0.12058650
v 0.03200000 -0.03989048 0.12111197
v 0.03200000 -0.03992314 0.12121964
v 0.03200000 -0.03988471 0.12117054
v 0.03200000 -0.04000000 0.12200000
v 0.03200000 -0.03992314 0.12278036
v 0.03200000 -0.03954328 0.12229610
v 0.03200000 -0.03898882 0.12333342
v 0.03100000 -0.03757060 0.12134944
v 0.03100000 -0.03766733 0.12166835
v 0.03100000 -0.03770000 0.12200000
v 0.03100000 -0.03766733 0.12233165
v 0.03100000 -0.03757060 0.12265056
v 0.03200000 -0.03969552 0.12353073
v 0.03200000 -0.03932588 0.12422228
v 0.03200000 -0.03882843 0.12482843
v 0.03200000 -0.03824264 0.12424264
v 0.03200000 -0.03822228 0.12532588
v 0.03200000 -0.03753073 0.12569552
v 0.03100000 -0.03742000 0.12106769
v 0.03100000 -0.03732597 0.12137766
v 0.03100000 -0.03699329 0.12200005
v 0.03200000 -0.03742000 0.12106769
v 0.03200000 -0.03741350 0.12105553
v 0.03100000 -0.03741350 0.12294447
v 0.03100000 -0.03720208 0.12320208
v 0.03100000 -0.03694447 0.12341350
v 0.03100000 -0.03654558 0.12254558
v 0.03100000 -0.03600005 0.12299329
v 0.03100000 -0.03537766 0.12332597
v 0.03100000 -0.03506769 0.12342000
v 0.03200000 -0.03506769 0.12342000
v 0.03200000 -0.03505553 0.12341350
v 0.03100000 -0.03665056 0.12357060
v 0.03100000 -0.03633165 0.12366733
v 0.03200000 -0.03733342 0.12498882
v 0.03200000 -0.03678036 0.12592314
v 0.03200000 -0.03629610 0.12554328
v 0.03100000 -0.03600000 0.12370000
v 0.03100000 -0.03566835 0.12366733
v 0.03100000 -0.03534944 0.12357060
v 0.03200000 -0.03600000 0.12600000
v 0.03200000 -0.03517054 0.12588471
v 0.03200000 -0.03521964 0.12592314
v 0.03200000 -0.03511197 0.12589048
v 0.03200000 -0.03446927 0.11830448
v 0.03200000 -0.03377772 0.11867412
v 0.03200000 -0.03479792 0.12079792
v 0.03200000 -0.03317157 0.11917157
v 0.03200000 -0.03267412 0.11977772
v 0.03200000 -0.03230448 0.12046927
v 0.03200000 -0.03458650 0.12105553
v 0.03200000 -0.03442940 0.12134944
v 0.03200000 -0.03433267 0.12166835
v 0.03200000 -0.03430000 0.12200000
v 0.03200000 -0.03442940 0.12265056
v 0.03200000 -0.03479792 0.12320208
v 0.03200000 -0.03458650 0.12294447
v 0.03200000 -0.03433267 0.12233165
v 0.03200000 -0.03470233 0.12353083
v 0.03200000 -0.03400000 0.12360000
v 0.03200000 -0.03207686 0.12121964
v 0.03200000 -0.03200000 0.12200000
v 0.03200000 -0.03207686 0.12278036
v 0.03200000 -0.03230448 0.12353073
v 0.03200000 -0.03234151 0.12360000
v 0.03860000 -0.03760000 0.11834151
v 0.03860000 -0.03753073 0.11830448
v 0.04100000 -0.04000000 0.12000000
v 0.03860000 -0.03678036 0.11807686
v 0.03860000 -0.03600000 0.11800000
v 0.03860000 -0.03521964 0.11807686
v 0.04100000 -0.03720208 0.12079792
v 0.04100000 -0.03694447 0.12058650
v 0.04100000 -0.03633165 0.12033267
v 0.04100000 -0.03665056 0.12042940
v 0.04100000 -0.03600000 0.12030000
v 0.04100000 -0.03566835 0.12033267
v 0.04100000 -0.03534944 0.12042940
v 0.04100000 -0.03505553 0.12058650
v 0.04100000 -0.03989048 0.12111197
v 0.04100000 -0.03992314 0.12121964
v 0.04100000 -0.03988471 0.12117054
v 0.04100000 -0.04000000 0.12200000
v 0.04100000 -0.03992314 0.12278036
v 0.04100000 -0.03954328 0.12229610
v 0.04100000 -0.03898882 0.12333342
v 0.04100000 -0.03757060 0.12134944
v 0.04100000 -0.03766733 0.12166835
v 0.04100000 -0.03770000 0.12200000
v 0.04100000 -0.03766733 0.12233165
v 0.04100000 -0.03757060 0.12265056
v 0.04100000 -0.03969552 0.12353073
v 0.04100000 -0.03932588 0.12422228
v 0.04100000 -0.03882843 0.12482843
v 0.04100000 -0.03824264 0.12424264
v 0.04100000 -0.03822228 0.12532588
v 0.04100000 -0.03753073 0.12569552
v 0.04100000 -0.03741350 0.12105553
v 0.04100000 -0.03741350 0.12294447
v 0.04100000 -0.03720208 0.12320208
v 0.04100000 -0.03694447 0.12341350
v 0.04100000 -0.03505553 0.12341350
v 0.04100000 -0.03665056 0.12357060
v 0.04100000 -0.03633165 0.12366733
v 0.04100000 -0.03733342 0.12498882
v 0.04100000 -0.03678036 0.12592314
v 0.04100000 -0.03629610 0.12554328
v 0.04100000 -0.03600000 0.12370000
v 0.04100000 -0.03566835 0.12366733
v 0.04100000 -0.03534944 0.12357060
v 0.04100000 -0.03600000 0.12600000
v 0.04100000 -0.03517054 0.12588471
v 0.04100000 -0.03521964 0.12592314
v 0.04100000 -0.03511197 0.12589048
v 0.03860000 -0.03446927 0.11830448
v 0.03860000 -0.03377772 0.11867412
v 0.03860000 -0.03317157 0.11917157
v 0.03860000 -0.03267412 0.11977772
v 0.04100000 -0.03479792 0.12079792
v 0.03860000 -0.03230448 0.12046927
v 0.04100000 -0.03458650 0.12105553
v 0.04100000 -0.03442940 0.12134944
v 0.04100000 -0.03433267 0.12166835
v 0.04100000 -0.03430000 0.12200000
v 0.04100000 -0.03442940 0.12265056
v 0.04100000 -0.03479792 0.12320208
v 0.04100000 -0.03458650 0.12294447
v 0.04100000 -0.03433267 0.12233165
v 0.04100000 -0.03400000 0.12600000
v 0.03860000 -0.03207686 0.12121964
v 0.03860000 -0.03200000 0.12200000
v 0.03860000 -0.03207686 0.12278036
v 0.03860000 -0.03230448 0.12353073
v 0.03860000 -0.03234151 0.12360000
v 0.03860000 -0.03000000 0.11000000
v 0.04100000 -0.03000000 0.11000000
v 0.03860000 -0.02993156 0.11104421
v 0.03860000 -0.02972741 0.11207055
v 0.03860000 -0.02939104 0.11306147
v 0.04100000 -0.02993156 0.11104421
v 0.04100000 -0.02972741 0.11207055
v 0.04100000 -0.02939104 0.11306147
v 0.03860000 -0.02892820 0.11400000
v 0.03860000 -0.02834683 0.11487009
v 0.03860000 -0.02765685 0.11565685
v 0.04100000 -0.02892820 0.11400000
v 0.04100000 -0.02834683 0.11487009
v 0.04100000 -0.02765685 0.11565685
v 0.03860000 -0.02687009 0.11634683
v 0.03860000 -0.02600000 0.11692820
v 0.03860000 -0.02506147 0.11739104
v 0.04100000 -0.02687009 0.11634683
v 0.04100000 -0.02600000 0.11692820
v 0.04100000 -0.02506147 0.11739104
v 0.03860000 -0.02407055 0.11772741
v 0.03860000 -0.02304421 0.11793156
v 0.04100000 -0.02407055 0.11772741
v 0.04100000 -0.02304421 0.11793156
v 0.03860000 -0.02200000 0.11800000
v 0.04100000 -0.02200000 0.11800000
v 0.00690000 0.00000000 0.04600000
v 0.00692114 0.00021460 0.04600000
v 0.00698373 0.00042095 0.04600000
v 0.00708538 0.00061113 0.04600000
v 0.00722218 0.00077782 0.04600000
v 0.00690000 0.00000000 0.04840000
v 0.00692114 0.00021460 0.04840000
v 0.00698373 0.00042095 0.04840000
v 0.00708538 0.00061113 0.04840000
v 0.00722218 0.00077782 0.04840000
v 0.00738887 0.00091462 0.04600000
v 0.00757905 0.00101627 0.04600000
v 0.00778540 0.00107886 0.04600000
v 0.00800000 0.00110000 0.04600000
v 0.00821460 0.00107886 0.04600000
v 0.00842095 0.00101627 0.04600000
v 0.00738887 0.00091462 0.04840000
v 0.00757905 0.00101627 0.04840000
v 0.00778540 0.00107886 0.04840000
v 0.00800000 0.00110000 0.04840000
v 0.00821460 0.00107886 0.04840000
v 0.00842095 0.00101627 0.04840000
v 0.00910000 0.00000000 0.04600000
v 0.00907886 0.00021460 0.04600000
v 0.00891462 0.00061113 0.04600000
v 0.00901627 0.00042095 0.04600000
v 0.00861113 0.00091462 0.04600000
v 0.00877782 0.00077782 0.04600000
v 0.00910000 0.00000000 0.04840000
v 0.00907886 0.00021460 0.04840000
v 0.00891462 0.00061113 0.04840000
v 0.00901627 0.00042095 0.04840000
v 0.00861113 0.00091462 0.04840000
v 0.00877782 0.00077782 0.04840000
v 0.01900000 0.03760000 0.05800000
v 0.01900000 0.04000000 0.05800000
v 0.02030526 0.03760000 0.05808555
v 0.02030526 0.04000000 0.05808555
v 0.02158819 0.03760000 0.05834074
v 0.02158819 0.04000000 0.05834074
v 0.02282683 0.03760000 0.05876120
v 0.02282683 0.04000000 0.05876120
v 0.02400000 0.03760000 0.05933975
v 0.02400000 0.04000000 0.05933975
v 0.02508761 0.03760000 0.06006647
v 0.02508761 0.04000000 0.06006647
v 0.02607107 0.03760000 0.06092893
v 0.02607107 0.04000000 0.06092893
v 0.02693353 0.03760000 0.06191239
v 0.02693353 0.04000000 0.06191239
v 0.02766025 0.03760000 0.06300000
v 0.02766025 0.04000000 0.06300000
v 0.02823880 0.03760000 0.06417317
v 0.02823880 0.04000000 0.06417317
v 0.02865926 0.03760000 0.06541181
v 0.02865926 0.04000000 0.06541181
v 0.03860000 0.02200000 0.05400000
v 0.04100000 0.02200000 0.05400000
v 0.03860000 0.02304421 0.05406844
v 0.03860000 0.02407055 0.05427259
v 0.04100000 0.02304421 0.05406844
v 0.04100000 0.02407055 0.05427259
v 0.03860000 0.02506147 0.05460896
v 0.03860000 0.02600000 0.05507180
v 0.03860000 0.02687009 0.05565317
v 0.04100000 0.02506147 0.05460896
v 0.04100000 0.02600000 0.05507180
v 0.04100000 0.02687009 0.05565317
v 0.03860000 0.02765685 0.05634315
v 0.03860000 0.02834683 0.05712991
v 0.03860000 0.02892820 0.05800000
v 0.04100000 0.02765685 0.05634315
v 0.04100000 0.02834683 0.05712991
v 0.04100000 0.02892820 0.05800000
v 0.03860000 0.02939104 0.05893853
v 0.03860000 0.02972741 0.05992945
v 0.03860000 0.02993156 0.06095579
v 0.04100000 0.02939104 0.05893853
v 0.04100000 0.02972741 0.05992945
v 0.04100000 0.02993156 0.06095579
v 0.03860000 0.03400000 0.04840000
v 0.03860000 0.03470233 0.04846917
v 0.04100000 0.03400000 0.04600000
v 0.04100000 0.03517054 0.04611529
v 0.04100000 0.03629610 0.04645672
v 0.04100000 0.03733342 0.04701118
v 0.03860000 0.03537766 0.04867403
v 0.03860000 0.03600005 0.04900671
v 0.03860000 0.03654558 0.04945442
v 0.03860000 0.03699329 0.04999995
v 0.03860000 0.03732597 0.05062234
v 0.04100000 0.03824264 0.04775736
v 0.04100000 0.03898882 0.04866658
v 0.04100000 0.03954328 0.04970390
v 0.04100000 0.03988471 0.05082946
v 0.03860000 0.03753083 0.05129767
v 0.03860000 0.03760000 0.05200000
v 0.04100000 0.04000000 0.05200000
v 0.03860000 0.03000000 0.06200000
v 0.04100000 0.03000000 0.06200000
v 0.02891445 0.03760000 0.06669474
v 0.02900000 0.03760000 0.06800000
v 0.02891445 0.04000000 0.06669474
v 0.02900000 0.04000000 0.06800000
v 0.03200000 0.03230448 0.07346927
v 0.03200000 0.03207686 0.07421964
v 0.03200000 0.03200000 0.07500000
v 0.03200000 0.03207686 0.07578036
v 0.03200000 0.03317157 0.07217157
v 0.03200000 0.03267412 0.07277772
v 0.03200000 0.03377772 0.07167412
v 0.03200000 0.03446927 0.07130448
v 0.03200000 0.03433267 0.07466835
v 0.03200000 0.03458650 0.07405553
v 0.03200000 0.03479792 0.07379792
v 0.03200000 0.03442940 0.07434944
v 0.03200000 0.03430000 0.07500000
v 0.03200000 0.03433267 0.07533165
v 0.03200000 0.03442940 0.07565056
v 0.03200000 0.03458650 0.07594447
v 0.03200000 0.03521964 0.07107686
v 0.03200000 0.03600000 0.07100000
v 0.03200000 0.03534944 0.07342940
v 0.03200000 0.03566835 0.07333267
v 0.03200000 0.03600000 0.07330000
v 0.03200000 0.03678036 0.07107686
v 0.03200000 0.03633165 0.07333267
v 0.03200000 0.03665056 0.07342940
v 0.03200000 0.03505553 0.07358650
v 0.03200000 0.03694447 0.07358650
v 0.03200000 0.03720208 0.07379792
v 0.03200000 0.03741350 0.07405553
v 0.03200000 0.03741350 0.07594447
v 0.03200000 0.03753073 0.07130448
v 0.03200000 0.03760000 0.07134151
v 0.03100000 0.03760000 0.07444637
v 0.03100000 0.03766733 0.07466835
v 0.03200000 0.03757060 0.07434944
v 0.03200000 0.03760000 0.07444637
v 0.03100000 0.03770000 0.07500000
v 0.03100000 0.03766733 0.07533165
v 0.03100000 0.03760000 0.07555363
v 0.03200000 0.03757060 0.07565056
v 0.03200000 0.03760000 0.07555363
v 0.03860000 0.03230448 0.07346927
v 0.03860000 0.03207686 0.07421964
v 0.03860000 0.03200000 0.07500000
v 0.03860000 0.03207686 0.07578036
v 0.03860000 0.03317157 0.07217157
v 0.03860000 0.03267412 0.07277772
v 0.03860000 0.03377772 0.07167412
v 0.03860000 0.03446927 0.07130448
v 0.04100000 0.03433267 0.07466835
v 0.04100000 0.03458650 0.07405553
v 0.04100000 0.03479792 0.07379792
v 0.04100000 0.03442940 0.07434944
v 0.04100000 0.03430000 0.07500000
v 0.04100000 0.03433267 0.07533165
v 0.04100000 0.03442940 0.07565056
v 0.04100000 0.03458650 0.07594447
v 0.03860000 0.03521964 0.07107686
v 0.03860000 0.03600000 0.07100000
v 0.03860000 0.03678036 0.07107686
v 0.04100000 0.03534944 0.07342940
v 0.04100000 0.03566835 0.07333267
v 0.04100000 0.03600000 0.07330000
v 0.04100000 0.03633165 0.07333267
v 0.04100000 0.03665056 0.07342940
v 0.04100000 0.03505553 0.07358650
v 0.04100000 0.03694447 0.07358650
v 0.04100000 0.03720208 0.07379792
v 0.04100000 0.03741350 0.07405553
v 0.04100000 0.03741350 0.07594447
v 0.03860000 0.03753073 0.07130448
v 0.03860000 0.03760000 0.07134151
v 0.04100000 0.03831532 0.07277772
v 0.04100000 0.03845275 0.07286372
v 0.04100000 0.03864949 0.07266113
v 0.04100000 0.03863744 0.07284552
v 0.04100000 0.03897509 0.07235028
v 0.04100000 0.03932588 0.07277772
v 0.04100000 0.03969552 0.07346927
v 0.04100000 0.03969566 0.07346973
v 0.04100000 0.03757060 0.07434944
v 0.04100000 0.03766733 0.07466835
v 0.04100000 0.03770000 0.07500000
v 0.04100000 0.03766733 0.07533165
v 0.04100000 0.03757060 0.07565056
v 0.03200000 0.03230448 0.07653073
v 0.03200000 0.03267412 0.07722228
v 0.03200000 0.03317157 0.07782843
v 0.03200000 0.03479792 0.07620208
v 0.03200000 0.03377772 0.07832588
v 0.03200000 0.03446927 0.07869552
v 0.03200000 0.03505553 0.07641350
v 0.03200000 0.03534944 0.07657060
v 0.03200000 0.03566835 0.07666733
v 0.03200000 0.03600000 0.07670000
v 0.03200000 0.03665056 0.07657060
v 0.03200000 0.03633165 0.07666733
v 0.03200000 0.03694447 0.07641350
v 0.03200000 0.03720208 0.07620208
v 0.03200000 0.03521964 0.07892314
v 0.03200000 0.03600000 0.07900000
v 0.03200000 0.03678036 0.07892314
v 0.03200000 0.03753073 0.07869552
v 0.03200000 0.03760000 0.07865849
v 0.03860000 0.03230448 0.07653073
v 0.03860000 0.03267412 0.07722228
v 0.03860000 0.03317157 0.07782843
v 0.03860000 0.03377772 0.07832588
v 0.04100000 0.03479792 0.07620208
v 0.03860000 0.03446927 0.07869552
v 0.04100000 0.03505553 0.07641350
v 0.04100000 0.03534944 0.07657060
v 0.04100000 0.03566835 0.07666733
v 0.04100000 0.03600000 0.07670000
v 0.04100000 0.03665056 0.07657060
v 0.04100000 0.03633165 0.07666733
v 0.04100000 0.03694447 0.07641350
v 0.04100000 0.03720208 0.07620208
v 0.03860000 0.03521964 0.07892314
v 0.03860000 0.03600000 0.07900000
v 0.03860000 0.03678036 0.07892314
v 0.04100000 0.03869362 0.07793906
v 0.04100000 0.03932588 0.07722228
v 0.04100000 0.03965109 0.07661386
v 0.04100000 0.03882843 0.07782843
v 0.03860000 0.03753073 0.07869552
v 0.03860000 0.03760000 0.07865849
v 0.01900000 0.03760000 0.11400000
v 0.01900000 0.04000000 0.11400000
v 0.02030526 0.03760000 0.11391445
v 0.02030526 0.04000000 0.11391445
v 0.02900000 0.03760000 0.10400000
v 0.02891445 0.03760000 0.10530526
v 0.02900000 0.04000000 0.10400000
v 0.02891445 0.04000000 0.10530526
v 0.02282683 0.03760000 0.11323880
v 0.02282683 0.04000000 0.11323880
v 0.02158819 0.03760000 0.11365926
v 0.02158819 0.04000000 0.11365926
v 0.02400000 0.03760000 0.11266025
v 0.02400000 0.04000000 0.11266025
v 0.02508761 0.03760000 0.11193353
v 0.02508761 0.04000000 0.11193353
v 0.02823880 0.03760000 0.10782683
v 0.02823880 0.04000000 0.10782683
v 0.02693353 0.03760000 0.11008761
v 0.02693353 0.04000000 0.11008761
v 0.02766025 0.03760000 0.10900000
v 0.02766025 0.04000000 0.10900000
v 0.02865926 0.03760000 0.10658819
v 0.02865926 0.04000000 0.10658819
v 0.02607107 0.03760000 0.11107107
v 0.02607107 0.04000000 0.11107107
v 0.03860000 0.02993156 0.11104421
v 0.03860000 0.02972741 0.11207055
v 0.03860000 0.02939104 0.11306147
v 0.04100000 0.02993156 0.11104421
v 0.04100000 0.02972741 0.11207055
v 0.04100000 0.02939104 0.11306147
v 0.03860000 0.02765685 0.11565685
v 0.03860000 0.02834683 0.11487009
v 0.03860000 0.02892820 0.11400000
v 0.04100000 0.02765685 0.11565685
v 0.04100000 0.02834683 0.11487009
v 0.04100000 0.02892820 0.11400000
v 0.03860000 0.02200000 0.11800000
v 0.04100000 0.02200000 0.11800000
v 0.03860000 0.02304421 0.11793156
v 0.03860000 0.02407055 0.11772741
v 0.04100000 0.02304421 0.11793156
v 0.04100000 0.02407055 0.11772741
v 0.03860000 0.02600000 0.11692820
v 0.03860000 0.02506147 0.11739104
v 0.03860000 0.02687009 0.11634683
v 0.04100000 0.02600000 0.11692820
v 0.04100000 0.02506147 0.11739104
v 0.04100000 0.02687009 0.11634683
v 0.03860000 0.03000000 0.11000000
v 0.04100000 0.03000000 0.11000000
v 0.03200000 0.03230448 0.12046927
v 0.03200000 0.03446927 0.11830448
v 0.03200000 0.03317157 0.11917157
v 0.03200000 0.03267412 0.11977772
v 0.03200000 0.03377772 0.11867412
v 0.03200000 0.03479792 0.12079792
v 0.03200000 0.03207686 0.12121964
v 0.03200000 0.03200000 0.12200000
v 0.03200000 0.03207686 0.12278036
v 0.03200000 0.03230448 0.12353073
v 0.03200000 0.03234151 0.12360000
v 0.03200000 0.03433267 0.12166835
v 0.03200000 0.03430000 0.12200000
v 0.03200000 0.03458650 0.12105553
v 0.03200000 0.03442940 0.12134944
v 0.03200000 0.03433267 0.12233165
v 0.03200000 0.03442940 0.12265056
v 0.03200000 0.03458650 0.12294447
v 0.03200000 0.03479792 0.12320208
v 0.03200000 0.03400000 0.12360000
v 0.03200000 0.03470233 0.12353083
v 0.03200000 0.03521964 0.11807686
v 0.03200000 0.03600000 0.11800000
v 0.03200000 0.03678036 0.11807686
v 0.03200000 0.03505553 0.12058650
v 0.03200000 0.03534944 0.12042940
v 0.03200000 0.03566835 0.12033267
v 0.03200000 0.03600000 0.12030000
v 0.03200000 0.03633165 0.12033267
v 0.03200000 0.03665056 0.12042940
v 0.03200000 0.03694447 0.12058650
v 0.03200000 0.03720208 0.12079792
v 0.03200000 0.03753073 0.11830448
v 0.03200000 0.03760000 0.11834151
v 0.03200000 0.03760000 0.12000000
v 0.03200000 0.03753083 0.12070233
v 0.03100000 0.03506769 0.12342000
v 0.03100000 0.03537766 0.12332597
v 0.03100000 0.03600005 0.12299329
v 0.03200000 0.03506769 0.12342000
v 0.03200000 0.03505553 0.12341350
v 0.03100000 0.03742000 0.12106769
v 0.03100000 0.03732597 0.12137766
v 0.03100000 0.03699329 0.12200005
v 0.03200000 0.03742000 0.12106769
v 0.03200000 0.03741350 0.12105553
v 0.03100000 0.03654558 0.12254558
v 0.03100000 0.03694447 0.12341350
v 0.03100000 0.03741350 0.12294447
v 0.03100000 0.03720208 0.12320208
v 0.03100000 0.03534944 0.12357060
v 0.03100000 0.03566835 0.12366733
v 0.03100000 0.03600000 0.12370000
v 0.03200000 0.03511197 0.12589048
v 0.03200000 0.03517054 0.12588471
v 0.03200000 0.03521964 0.12592314
v 0.03200000 0.03600000 0.12600000
v 0.03100000 0.03633165 0.12366733
v 0.03100000 0.03665056 0.12357060
v 0.03200000 0.03629610 0.12554328
v 0.03200000 0.03678036 0.12592314
v 0.03200000 0.03733342 0.12498882
v 0.03100000 0.03757060 0.12134944
v 0.03100000 0.03766733 0.12166835
v 0.03100000 0.03770000 0.12200000
v 0.03100000 0.03766733 0.12233165
v 0.03100000 0.03757060 0.12265056
v 0.03200000 0.03989048 0.12111197
v 0.03200000 0.03988471 0.12117054
v 0.03200000 0.03992314 0.12121964
v 0.03200000 0.04000000 0.12200000
v 0.03200000 0.03898882 0.12333342
v 0.03200000 0.03954328 0.12229610
v 0.03200000 0.03992314 0.12278036
v 0.03200000 0.03824264 0.12424264
v 0.03200000 0.03753073 0.12569552
v 0.03200000 0.03822228 0.12532588
v 0.03200000 0.03932588 0.12422228
v 0.03200000 0.03969552 0.12353073
v 0.03200000 0.03882843 0.12482843
v 0.03860000 0.03230448 0.12046927
v 0.03860000 0.03446927 0.11830448
v 0.04100000 0.03462396 0.11830448
v 0.03860000 0.03317157 0.11917157
v 0.03860000 0.03267412 0.11977772
v 0.03860000 0.03377772 0.11867412
v 0.04100000 0.03450451 0.11977772
v 0.04100000 0.03479792 0.12079792
v 0.03860000 0.03207686 0.12121964
v 0.03860000 0.03200000 0.12200000
v 0.03860000 0.03207686 0.12278036
v 0.03860000 0.03230448 0.12353073
v 0.03860000 0.03234151 0.12360000
v 0.04100000 0.03433267 0.12166835
v 0.04100000 0.03430000 0.12200000
v 0.04100000 0.03458650 0.12105553
v 0.04100000 0.03442940 0.12134944
v 0.04100000 0.03433267 0.12233165
v 0.04100000 0.03442940 0.12265056
v 0.04100000 0.03458650 0.12294447
v 0.04100000 0.03479792 0.12320208
v 0.04100000 0.03400000 0.12600000
v 0.04100000 0.03446927 0.12569552
v 0.03860000 0.03521964 0.11807686
v 0.03860000 0.03600000 0.11800000
v 0.03860000 0.03678036 0.11807686
v 0.04100000 0.03567172 0.11821734
v 0.04100000 0.03565394 0.11848933
v 0.04100000 0.03666067 0.11830448
v 0.04100000 0.03716214 0.11819267
v 0.04100000 0.03529719 0.11852447
v 0.04100000 0.03558479 0.11954724
v 0.04100000 0.03516017 0.12018801
v 0.04100000 0.03554539 0.12015007
v 0.04100000 0.03505553 0.12058650
v 0.04100000 0.03534944 0.12042940
v 0.04100000 0.03566835 0.12033267
v 0.04100000 0.03600000 0.12030000
v 0.04100000 0.03633165 0.12033267
v 0.04100000 0.03655511 0.12040045
v 0.04100000 0.03665056 0.12042940
v 0.04100000 0.03694447 0.12058650
v 0.04100000 0.03720208 0.12079792
v 0.03860000 0.03753073 0.11830448
v 0.03860000 0.03760000 0.11834151
v 0.04100000 0.03753073 0.11830448
v 0.04100000 0.03822228 0.11867412
v 0.04100000 0.03882843 0.11917157
v 0.04100000 0.03904409 0.11943436
v 0.04100000 0.04000000 0.12000000
v 0.04100000 0.03505553 0.12341350
v 0.04100000 0.03741350 0.12105553
v 0.04100000 0.03694447 0.12341350
v 0.04100000 0.03741350 0.12294447
v 0.04100000 0.03720208 0.12320208
v 0.04100000 0.03534944 0.12357060
v 0.04100000 0.03566835 0.12366733
v 0.04100000 0.03600000 0.12370000
v 0.04100000 0.03511197 0.12589048
v 0.04100000 0.03521964 0.12592314
v 0.04100000 0.03579423 0.12569552
v 0.04100000 0.03600000 0.12600000
v 0.04100000 0.03639149 0.12364918
v 0.04100000 0.03633165 0.12366733
v 0.04100000 0.03665056 0.12357060
v 0.04100000 0.03629610 0.12554328
v 0.04100000 0.03678036 0.12592314
v 0.04100000 0.03757060 0.12134944
v 0.04100000 0.03766733 0.12166835
v 0.04100000 0.03770000 0.12200000
v 0.04100000 0.03766733 0.12233165
v 0.04100000 0.03757060 0.12265056
v 0.04100000 0.03989048 0.12111197
v 0.04100000 0.03988471 0.12117054
v 0.04100000 0.03992314 0.12121964
v 0.04100000 0.04000000 0.12200000
v 0.04100000 0.03898882 0.12333342
v 0.04100000 0.03954328 0.12229610
v 0.04100000 0.03992314 0.12278036
v 0.04100000 0.03753073 0.12569552
v 0.04100000 0.03822228 0.12532588
v 0.04100000 0.03932588 0.12422228
v 0.04100000 0.03969552 0.12353073
v 0.04100000 0.03882843 0.12482843
f 1 3 2
f 4 5 6
f 2 8 7
f 5 7 9
f 8 10 9
f 7 8 9
f 1 7 4
f 1 2 7
f 4 7 5
f 11 13 12
f 3 14 15
f 1 11 14
f 1 14 3
f 12 16 14
f 15 16 17
f 14 16 15
f 11 12 14
f 4 18 11
f 6 19 18
f 4 6 18
f 13 18 20
f 11 18 13
f 19 21 20
f 18 19 20
f 1 4 11
f 2 3 28
f 2 28 30
f 3 32 28
f 2 30 8
f 8 30 29
f 8 29 10
f 10 29 31
f 3 15 32
f 15 33 32
f 15 17 33
f 17 34 33
f 5 44 6
f 5 46 44
f 6 44 48
f 5 9 46
f 9 45 46
f 9 10 45
f 10 47 45
f 6 48 19
f 19 48 49
f 19 49 21
f 21 49 50
f 10 31 47
f 31 60 47
f 60 133 134
f 60 132 133
f 12 13 65
f 12 65 67
f 13 69 65
f 12 67 16
f 16 67 66
f 16 66 17
f 17 66 68
f 13 20 69
f 20 70 69
f 20 21 70
f 21 71 70
f 17 68 34
f 34 68 81
f 21 50 71
f 50 86 71
f 60 167 141
f 60 139 132
f 60 140 139
f 60 141 140
f 60 134 107
f 60 107 109
f 60 109 108
f 60 108 117
f 60 117 118
f 60 118 123
f 81 259 265
f 81 269 259
f 81 265 263
f 81 263 267
f 81 267 261
f 81 271 269
f 81 275 271
f 81 273 275
f 81 261 277
f 81 281 273
f 81 283 281
f 28 333 30
f 28 32 337
f 29 30 335
f 29 334 31
f 32 33 337
f 33 34 339
f 31 376 60
f 60 426 167
f 34 81 339
f 81 277 397
f 277 278 397
f 44 46 750
f 44 750 48
f 45 751 46
f 45 47 751
f 48 755 49
f 49 755 50
f 47 60 766
f 50 814 86
f 60 123 766
f 81 1201 283
f 65 1253 67
f 65 69 1253
f 66 67 1254
f 66 1254 68
f 69 70 1258
f 70 71 1258
f 68 1267 81
f 71 86 1259
f 86 291 1270
f 86 289 291
f 86 285 292
f 86 292 289
f 86 286 285
f 86 879 286
f 60 376 437
f 60 437 426
f 30 333 335
f 28 337 333
f 29 335 334
f 31 334 336
f 33 338 337
f 33 339 338
f 31 336 376
f 81 397 339
f 278 315 397
f 376 438 437
f 376 439 438
f 376 443 439
f 333 350 349
f 333 349 335
f 333 337 350
f 335 349 352
f 334 335 352
f 334 352 354
f 334 354 336
f 337 359 350
f 337 338 359
f 338 361 359
f 338 339 361
f 349 350 351
f 349 353 352
f 352 355 354
f 352 353 355
f 353 357 355
f 349 351 353
f 351 356 353
f 353 356 357
f 356 358 357
f 350 359 360
f 350 360 351
f 351 360 363
f 359 361 362
f 359 362 360
f 360 362 364
f 360 364 363
f 363 364 365
f 351 363 356
f 356 363 372
f 356 372 358
f 358 372 373
f 363 365 372
f 365 374 372
f 372 374 373
f 373 374 375
f 336 354 381
f 336 381 376
f 376 444 443
f 376 445 444
f 354 382 381
f 354 355 382
f 355 383 382
f 355 357 383
f 357 384 383
f 357 358 384
f 358 394 384
f 358 373 394
f 373 395 394
f 373 375 395
f 375 396 395
f 339 402 361
f 339 397 402
f 361 402 403
f 361 403 362
f 362 403 404
f 362 404 364
f 364 404 405
f 364 405 365
f 365 405 415
f 365 415 374
f 374 415 416
f 374 416 375
f 375 416 417
f 375 417 396
f 396 417 422
f 376 552 445
f 376 553 552
f 376 554 553
f 376 562 554
f 376 563 562
f 376 568 563
f 315 316 397
f 316 577 397
f 397 577 579
f 397 579 581
f 397 581 583
f 397 583 585
f 397 585 587
f 397 587 589
f 397 589 591
f 397 591 593
f 397 593 595
f 397 595 597
f 376 1045 568
f 376 381 1094
f 381 382 1094
f 382 383 1096
f 383 384 1096
f 384 394 1107
f 394 395 1107
f 395 396 1108
f 396 422 1157
f 397 1456 402
f 402 1458 403
f 403 1461 404
f 404 1462 405
f 405 1471 415
f 415 1490 416
f 416 1492 417
f 417 1499 422
f 397 597 1523
f 422 1584 1157
f 46 752 750
f 48 750 754
f 46 751 752
f 47 753 751
f 48 754 755
f 50 755 756
f 47 766 753
f 123 599 766
f 50 756 814
f 86 814 879
f 599 601 766
f 601 602 766
f 602 607 766
f 607 608 766
f 608 609 766
f 609 664 766
f 750 771 772
f 750 752 771
f 750 772 754
f 752 774 771
f 751 774 752
f 751 775 774
f 751 753 775
f 754 772 781
f 754 781 755
f 755 781 783
f 755 783 756
f 664 665 766
f 665 666 766
f 753 766 798
f 753 798 775
f 771 773 772
f 771 774 776
f 774 775 777
f 774 777 776
f 776 777 779
f 771 776 773
f 773 776 778
f 776 779 778
f 778 779 780
f 772 782 781
f 772 773 782
f 773 791 782
f 781 784 783
f 781 782 784
f 782 792 784
f 782 791 792
f 773 778 791
f 791 793 792
f 778 794 791
f 778 780 794
f 780 795 794
f 791 794 793
f 793 794 796
f 794 795 796
f 795 797 796
f 775 798 799
f 775 799 777
f 777 799 800
f 777 800 779
f 779 800 801
f 779 801 780
f 780 801 811
f 780 811 795
f 795 811 812
f 795 812 797
f 797 812 813
f 756 783 819
f 756 819 814
f 783 820 819
f 783 784 820
f 784 821 820
f 784 792 821
f 792 831 821
f 792 793 831
f 793 832 831
f 793 796 832
f 796 833 832
f 796 797 833
f 797 834 833
f 797 813 834
f 813 839 834
f 666 671 766
f 671 672 766
f 672 673 766
f 839 864 858
f 839 858 868
f 839 862 864
f 839 866 862
f 839 860 866
f 839 868 870
f 839 870 874
f 839 874 872
f 839 877 860
f 839 878 877
f 839 872 914
f 839 914 916
f 766 1110 798
f 798 1110 799
f 799 1111 800
f 800 1112 801
f 801 1123 811
f 811 1124 812
f 812 1125 813
f 813 1125 839
f 673 845 1089
f 673 1089 766
f 839 919 878
f 814 880 879
f 814 881 880
f 814 885 881
f 814 886 885
f 814 887 886
f 814 888 887
f 814 889 888
f 814 890 889
f 814 891 890
f 814 899 891
f 814 900 899
f 814 905 901
f 814 901 900
f 814 1270 905
f 814 1207 1205
f 814 1206 1208
f 814 1208 1207
f 814 1616 1206
f 814 1617 1616
f 814 1618 1617
f 814 1619 1618
f 814 1620 1619
f 814 819 1698
f 819 820 1700
f 820 821 1701
f 821 831 1701
f 831 832 1708
f 832 833 1708
f 833 834 1709
f 834 839 1713
f 839 916 1713
f 376 1089 1045
f 376 1094 1089
f 382 1095 1094
f 382 1096 1095
f 384 1097 1096
f 384 1107 1097
f 395 1108 1107
f 396 1109 1108
f 396 1157 1109
f 839 1162 920
f 845 1072 1089
f 766 1089 1110
f 799 1110 1111
f 800 1111 1112
f 801 1112 1113
f 801 1113 1123
f 811 1123 1124
f 812 1124 1125
f 839 1125 1162
f 839 920 919
f 1045 1089 1047
f 1047 1089 1048
f 1048 1089 1054
f 1053 1054 1089
f 1053 1089 1055
f 976 1055 1089
f 970 971 1089
f 971 972 1089
f 972 978 1089
f 970 1089 1072
f 977 1089 978
f 976 1089 977
f 1089 1094 1110
f 1094 1126 1110
f 1094 1095 1126
f 1095 1127 1126
f 1095 1096 1127
f 1096 1130 1127
f 1096 1097 1130
f 1097 1131 1130
f 1097 1107 1131
f 1107 1142 1131
f 1107 1108 1142
f 1108 1144 1142
f 1108 1109 1144
f 1110 1126 1111
f 1111 1126 1128
f 1111 1128 1112
f 1112 1128 1133
f 1112 1133 1113
f 1113 1133 1134
f 1113 1134 1123
f 1123 1134 1146
f 1123 1146 1124
f 1124 1146 1148
f 1124 1148 1125
f 1126 1127 1128
f 1127 1129 1128
f 1127 1130 1129
f 1128 1129 1133
f 1129 1130 1132
f 1129 1135 1133
f 1129 1132 1135
f 1130 1131 1132
f 1133 1135 1134
f 1132 1150 1135
f 1131 1143 1132
f 1131 1142 1143
f 1132 1143 1150
f 1142 1145 1143
f 1142 1144 1145
f 1143 1151 1150
f 1143 1145 1151
f 1134 1135 1147
f 1135 1150 1147
f 1134 1147 1146
f 1147 1150 1152
f 1146 1147 1149
f 1146 1149 1148
f 1147 1152 1149
f 1150 1151 1152
f 1109 1172 1144
f 1109 1157 1172
f 1125 1148 1175
f 1125 1175 1162
f 1144 1172 1173
f 1144 1173 1145
f 1145 1173 1174
f 1145 1174 1151
f 1148 1177 1175
f 1148 1149 1177
f 1149 1176 1177
f 1149 1152 1176
f 1151 1174 1178
f 1152 1178 1176
f 1151 1178 1152
f 920 1162 1180
f 1162 1182 1180
f 1162 1184 1182
f 1162 1186 1184
f 1162 1188 1186
f 1162 1190 1188
f 1162 1192 1190
f 1162 1194 1192
f 1162 1196 1194
f 1162 1198 1196
f 1162 1200 1198
f 1157 1951 1172
f 1162 1847 1200
f 1172 1952 1173
f 1173 1957 1174
f 1175 1177 1970
f 1176 1969 1177
f 1174 1959 1178
f 1176 1178 1972
f 1162 1175 2027
f 81 1267 1203
f 81 1203 1201
f 67 1253 1255
f 69 1257 1253
f 67 1255 1254
f 68 1254 1256
f 69 1258 1257
f 71 1259 1258
f 68 1256 1267
f 86 1270 1259
f 1270 291 290
f 1270 290 293
f 1270 293 294
f 1270 294 295
f 1270 295 303
f 1270 303 304
f 1270 304 305
f 1270 305 306
f 1270 306 307
f 1270 307 308
f 1270 308 902
f 1270 902 903
f 1270 903 904
f 1270 904 905
f 814 1205 1270
f 1270 1205 1213
f 1270 1213 1214
f 1270 1214 1215
f 1270 1215 1216
f 1270 1216 1217
f 1270 1217 1218
f 1270 1218 1225
f 1270 1225 1226
f 1270 1226 1227
f 1270 1227 1228
f 1270 1228 1229
f 1270 1229 1638
f 1270 1638 1639
f 1270 1639 1641
f 1270 1641 1640
f 1270 1640 1643
f 1203 1267 1235
f 1235 1267 1237
f 1237 1267 1239
f 1239 1267 1241
f 1241 1267 1243
f 1243 1267 1245
f 1245 1267 1247
f 1247 1267 1249
f 1249 1267 1251
f 1251 1267 1297
f 1267 1298 1297
f 1267 1523 1298
f 402 1456 1458
f 403 1458 1461
f 404 1461 1462
f 405 1462 1471
f 415 1471 1490
f 416 1490 1492
f 417 1492 1497
f 417 1497 1499
f 397 1535 1456
f 597 1415 1523
f 422 1499 1584
f 397 1523 1535
f 1298 1523 1419
f 1415 1417 1523
f 1417 1425 1523
f 1423 1523 1425
f 1423 1427 1523
f 1429 1439 1523
f 1427 1429 1523
f 1420 1523 1437
f 1419 1523 1420
f 1433 1435 1523
f 1431 1437 1523
f 1431 1523 1435
f 1433 1523 1439
f 1499 1569 1584
f 1698 1626 1620
f 1698 1627 1626
f 1698 1628 1627
f 1698 1629 1628
f 1698 1630 1629
f 1698 1631 1630
f 1698 1642 1631
f 1698 1643 1642
f 814 1698 1620
f 819 1699 1698
f 819 1700 1699
f 820 1701 1700
f 831 1707 1701
f 831 1708 1707
f 833 1709 1708
f 834 1710 1709
f 834 1713 1710
f 916 1651 1713
f 1270 1643 1698
f 1651 1653 1713
f 1653 1655 1713
f 1655 1657 1713
f 1657 1659 1713
f 1659 1661 1713
f 1661 1663 1713
f 1663 1665 1713
f 1665 1667 1713
f 1667 1669 1713
f 1669 1671 1713
f 1671 1718 1713
f 1713 1718 1719
f 1713 1719 1852
f 1157 1584 1999
f 1162 1849 1847
f 1162 2027 1849
f 1172 1951 1952
f 1173 1952 1957
f 1174 1957 1959
f 1175 1966 1965
f 1175 1970 1966
f 1177 1969 1970
f 1178 1959 1972
f 1176 1972 1969
f 1157 2036 1951
f 1175 1965 2027
f 1157 1999 2036
f 1713 1852 2027
f 1849 2027 1857
f 1855 1857 2027
f 1855 2027 1859
f 1861 2027 1871
f 1859 2027 1861
f 1853 1869 2027
f 1852 1853 2027
f 1865 2027 1867
f 1863 2027 1869
f 1863 1867 2027
f 1865 1871 2027
f 1965 2050 2027
f 1258 1259 1356
f 1259 1270 1352
f 1270 1288 1287
f 1270 1286 1292
f 1270 1287 1286
f 1270 1292 1293
f 1270 1293 1294
f 1259 1351 1358
f 1259 1358 1356
f 1258 1357 1343
f 1258 1356 1357
f 1258 1343 1344
f 1258 1344 1345
f 1259 1352 1351
f 1270 1294 1352
f 1270 1276 1274
f 1270 1274 1288
f 1270 1275 1276
f 1270 1279 1275
f 1270 1280 1279
f 1270 1282 1280
f 1253 1523 1255
f 1254 1255 1523
f 1253 1257 1523
f 1257 1258 1523
f 1254 1523 1256
f 1256 1523 1267
f 1294 1353 1352
f 1294 1354 1353
f 1294 1355 1354
f 1294 1360 1355
f 1294 1365 1360
f 1294 1366 1365
f 1294 1367 1366
f 1294 1368 1367
f 1294 1371 1368
f 1294 1372 1371
f 1294 1369 1372
f 1258 1345 1523
f 1294 1296 1523
f 1294 1523 1369
f 1270 1673 1282
f 1523 1345 1346
f 1523 1346 1347
f 1523 1347 1359
f 1523 1359 1398
f 1523 1398 1399
f 1523 1399 1400
f 1523 1404 1405
f 1523 1405 1412
f 1523 1370 1369
f 1523 1412 1370
f 1523 1400 1401
f 1523 1401 1402
f 1523 1402 1403
f 1523 1403 1404
f 1296 1591 1523
f 1523 1591 1595
f 1537 1595 1596
f 1537 1596 1597
f 1523 1595 1535
f 1535 1595 1537
f 1537 1597 1540
f 1540 1601 1527
f 1540 1553 1542
f 1540 1542 1543
f 1540 1543 1544
f 1540 1544 1545
f 1540 1527 1553
f 1540 1545 1541
f 1541 1545 1546
f 1541 1546 1554
f 1550 1554 1555
f 1541 1554 1550
f 1550 1556 1560
f 1550 1555 1556
f 1560 1556 1558
f 1560 1558 1559
f 1560 1559 1563
f 1560 1563 1564
f 1560 1564 1562
f 1562 1564 1565
f 1562 1557 1581
f 1562 1565 1557
f 1601 1528 1527
f 1601 1530 1528
f 1601 1529 1530
f 1601 1531 1529
f 1540 1597 1601
f 1601 1532 1531
f 1601 1533 1532
f 1602 1534 1533
f 1602 1574 1534
f 1602 1576 1574
f 1601 1602 1533
f 1602 1603 1577
f 1602 1577 1576
f 1603 1578 1577
f 1603 1579 1578
f 1603 1583 1579
f 1603 1580 1583
f 1603 1581 1582
f 1603 1582 1580
f 1562 1603 1607
f 1562 1581 1603
f 1562 1607 1567
f 1567 1608 1569
f 1569 1608 1584
f 1567 1607 1608
f 1584 1608 1609
f 1584 1609 1612
f 1584 1612 1613
f 1584 1613 1615
f 1584 1615 1999
f 1270 1698 1673
f 1673 1698 1676
f 1676 1698 1677
f 1677 1698 1681
f 1681 1698 1682
f 1682 1699 1683
f 1682 1698 1699
f 1683 1699 1700
f 1687 1700 1701
f 1688 1701 1707
f 1683 1700 1687
f 1687 1701 1688
f 1688 1708 1689
f 1689 1709 1693
f 1688 1707 1708
f 1689 1708 1709
f 1693 1709 1710
f 1695 1710 1713
f 1693 1710 1694
f 1694 1710 1695
f 1695 1713 1715
f 1713 1781 1715
f 1713 1793 1791
f 1713 1795 1793
f 1713 1796 1795
f 1715 1779 1784
f 1715 1780 1779
f 1715 1771 1768
f 1715 1769 1771
f 1715 1770 1769
f 1715 1784 1770
f 1715 1781 1780
f 1713 1782 1781
f 1713 1783 1782
f 1713 1791 1783
f 1713 1797 1796
f 1713 1798 1797
f 1791 1785 1783
f 1791 1786 1785
f 1791 1787 1786
f 1791 1799 1787
f 1791 1800 1799
f 1791 1801 1800
f 1791 1802 1801
f 1793 1795 1840
f 1715 1768 1897
f 1713 2055 1798
f 1615 1885 1999
f 1897 1768 1772
f 1897 1772 1773
f 1897 1773 1774
f 1897 1774 1775
f 1897 1775 1827
f 1897 1827 1829
f 1897 1829 1830
f 1897 1830 1831
f 1897 1831 1832
f 1875 1832 1834
f 1875 1834 1833
f 1875 1788 1803
f 1875 1836 1788
f 1875 1833 1835
f 1875 1835 1836
f 1791 1875 1802
f 1875 1803 1802
f 1791 1792 1980
f 1792 1794 2016
f 1793 2016 1794
f 1793 1840 2006
f 1798 2055 1842
f 1840 1843 2023
f 1841 2024 1843
f 1841 1842 2025
f 1875 1897 1832
f 1791 1980 1875
f 1713 2027 2050
f 1713 2050 2051
f 1713 2051 2055
f 1792 2004 1980
f 1792 2016 2004
f 1793 2006 2016
f 1840 2007 2006
f 1840 2023 2007
f 1843 2024 2023
f 1841 2025 2024
f 1842 2026 2025
f 1885 1888 1999
f 1888 1889 1999
f 1889 1894 1999
f 1893 1999 1894
f 1881 1999 1895
f 1893 1895 1999
f 1842 2055 2026
f 1875 1999 1876
f 1876 1999 1877
f 1882 1883 1999
f 1877 1999 1883
f 1881 1882 1999
f 1875 1980 1984
f 1875 1984 1991
f 1875 1991 1992
f 1875 1992 1995
f 1875 1995 1999
f 1980 2008 1984
f 1984 2010 2012
f 1984 1985 1993
f 1984 1993 1994
f 1984 1994 1991
f 1984 2012 1985
f 1999 1995 1996
f 2000 1996 1997
f 2000 1997 1998
f 2000 1998 2028
f 2000 2028 2033
f 1999 1996 2000
f 1999 2000 2036
f 2005 2009 2008
f 1984 2008 2009
f 2004 2014 2005
f 2005 2014 2009
f 2004 2015 2014
f 2004 2016 2015
f 2009 2014 2011
f 2010 2011 2013
f 2011 2014 2013
f 2010 2013 2012
f 2006 2017 2016
f 2000 2033 2034
f 2038 2034 2035
f 2043 2035 2041
f 2000 2034 2038
f 2038 2035 2043
f 2043 2041 2040
f 2026 2055 2054
f 22 39 41
f 23 56 55
f 24 37 39
f 24 55 52
f 24 52 37
f 22 23 24
f 22 24 39
f 23 55 24
f 25 74 77
f 26 41 42
f 22 26 25
f 22 41 26
f 26 73 74
f 26 42 73
f 25 26 74
f 23 25 27
f 27 58 56
f 23 27 56
f 27 77 78
f 25 77 27
f 27 78 58
f 22 25 23
f 35 41 39
f 36 39 37
f 37 64 38
f 36 37 38
f 35 39 36
f 40 42 41
f 35 40 41
f 42 43 85
f 40 43 42
f 51 55 56
f 52 55 53
f 52 54 64
f 52 53 54
f 51 53 55
f 56 58 57
f 51 56 57
f 58 90 59
f 57 58 59
f 61 64 62
f 61 62 63
f 37 52 64
f 38 64 61
f 54 62 64
f 72 77 74
f 73 75 74
f 73 85 76
f 73 76 75
f 72 74 75
f 77 79 78
f 78 80 90
f 72 79 77
f 78 79 80
f 82 83 85
f 82 84 83
f 42 85 73
f 43 82 85
f 76 85 83
f 87 90 88
f 87 88 89
f 58 78 90
f 59 90 87
f 80 88 90
f 84 266 260
f 84 260 270
f 84 264 266
f 84 268 264
f 84 262 268
f 84 270 272
f 84 272 276
f 84 276 274
f 84 279 262
f 84 280 279
f 84 274 282
f 35 36 340
f 36 38 341
f 38 61 342
f 40 345 43
f 35 345 40
f 61 63 378
f 82 398 84
f 43 398 82
f 84 317 280
f 51 757 53
f 51 57 757
f 53 759 54
f 54 759 62
f 57 59 764
f 59 87 764
f 62 768 63
f 87 89 816
f 89 299 816
f 72 75 1260
f 72 1260 79
f 75 76 1262
f 76 83 1262
f 79 1263 80
f 80 1264 88
f 83 84 1266
f 88 1268 89
f 84 282 1266
f 89 1269 311
f 89 298 296
f 89 297 298
f 89 300 297
f 89 296 299
f 89 301 300
f 89 302 301
f 89 309 302
f 89 310 309
f 89 311 310
f 84 399 318
f 35 340 345
f 38 342 341
f 36 341 340
f 43 345 347
f 43 347 398
f 61 378 377
f 61 377 342
f 84 398 399
f 84 318 317
f 340 344 346
f 341 343 344
f 341 342 343
f 342 380 343
f 340 341 344
f 345 346 348
f 340 346 345
f 345 348 347
f 347 348 401
f 344 366 346
f 343 367 344
f 343 385 367
f 367 385 388
f 344 367 366
f 366 367 368
f 367 388 368
f 368 388 390
f 346 369 348
f 346 366 369
f 366 370 369
f 348 369 406
f 369 407 406
f 369 370 407
f 370 411 407
f 366 368 370
f 368 371 370
f 368 390 371
f 371 390 392
f 370 371 411
f 371 412 411
f 371 392 412
f 377 379 380
f 377 378 379
f 342 377 380
f 343 380 385
f 379 386 380
f 380 386 385
f 385 387 388
f 385 386 387
f 387 389 388
f 388 389 390
f 390 391 392
f 389 391 390
f 392 393 418
f 391 393 392
f 398 401 400
f 398 400 399
f 347 401 398
f 348 406 401
f 400 401 408
f 401 406 408
f 406 407 409
f 406 409 408
f 407 410 409
f 407 411 410
f 411 412 413
f 412 418 414
f 410 411 413
f 412 414 413
f 392 418 412
f 393 419 418
f 414 418 420
f 418 419 420
f 419 421 420
f 318 399 578
f 399 580 578
f 399 582 580
f 399 584 582
f 399 586 584
f 399 588 586
f 399 590 588
f 399 592 590
f 399 594 592
f 399 596 594
f 399 598 596
f 378 1091 379
f 379 1098 386
f 386 1099 387
f 387 1099 389
f 389 1103 391
f 391 1105 393
f 393 1105 419
f 419 1154 421
f 399 1416 598
f 399 400 1444
f 400 408 1474
f 408 409 1475
f 409 410 1476
f 410 413 1482
f 413 414 1483
f 414 420 1514
f 420 421 1515
f 53 758 759
f 53 757 758
f 57 764 762
f 57 762 757
f 62 767 768
f 62 759 767
f 87 816 815
f 87 815 764
f 757 763 761
f 758 760 759
f 758 761 760
f 759 760 770
f 757 761 758
f 757 762 763
f 762 765 763
f 762 764 765
f 764 818 765
f 767 769 768
f 767 770 769
f 759 770 767
f 760 802 770
f 769 770 803
f 761 763 785
f 760 761 786
f 760 786 802
f 786 805 802
f 761 785 786
f 785 787 786
f 786 787 805
f 787 807 805
f 763 765 788
f 763 788 785
f 785 788 789
f 765 822 788
f 788 822 823
f 788 823 789
f 785 789 787
f 789 823 827
f 787 789 790
f 787 790 807
f 790 809 807
f 789 827 790
f 790 827 828
f 790 828 809
f 770 802 803
f 802 804 803
f 802 805 804
f 804 805 806
f 805 807 806
f 806 807 808
f 807 809 808
f 809 835 810
f 808 809 810
f 815 817 818
f 815 816 817
f 764 815 818
f 765 818 822
f 817 824 818
f 818 824 822
f 822 825 823
f 822 824 825
f 823 825 826
f 823 826 827
f 827 829 828
f 828 830 835
f 826 829 827
f 828 829 830
f 809 828 835
f 810 835 836
f 830 837 835
f 835 837 836
f 836 837 838
f 838 857 863
f 838 867 857
f 838 863 861
f 838 861 865
f 838 865 859
f 838 869 867
f 838 873 869
f 838 871 873
f 838 859 875
f 838 913 871
f 838 915 913
f 768 769 1092
f 769 803 1092
f 803 804 1114
f 804 806 1116
f 806 808 1120
f 808 810 1121
f 810 836 1121
f 836 838 1159
f 838 875 1160
f 875 876 1160
f 816 299 287
f 816 287 288
f 816 288 882
f 816 882 883
f 816 883 884
f 816 884 892
f 816 892 893
f 816 893 894
f 816 894 895
f 816 895 896
f 816 896 897
f 816 897 898
f 816 898 906
f 816 906 907
f 816 908 912
f 816 907 908
f 816 912 1269
f 816 1209 1211
f 816 1212 1210
f 816 1211 1212
f 816 1210 1621
f 816 1621 1622
f 816 1622 1623
f 816 1623 1624
f 816 1624 1625
f 816 1625 1632
f 816 1632 1633
f 816 1633 1634
f 816 1634 1635
f 816 1635 1636
f 816 1636 1637
f 816 1637 1648
f 816 1696 817
f 817 1697 824
f 824 1703 825
f 825 1703 826
f 826 1705 829
f 829 1705 830
f 830 1706 837
f 837 1712 838
f 838 1650 915
f 378 1090 1091
f 379 1091 1098
f 386 1098 1099
f 389 1099 1102
f 389 1102 1103
f 391 1103 1105
f 419 1105 1154
f 421 1154 1155
f 768 1092 1090
f 803 1114 1092
f 804 1116 1114
f 806 1118 1116
f 806 1120 1118
f 808 1121 1120
f 836 1159 1121
f 838 1160 1159
f 876 917 1160
f 1090 1092 1091
f 1091 1092 1093
f 1091 1093 1098
f 1092 1114 1093
f 1093 1115 1100
f 1098 1100 1099
f 1093 1100 1098
f 1099 1100 1101
f 1099 1101 1102
f 1101 1104 1102
f 1102 1104 1103
f 1103 1104 1106
f 1103 1106 1105
f 1105 1106 1153
f 1114 1116 1115
f 1093 1114 1115
f 1115 1116 1117
f 1116 1118 1117
f 1117 1118 1119
f 1118 1120 1119
f 1119 1120 1122
f 1120 1121 1122
f 1121 1158 1122
f 1100 1115 1136
f 1100 1136 1101
f 1115 1117 1136
f 1101 1136 1137
f 1117 1138 1136
f 1136 1138 1137
f 1101 1137 1104
f 1117 1119 1138
f 1137 1138 1141
f 1104 1137 1139
f 1104 1139 1106
f 1137 1141 1139
f 1106 1139 1163
f 1139 1141 1164
f 1139 1164 1163
f 1119 1140 1138
f 1138 1140 1141
f 1119 1122 1140
f 1140 1167 1141
f 1122 1168 1140
f 1140 1168 1167
f 1141 1167 1164
f 1105 1153 1154
f 1106 1163 1153
f 1153 1165 1156
f 1153 1156 1154
f 1154 1156 1155
f 1121 1159 1158
f 1122 1158 1168
f 1158 1161 1169
f 1158 1159 1161
f 1159 1160 1161
f 1153 1163 1165
f 1163 1164 1166
f 1163 1166 1165
f 1164 1171 1166
f 1158 1169 1168
f 1167 1168 1170
f 1167 1170 1171
f 1168 1169 1170
f 1164 1167 1171
f 917 918 1160
f 918 1179 1160
f 1160 1179 1181
f 1160 1181 1183
f 1160 1183 1185
f 1160 1185 1187
f 1160 1187 1189
f 1160 1189 1191
f 1160 1191 1193
f 1160 1193 1195
f 1160 1195 1197
f 421 1155 1908
f 1155 1156 1918
f 1161 1933 1169
f 1160 1932 1161
f 1156 1165 1934
f 1165 1166 1935
f 1166 1171 1936
f 1169 1941 1170
f 1170 1944 1171
f 1197 1199 1931
f 1160 1197 1932
f 282 284 1266
f 75 1262 1261
f 75 1261 1260
f 79 1260 1263
f 80 1263 1264
f 83 1266 1265
f 83 1265 1262
f 89 1268 1269
f 88 1264 1268
f 284 1202 1266
f 1269 312 311
f 1269 313 312
f 1269 314 313
f 1269 909 314
f 1269 910 909
f 1269 912 911
f 1269 911 910
f 816 1269 1209
f 1269 1219 1209
f 1269 1220 1219
f 1269 1221 1220
f 1269 1222 1221
f 1269 1223 1222
f 1269 1224 1223
f 1269 1230 1224
f 1269 1231 1230
f 1269 1232 1231
f 1269 1233 1232
f 1269 1234 1233
f 1269 1644 1234
f 1202 1204 1266
f 1204 1236 1266
f 1236 1238 1266
f 1238 1240 1266
f 1240 1242 1266
f 1242 1244 1266
f 1244 1246 1266
f 1246 1248 1266
f 1248 1250 1266
f 1250 1252 1266
f 1252 1299 1266
f 1266 1299 1300
f 1266 1300 1302
f 1266 1302 1342
f 1300 1304 1302
f 1300 1309 1304
f 1302 1304 1306
f 1377 1310 1309
f 399 1418 1416
f 399 1443 1418
f 399 1444 1443
f 400 1474 1477
f 400 1477 1444
f 408 1475 1474
f 409 1476 1475
f 410 1482 1476
f 413 1483 1482
f 414 1484 1483
f 414 1485 1484
f 414 1514 1485
f 420 1515 1514
f 421 1520 1515
f 421 1908 1520
f 1300 1441 1309
f 1300 1421 1441
f 1377 1309 1441
f 1377 1441 1396
f 1396 1441 1521
f 1418 1441 1426
f 1424 1426 1441
f 1432 1441 1438
f 1421 1422 1441
f 1422 1438 1441
f 1434 1440 1441
f 1424 1441 1428
f 1428 1441 1430
f 1430 1441 1440
f 1432 1436 1441
f 1434 1441 1436
f 1418 1443 1441
f 1514 1486 1485
f 1520 1908 1589
f 1696 1649 1646
f 1696 1645 1644
f 1696 1647 1645
f 1696 1646 1647
f 1696 1648 1649
f 816 1648 1696
f 838 1712 1652
f 838 1652 1650
f 817 1696 1697
f 824 1697 1702
f 824 1702 1703
f 826 1703 1704
f 826 1704 1705
f 830 1705 1706
f 837 1706 1711
f 837 1711 1712
f 1269 1696 1644
f 1652 1712 1654
f 1654 1712 1656
f 1656 1712 1658
f 1658 1712 1660
f 1660 1712 1662
f 1662 1712 1664
f 1664 1712 1666
f 1666 1712 1668
f 1668 1712 1670
f 1670 1712 1716
f 1712 1717 1716
f 1712 1750 1717
f 1712 1790 1750
f 1717 1750 1751
f 1717 1751 1757
f 1750 1754 1751
f 1822 1757 1759
f 1156 1934 1937
f 1156 1937 1918
f 1155 1917 1908
f 1155 1918 1917
f 1161 1932 1933
f 1165 1935 1934
f 1166 1936 1935
f 1170 1941 1944
f 1169 1939 1940
f 1169 1940 1941
f 1171 1944 1936
f 1169 1933 1939
f 1199 1846 1931
f 1197 1931 1932
f 1589 1908 1990
f 1717 1757 2022
f 1822 2022 1757
f 1822 1845 2022
f 1717 2022 1850
f 1846 1848 2022
f 1848 1856 2022
f 1854 1858 2022
f 1854 2022 1856
f 1864 2022 1870
f 1858 1860 2022
f 1860 1870 2022
f 1846 2022 1931
f 1850 2022 1851
f 1851 2022 1868
f 1862 1868 2022
f 1862 2022 1866
f 1864 1866 2022
f 1933 1942 1939
f 63 91 92
f 63 106 105
f 63 135 91
f 63 105 135
f 63 93 94
f 63 92 93
f 63 94 95
f 63 95 96
f 63 110 106
f 63 113 110
f 63 115 113
f 63 112 115
f 63 119 112
f 63 121 119
f 63 124 121
f 63 96 427
f 96 97 427
f 97 169 427
f 63 768 124
f 63 427 319
f 63 319 320
f 63 320 378
f 321 322 378
f 320 321 378
f 322 323 378
f 323 324 378
f 324 325 378
f 325 447 378
f 378 447 550
f 378 550 551
f 378 551 555
f 378 555 558
f 378 558 559
f 378 559 561
f 378 561 565
f 378 565 567
f 378 567 569
f 378 569 1046
f 124 768 600
f 600 768 603
f 603 768 605
f 605 768 610
f 610 768 612
f 612 768 613
f 613 768 616
f 616 768 617
f 617 768 618
f 618 768 669
f 669 768 840
f 768 841 840
f 768 842 841
f 768 843 842
f 768 847 844
f 768 844 843
f 768 1090 847
f 847 1090 848
f 848 1090 849
f 378 1046 1090
f 849 1074 1073
f 849 1076 1074
f 849 1090 1076
f 1046 1050 1090
f 1050 1052 1090
f 1052 1060 1090
f 1057 1090 1060
f 1057 1059 1090
f 1059 1062 1090
f 1062 1063 1090
f 1076 1090 1077
f 1077 1090 1078
f 1079 1090 1080
f 1078 1090 1079
f 982 1090 1064
f 982 1081 1090
f 1063 1064 1090
f 1080 1090 1081
f 1268 1350 1269
f 1269 1284 1285
f 1269 1283 1284
f 1269 1289 1283
f 1269 1290 1289
f 1265 1266 1342
f 1260 1261 1341
f 1260 1348 1263
f 1261 1262 1341
f 1262 1265 1341
f 1263 1348 1264
f 1264 1349 1268
f 1265 1342 1341
f 1260 1341 1348
f 1264 1348 1349
f 1268 1349 1350
f 1269 1350 1291
f 1269 1291 1290
f 1269 1285 1271
f 1269 1271 1273
f 1269 1273 1272
f 1269 1272 1277
f 1269 1277 1278
f 1269 1278 1281
f 1291 1350 1361
f 1291 1361 1362
f 1291 1362 1363
f 1291 1363 1364
f 1291 1364 1373
f 1291 1373 1374
f 1291 1374 1375
f 1291 1375 1376
f 1291 1522 1295
f 1291 1376 1522
f 1269 1281 1672
f 1396 1521 1397
f 1397 1521 1406
f 1406 1521 1407
f 1407 1521 1408
f 1408 1522 1413
f 1409 1413 1522
f 1376 1414 1522
f 1410 1522 1414
f 1409 1522 1411
f 1410 1411 1522
f 1408 1521 1522
f 1295 1522 1590
f 1522 1524 1590
f 1524 1525 1592
f 1524 1592 1590
f 1525 1593 1592
f 1526 1594 1593
f 1570 1598 1594
f 1571 1599 1598
f 1525 1526 1593
f 1526 1570 1594
f 1570 1571 1598
f 1571 1572 1599
f 1572 1573 1599
f 1573 1575 1600
f 1575 1585 1604
f 1585 1586 1605
f 1573 1600 1599
f 1575 1604 1600
f 1585 1605 1604
f 1586 1606 1605
f 1586 1610 1606
f 1586 1611 1610
f 1586 1614 1611
f 1587 1588 1990
f 1586 1587 1990
f 1588 1589 1990
f 1586 1990 1614
f 1269 1672 1696
f 1672 1674 1696
f 1674 1675 1696
f 1675 1678 1696
f 1678 1679 1696
f 1679 1680 1696
f 1680 1684 1696
f 1684 1697 1696
f 1684 1685 1702
f 1685 1686 1703
f 1686 1690 1705
f 1684 1702 1697
f 1685 1703 1702
f 1686 1704 1703
f 1686 1705 1704
f 1690 1706 1705
f 1690 1711 1706
f 1691 1712 1711
f 1690 1691 1711
f 1691 1692 1712
f 1692 1714 1712
f 1712 1714 1767
f 1712 1767 1776
f 1712 1776 1777
f 1712 1777 1778
f 1712 1778 1789
f 1712 1789 1790
f 1714 1760 1765
f 1714 1765 1764
f 1714 1764 1766
f 1714 1761 1760
f 1714 1762 1761
f 1714 1763 1762
f 1714 1766 1767
f 1714 1896 1763
f 1614 1989 1884
f 1614 1990 1989
f 1763 1896 1823
f 1823 1896 1824
f 1824 1896 1825
f 1825 1896 1826
f 1826 1896 1828
f 1828 1872 1837
f 1837 1872 1838
f 1838 1872 1839
f 1839 2002 1844
f 1844 2003 1845
f 1828 1896 1872
f 1839 1872 1983
f 1839 1983 1979
f 1839 1979 2001
f 1839 2001 2002
f 1844 2002 2003
f 1845 2003 2021
f 1845 2021 2022
f 1884 1988 1886
f 1886 1988 1887
f 1887 1988 1891
f 1890 1987 1892
f 1878 1986 1879
f 1879 1978 1880
f 1878 1892 1986
f 1890 1891 1988
f 1884 1989 1988
f 1872 1873 1982
f 1873 1874 1978
f 1874 1880 1978
f 1872 1981 1983
f 1872 1982 1981
f 1873 1978 1982
f 1879 1986 1978
f 1892 1987 1986
f 1890 1988 1987
f 261 262 277
f 261 268 262
f 263 264 267
f 263 266 264
f 259 260 265
f 263 265 266
f 260 266 265
f 261 267 268
f 264 268 267
f 259 269 270
f 259 270 260
f 269 271 272
f 271 276 272
f 269 272 270
f 273 274 275
f 273 282 274
f 271 275 276
f 274 276 275
f 277 279 278
f 262 279 277
f 278 279 280
f 278 280 315
f 273 281 282
f 281 284 282
f 281 283 284
f 283 1202 284
f 280 317 315
f 315 317 316
f 316 318 577
f 316 317 318
f 577 578 579
f 318 578 577
f 579 580 581
f 578 580 579
f 581 582 583
f 580 582 581
f 583 584 585
f 582 584 583
f 584 586 585
f 585 586 587
f 586 588 587
f 587 588 589
f 589 590 591
f 588 590 589
f 591 592 593
f 590 592 591
f 593 594 595
f 592 594 593
f 595 596 597
f 594 596 595
f 596 598 597
f 597 598 1415
f 283 1201 1202
f 1201 1204 1202
f 1201 1203 1204
f 1203 1236 1204
f 1203 1235 1236
f 1235 1238 1236
f 1235 1237 1238
f 1237 1240 1238
f 1237 1239 1240
f 1239 1241 1242
f 1239 1242 1240
f 1241 1243 1244
f 1241 1244 1242
f 1243 1245 1246
f 1243 1246 1244
f 1245 1248 1246
f 1245 1247 1248
f 1247 1250 1248
f 1247 1249 1250
f 1249 1252 1250
f 1249 1251 1252
f 1251 1299 1252
f 1251 1297 1299
f 1297 1298 1300
f 1297 1300 1299
f 1298 1421 1300
f 598 1416 1415
f 1415 1416 1417
f 1417 1418 1425
f 1416 1418 1417
f 1298 1419 1421
f 1419 1420 1422
f 1419 1422 1421
f 1420 1438 1422
f 1423 1424 1427
f 1423 1426 1424
f 1423 1425 1426
f 1418 1426 1425
f 1427 1428 1429
f 1428 1430 1429
f 1424 1428 1427
f 1429 1430 1439
f 1430 1440 1439
f 1431 1432 1437
f 1431 1436 1432
f 1433 1434 1435
f 1433 1439 1440
f 1433 1440 1434
f 1431 1435 1436
f 1434 1436 1435
f 1420 1437 1438
f 1432 1438 1437
f 859 860 875
f 859 866 860
f 861 862 865
f 861 864 862
f 857 858 863
f 861 863 864
f 858 864 863
f 859 865 866
f 862 866 865
f 857 867 868
f 857 868 858
f 867 869 870
f 869 874 870
f 867 870 868
f 871 872 873
f 871 914 872
f 869 873 874
f 872 874 873
f 875 877 876
f 860 877 875
f 876 877 878
f 876 878 917
f 871 913 914
f 913 916 914
f 913 915 916
f 915 1651 916
f 878 919 917
f 917 919 918
f 918 920 1179
f 918 919 920
f 1179 1180 1181
f 920 1180 1179
f 1181 1182 1183
f 1180 1182 1181
f 1183 1184 1185
f 1182 1184 1183
f 1185 1186 1187
f 1184 1186 1185
f 1186 1188 1187
f 1187 1188 1189
f 1188 1190 1189
f 1189 1190 1191
f 1191 1192 1193
f 1190 1192 1191
f 1193 1194 1195
f 1192 1194 1193
f 1195 1196 1197
f 1194 1196 1195
f 1197 1198 1199
f 1196 1198 1197
f 1198 1200 1199
f 1199 1200 1846
f 915 1650 1651
f 1650 1653 1651
f 1650 1652 1653
f 1652 1655 1653
f 1652 1654 1655
f 1654 1657 1655
f 1654 1656 1657
f 1656 1659 1657
f 1656 1658 1659
f 1658 1660 1661
f 1658 1661 1659
f 1660 1662 1663
f 1660 1663 1661
f 1662 1664 1665
f 1662 1665 1663
f 1664 1667 1665
f 1664 1666 1667
f 1666 1669 1667
f 1666 1668 1669
f 1668 1671 1669
f 1668 1670 1671
f 1670 1718 1671
f 1670 1716 1718
f 1716 1717 1719
f 1716 1719 1718
f 1717 1852 1719
f 1200 1847 1846
f 1846 1847 1848
f 1848 1849 1856
f 1847 1849 1848
f 1717 1850 1852
f 1850 1851 1853
f 1850 1853 1852
f 1851 1869 1853
f 1854 1855 1858
f 1854 1857 1855
f 1854 1856 1857
f 1849 1857 1856
f 1858 1859 1860
f 1859 1861 1860
f 1855 1859 1858
f 1860 1861 1870
f 1861 1871 1870
f 1862 1863 1868
f 1862 1867 1863
f 1864 1865 1866
f 1864 1870 1871
f 1864 1871 1865
f 1862 1866 1867
f 1865 1867 1866
f 1851 1868 1869
f 1863 1869 1868
f 1271 1274 1273
f 1272 1273 1276
f 1271 1288 1274
f 1273 1274 1276
f 1272 1276 1275
f 1272 1275 1277
f 1277 1279 1278
f 1278 1280 1281
f 1275 1279 1277
f 1278 1279 1280
f 1280 1282 1281
f 1284 1287 1285
f 1283 1286 1284
f 1283 1292 1286
f 1285 1287 1288
f 1284 1286 1287
f 1289 1290 1293
f 1283 1289 1292
f 1290 1291 1294
f 1289 1293 1292
f 1290 1294 1293
f 1271 1285 1288
f 1291 1295 1296
f 1291 1296 1294
f 1295 1591 1296
f 1281 1282 1672
f 1295 1590 1591
f 1590 1592 1595
f 1590 1595 1591
f 1592 1593 1596
f 1593 1594 1597
f 1592 1596 1595
f 1593 1597 1596
f 1594 1601 1597
f 1594 1598 1601
f 1598 1599 1602
f 1599 1600 1603
f 1598 1602 1601
f 1599 1603 1602
f 1600 1607 1603
f 1600 1604 1607
f 1604 1605 1608
f 1605 1606 1609
f 1604 1608 1607
f 1605 1609 1608
f 1606 1610 1612
f 1610 1611 1613
f 1606 1612 1609
f 1610 1613 1612
f 1611 1615 1613
f 1611 1614 1615
f 1614 1885 1615
f 1282 1673 1672
f 1672 1673 1674
f 1674 1676 1675
f 1675 1677 1678
f 1673 1676 1674
f 1675 1676 1677
f 1677 1681 1678
f 1678 1681 1679
f 1679 1682 1680
f 1680 1683 1684
f 1679 1681 1682
f 1680 1682 1683
f 1683 1687 1684
f 1684 1687 1685
f 1685 1688 1686
f 1686 1689 1690
f 1685 1687 1688
f 1686 1688 1689
f 1690 1693 1691
f 1691 1694 1692
f 1689 1693 1690
f 1691 1693 1694
f 1692 1694 1695
f 1692 1695 1714
f 1695 1715 1714
f 1714 1715 1896
f 1614 1884 1885
f 1715 1897 1896
f 1872 1896 1897
f 1872 1897 1875
f 1878 1881 1892
f 1872 1875 1873
f 1874 1877 1880
f 1873 1876 1874
f 1873 1875 1876
f 1874 1876 1877
f 1879 1880 1883
f 1878 1879 1882
f 1879 1883 1882
f 1878 1882 1881
f 1877 1883 1880
f 1884 1888 1885
f 1884 1886 1888
f 1886 1887 1889
f 1887 1891 1894
f 1886 1889 1888
f 1887 1894 1889
f 1890 1893 1891
f 1890 1892 1895
f 1891 1893 1894
f 1890 1895 1893
f 1881 1895 1892
f 107 111 109
f 108 109 114
f 107 138 111
f 109 111 114
f 108 115 112
f 108 114 115
f 108 112 117
f 117 119 118
f 118 121 123
f 112 119 117
f 118 119 121
f 121 124 123
f 133 137 134
f 132 136 133
f 132 142 136
f 134 137 138
f 133 136 137
f 139 140 143
f 132 139 142
f 140 141 144
f 139 143 142
f 140 144 143
f 107 134 138
f 141 167 168
f 141 168 144
f 167 169 168
f 167 427 169
f 123 124 599
f 167 426 428
f 167 428 427
f 426 437 440
f 426 440 428
f 437 438 441
f 438 439 442
f 437 441 440
f 438 442 441
f 439 446 442
f 439 443 446
f 443 444 448
f 444 445 449
f 443 448 446
f 444 449 448
f 445 556 449
f 445 552 556
f 552 553 557
f 553 554 561
f 552 557 556
f 553 559 557
f 553 561 559
f 554 562 565
f 562 563 567
f 554 565 561
f 562 567 565
f 563 569 567
f 563 568 569
f 568 1046 569
f 124 600 599
f 599 600 601
f 601 603 602
f 602 605 607
f 600 603 601
f 602 603 605
f 605 610 607
f 607 610 608
f 608 614 609
f 609 615 664
f 608 610 612
f 608 612 614
f 609 614 615
f 615 667 664
f 664 667 665
f 665 668 666
f 666 670 671
f 665 667 668
f 666 668 670
f 671 674 672
f 672 675 673
f 670 674 671
f 672 674 675
f 673 675 676
f 673 676 845
f 676 846 845
f 845 846 1072
f 846 849 1072
f 568 1045 1046
f 849 1073 1072
f 970 1072 1075
f 970 1075 973
f 976 979 1055
f 970 973 971
f 972 975 978
f 971 974 972
f 971 973 974
f 972 974 975
f 977 978 981
f 976 977 980
f 977 981 980
f 976 980 979
f 975 981 978
f 1045 1050 1046
f 1045 1047 1050
f 1047 1048 1052
f 1048 1054 1060
f 1047 1052 1050
f 1048 1060 1052
f 1053 1058 1054
f 1053 1055 1061
f 1054 1058 1057
f 1054 1057 1060
f 1053 1061 1058
f 979 1061 1055
f 1072 1073 1075
f 91 99 92
f 92 100 93
f 93 101 94
f 94 102 95
f 95 103 96
f 96 104 97
f 92 99 100
f 91 98 99
f 93 100 101
f 94 101 102
f 100 231 101
f 101 231 102
f 95 102 103
f 96 103 104
f 111 116 114
f 114 116 115
f 111 138 120
f 111 120 116
f 105 106 125
f 106 110 126
f 110 113 127
f 113 115 128
f 115 116 128
f 120 138 122
f 116 120 129
f 120 122 130
f 106 126 125
f 110 127 126
f 113 128 127
f 116 129 128
f 125 126 130
f 126 127 129
f 127 128 129
f 126 129 130
f 125 130 131
f 120 130 129
f 122 131 130
f 143 144 152
f 142 143 149
f 142 147 148
f 142 149 147
f 143 151 146
f 143 145 149
f 143 146 145
f 143 150 151
f 143 152 150
f 144 153 152
f 144 154 153
f 144 155 154
f 122 138 137
f 136 186 137
f 136 142 187
f 142 148 158
f 142 158 188
f 91 135 98
f 105 221 135
f 144 168 155
f 155 168 156
f 156 168 173
f 168 174 173
f 168 175 174
f 168 169 194
f 169 170 195
f 168 191 175
f 170 171 196
f 171 172 193
f 172 178 192
f 172 192 193
f 178 179 180
f 178 180 192
f 97 232 169
f 169 232 170
f 170 233 171
f 171 234 172
f 172 236 178
f 178 237 179
f 179 238 180
f 122 137 186
f 136 187 186
f 142 188 187
f 157 188 158
f 157 159 188
f 159 160 188
f 160 161 188
f 161 162 188
f 162 163 188
f 163 181 188
f 164 191 166
f 181 182 189
f 182 183 189
f 183 184 190
f 184 185 190
f 165 166 191
f 165 191 185
f 181 189 188
f 183 190 189
f 185 191 190
f 122 186 131
f 186 187 246
f 187 188 247
f 188 189 248
f 189 190 249
f 190 191 250
f 175 191 176
f 176 191 177
f 164 177 191
f 168 194 191
f 169 195 194
f 170 196 195
f 171 193 196
f 180 254 192
f 192 255 193
f 193 258 196
f 194 195 256
f 195 196 257
f 191 194 251
f 98 135 221
f 105 125 221
f 98 222 99
f 98 223 222
f 99 222 100
f 100 222 231
f 125 131 221
f 98 221 246
f 131 246 221
f 98 247 223
f 97 104 232
f 170 232 233
f 171 233 234
f 172 234 236
f 178 236 237
f 179 237 238
f 102 231 103
f 103 235 104
f 103 231 235
f 104 257 232
f 104 235 257
f 232 258 233
f 233 255 234
f 234 254 236
f 234 255 254
f 236 238 237
f 236 254 238
f 131 186 246
f 187 247 246
f 188 248 247
f 189 249 248
f 190 250 249
f 191 251 250
f 98 246 247
f 223 248 245
f 223 247 248
f 245 251 253
f 245 248 249
f 245 249 250
f 245 250 251
f 192 254 255
f 180 238 254
f 193 255 258
f 194 256 251
f 196 258 257
f 195 257 256
f 235 253 257
f 232 257 258
f 233 258 255
f 251 256 253
f 253 256 257
f 604 627 615
f 604 614 606
f 604 606 619
f 606 611 620
f 606 614 611
f 604 615 614
f 611 614 612
f 611 612 621
f 612 613 621
f 613 616 622
f 616 617 623
f 617 618 624
f 606 620 619
f 611 621 620
f 613 622 621
f 616 623 622
f 617 624 623
f 618 625 624
f 620 621 623
f 619 620 624
f 621 622 623
f 620 623 624
f 619 624 625
f 629 630 645
f 630 631 634
f 626 667 627
f 626 628 668
f 628 629 670
f 629 645 644
f 630 632 645
f 630 633 632
f 630 634 633
f 631 635 634
f 631 636 635
f 631 649 636
f 631 650 649
f 629 644 642
f 629 642 643
f 629 643 646
f 629 646 647
f 626 627 694
f 626 696 628
f 628 697 629
f 629 698 630
f 630 699 631
f 604 695 627
f 631 637 650
f 637 651 650
f 637 677 651
f 637 678 677
f 637 679 678
f 637 638 676
f 638 639 846
f 631 702 637
f 637 703 638
f 638 704 639
f 639 706 640
f 640 707 641
f 641 743 682
f 615 627 667
f 626 668 667
f 628 670 668
f 629 647 670
f 647 648 670
f 648 652 670
f 652 653 670
f 653 654 674
f 654 655 674
f 655 656 674
f 656 659 674
f 659 661 674
f 653 674 670
f 660 675 661
f 660 663 675
f 658 676 662
f 657 676 658
f 662 676 663
f 661 675 674
f 663 676 675
f 618 669 625
f 669 840 733
f 637 676 679
f 676 680 679
f 638 846 676
f 639 687 846
f 639 640 687
f 640 641 686
f 641 682 685
f 682 683 684
f 640 686 687
f 641 685 686
f 682 684 685
f 676 681 680
f 657 681 676
f 687 849 846
f 682 744 683
f 683 745 684
f 687 856 849
f 684 747 685
f 685 748 686
f 686 749 687
f 627 695 694
f 626 694 696
f 628 696 697
f 629 697 698
f 630 698 699
f 604 619 695
f 694 700 696
f 696 700 697
f 697 705 698
f 698 705 699
f 619 625 695
f 694 695 733
f 694 732 700
f 697 700 705
f 631 699 702
f 637 702 703
f 638 703 704
f 639 704 706
f 640 706 707
f 641 707 743
f 699 705 702
f 702 705 742
f 702 742 703
f 703 856 704
f 625 669 733
f 733 840 850
f 694 850 732
f 625 733 695
f 694 733 850
f 732 851 734
f 732 850 851
f 734 851 852
f 734 854 746
f 682 743 744
f 683 744 745
f 684 745 747
f 687 749 856
f 685 747 748
f 686 748 749
f 703 742 856
f 704 856 749
f 704 749 706
f 706 748 707
f 707 747 743
f 743 745 744
f 706 749 748
f 707 748 747
f 743 747 745
f 742 746 856
f 746 854 855
f 746 855 856
f 840 841 850
f 841 842 851
f 842 843 852
f 843 844 853
f 847 848 855
f 844 847 854
f 848 849 856
f 841 851 850
f 842 852 851
f 843 853 852
f 844 854 853
f 734 852 853
f 734 853 854
f 847 855 854
f 848 856 855
f 319 427 326
f 320 328 321
f 319 327 320
f 321 329 322
f 322 330 323
f 323 331 324
f 324 332 325
f 319 326 327
f 320 327 328
f 321 328 329
f 322 329 330
f 323 330 331
f 324 331 332
f 328 527 329
f 329 527 330
f 423 427 428
f 432 440 456
f 432 433 440
f 425 431 429
f 424 472 425
f 423 473 424
f 429 431 430
f 425 472 431
f 424 473 472
f 423 474 473
f 423 428 474
f 428 440 475
f 433 434 440
f 434 476 440
f 423 424 495
f 424 425 496
f 425 429 497
f 326 427 423
f 429 430 499
f 430 431 500
f 440 441 450
f 441 442 452
f 440 450 451
f 440 455 456
f 440 451 455
f 441 453 450
f 441 452 453
f 442 446 460
f 442 454 452
f 442 457 454
f 442 458 457
f 442 459 458
f 442 460 459
f 446 461 460
f 446 465 461
f 446 466 465
f 446 484 466
f 446 448 485
f 448 449 487
f 449 556 486
f 325 528 447
f 447 570 550
f 428 475 474
f 440 476 475
f 434 435 476
f 435 436 476
f 436 462 476
f 462 463 476
f 463 482 476
f 431 472 501
f 472 473 531
f 473 474 532
f 474 475 534
f 475 476 535
f 476 482 536
f 466 484 467
f 467 484 470
f 470 484 471
f 469 471 484
f 463 464 482
f 464 477 482
f 477 478 482
f 478 479 482
f 479 480 483
f 480 481 483
f 468 483 481
f 468 469 484
f 446 485 484
f 448 487 485
f 449 486 487
f 479 483 482
f 468 484 483
f 486 566 548
f 482 483 544
f 483 484 545
f 484 485 546
f 485 487 547
f 486 549 487
f 424 496 495
f 425 497 496
f 326 423 495
f 429 499 497
f 430 500 499
f 431 501 500
f 326 498 327
f 327 498 328
f 326 502 498
f 497 499 501
f 496 497 531
f 495 496 532
f 499 500 501
f 497 501 531
f 496 531 532
f 495 532 534
f 326 495 534
f 326 535 502
f 325 332 528
f 447 528 570
f 328 498 527
f 330 527 331
f 331 529 332
f 331 527 529
f 332 549 528
f 528 548 570
f 332 529 549
f 472 531 501
f 473 532 531
f 474 534 532
f 475 535 534
f 476 536 535
f 482 544 536
f 326 534 535
f 502 535 536
f 502 536 533
f 533 536 544
f 548 566 576
f 483 545 544
f 484 546 545
f 485 547 546
f 487 549 547
f 486 548 549
f 533 546 543
f 529 543 549
f 528 549 548
f 548 576 570
f 533 544 545
f 533 545 546
f 543 546 547
f 543 547 549
f 557 559 560
f 556 557 566
f 557 560 564
f 550 571 551
f 551 572 555
f 555 573 558
f 558 574 559
f 559 574 560
f 557 564 566
f 486 556 566
f 560 575 564
f 564 576 566
f 550 570 571
f 551 571 572
f 555 572 573
f 558 573 574
f 570 576 571
f 571 575 572
f 572 574 573
f 571 576 575
f 572 575 574
f 560 574 575
f 564 575 576
f 921 946 924
f 921 922 947
f 922 923 1073
f 923 926 1075
f 926 950 940
f 926 940 941
f 926 941 942
f 923 996 926
f 921 985 922
f 922 986 923
f 921 924 984
f 924 925 987
f 925 937 988
f 926 927 932
f 927 928 934
f 928 929 936
f 926 932 949
f 926 949 948
f 927 933 932
f 927 934 933
f 928 935 934
f 928 936 935
f 926 948 950
f 929 951 936
f 929 952 951
f 929 953 952
f 929 954 953
f 929 955 954
f 929 957 955
f 929 956 957
f 929 930 975
f 930 931 981
f 931 1049 980
f 926 997 927
f 927 998 928
f 928 999 929
f 929 1000 930
f 930 1001 931
f 931 1065 1049
f 925 939 937
f 937 939 938
f 924 945 925
f 925 945 939
f 924 946 945
f 921 947 946
f 926 942 1075
f 922 1073 947
f 923 1075 1073
f 942 943 1075
f 943 944 1075
f 944 958 1075
f 958 959 1075
f 959 973 1075
f 937 938 1010
f 938 939 1011
f 939 945 1012
f 945 946 1014
f 946 947 1015
f 947 1073 1016
f 1016 1073 1074
f 929 975 956
f 956 975 966
f 930 981 975
f 931 980 981
f 979 980 1049
f 959 960 973
f 960 961 973
f 961 962 973
f 962 964 974
f 963 974 964
f 968 969 974
f 965 974 969
f 963 968 974
f 965 967 975
f 966 975 967
f 965 975 974
f 962 974 973
f 982 1064 1044
f 982 1088 1081
f 922 985 986
f 921 984 985
f 923 986 996
f 924 987 984
f 937 1010 988
f 925 988 987
f 985 989 986
f 986 989 996
f 984 987 1015
f 984 1016 985
f 985 1013 989
f 926 996 997
f 927 997 998
f 928 998 999
f 929 999 1000
f 930 1000 1001
f 931 1001 1065
f 996 1002 997
f 997 1002 998
f 998 1002 999
f 989 1002 996
f 999 1042 1000
f 999 1002 1042
f 1000 1088 1001
f 938 1011 1010
f 939 1012 1011
f 945 1014 1012
f 946 1015 1014
f 947 1016 1015
f 1016 1074 1082
f 988 1010 1012
f 1010 1011 1012
f 987 988 1014
f 988 1012 1014
f 987 1014 1015
f 984 1015 1016
f 985 1082 1013
f 985 1016 1082
f 1013 1083 1017
f 1013 1082 1083
f 1017 1083 1084
f 1044 1064 1071
f 982 1044 1088
f 1000 1042 1088
f 1001 1044 1065
f 1001 1088 1044
f 1044 1071 1065
f 1017 1086 1043
f 1043 1086 1087
f 1042 1043 1088
f 1043 1087 1088
f 979 1049 1051
f 1049 1066 1051
f 1051 1067 1056
f 1051 1056 1061
f 979 1051 1061
f 1056 1057 1058
f 1056 1058 1061
f 1056 1068 1057
f 1057 1068 1059
f 1059 1069 1062
f 1062 1070 1063
f 1063 1071 1064
f 1049 1065 1066
f 1051 1066 1067
f 1056 1067 1068
f 1059 1068 1069
f 1062 1069 1070
f 1063 1070 1071
f 1065 1071 1066
f 1066 1070 1067
f 1067 1069 1068
f 1067 1070 1069
f 1066 1071 1070
f 1074 1076 1082
f 1076 1077 1083
f 1077 1078 1084
f 1078 1079 1085
f 1079 1080 1086
f 1080 1081 1087
f 1076 1083 1082
f 1077 1084 1083
f 1078 1085 1084
f 1079 1086 1085
f 1081 1088 1087
f 1080 1087 1086
f 1017 1084 1085
f 1017 1085 1086
f 145 199 149
f 145 146 200
f 146 151 205
f 147 149 203
f 147 201 148
f 148 202 158
f 150 204 151
f 150 152 206
f 152 153 207
f 153 154 208
f 154 155 209
f 155 156 210
f 157 158 212
f 157 211 159
f 159 213 160
f 160 214 161
f 161 215 162
f 162 216 163
f 164 166 220
f 165 219 166
f 145 200 199
f 149 199 203
f 146 205 200
f 147 203 201
f 148 201 202
f 158 202 212
f 150 206 204
f 151 204 205
f 152 207 206
f 153 208 207
f 154 209 208
f 155 210 209
f 157 212 211
f 159 211 213
f 160 213 214
f 161 214 215
f 162 215 216
f 163 216 217
f 164 220 218
f 166 219 220
f 156 173 225
f 173 174 226
f 174 175 227
f 175 176 228
f 176 177 229
f 164 218 177
f 156 225 210
f 173 226 225
f 174 227 226
f 175 228 227
f 176 229 228
f 177 218 229
f 163 217 181
f 181 239 182
f 182 241 183
f 184 243 185
f 183 242 184
f 165 185 244
f 181 217 239
f 182 239 241
f 183 241 242
f 184 242 243
f 185 243 244
f 165 244 219
f 197 205 204
f 197 204 206
f 197 206 224
f 197 231 222
f 197 224 231
f 197 198 240
f 197 222 198
f 198 222 223
f 198 223 240
f 197 203 199
f 197 201 203
f 197 202 201
f 197 212 202
f 197 199 200
f 197 200 205
f 197 211 212
f 206 207 224
f 207 208 224
f 208 209 224
f 197 240 211
f 211 240 213
f 213 240 214
f 209 210 224
f 210 225 224
f 224 225 226
f 224 226 227
f 224 227 252
f 224 252 230
f 227 228 252
f 228 229 252
f 224 230 235
f 224 235 231
f 230 253 235
f 223 245 240
f 214 240 215
f 215 240 216
f 216 240 217
f 217 240 239
f 239 240 241
f 241 252 242
f 242 252 243
f 243 252 244
f 219 244 252
f 219 252 220
f 240 252 241
f 240 245 252
f 245 253 252
f 218 252 229
f 218 220 252
f 230 252 253
f 632 689 645
f 632 633 690
f 633 634 691
f 634 635 692
f 635 636 693
f 636 649 716
f 645 689 712
f 632 690 689
f 633 691 690
f 634 692 691
f 635 693 692
f 636 716 693
f 642 644 711
f 642 709 643
f 643 710 646
f 644 645 712
f 646 713 647
f 647 714 648
f 649 650 717
f 650 651 718
f 648 715 652
f 652 719 653
f 653 720 654
f 654 721 655
f 655 722 656
f 656 723 659
f 657 658 725
f 659 726 661
f 660 727 663
f 660 661 728
f 662 663 730
f 658 662 729
f 642 711 709
f 643 709 710
f 644 712 711
f 647 713 714
f 646 710 713
f 648 714 715
f 649 717 716
f 650 718 717
f 652 715 719
f 653 719 720
f 654 720 721
f 655 721 722
f 656 722 723
f 659 723 726
f 657 725 724
f 660 728 727
f 661 726 728
f 663 727 730
f 662 730 729
f 658 729 725
f 651 677 735
f 677 678 736
f 678 679 737
f 679 680 738
f 680 681 740
f 657 724 681
f 651 735 718
f 677 736 735
f 678 737 736
f 679 738 737
f 680 740 738
f 681 724 740
f 688 700 708
f 688 711 712
f 688 709 711
f 688 710 709
f 688 689 690
f 688 712 689
f 688 690 691
f 688 691 692
f 688 692 701
f 692 693 701
f 693 716 701
f 701 716 717
f 688 705 700
f 688 701 705
f 701 717 718
f 701 718 735
f 701 742 705
f 688 708 731
f 700 732 708
f 708 732 731
f 731 732 734
f 688 714 713
f 688 713 710
f 688 731 714
f 714 731 715
f 715 731 719
f 719 731 720
f 720 731 721
f 721 731 722
f 722 731 723
f 723 731 726
f 727 741 730
f 725 729 741
f 729 730 741
f 726 741 728
f 726 731 741
f 727 728 741
f 731 734 741
f 734 746 741
f 701 735 736
f 701 736 737
f 701 737 741
f 701 741 739
f 737 738 741
f 738 740 741
f 724 741 740
f 724 725 741
f 701 739 742
f 739 741 746
f 739 746 742
f 432 456 510
f 432 489 433
f 433 491 434
f 434 492 435
f 435 493 436
f 436 494 462
f 432 510 489
f 433 489 491
f 434 491 492
f 435 492 493
f 436 493 494
f 462 494 516
f 451 505 455
f 450 504 451
f 452 506 453
f 450 453 507
f 452 454 508
f 455 509 456
f 454 457 511
f 457 458 512
f 458 459 513
f 459 460 514
f 460 461 515
f 461 465 519
f 462 516 463
f 463 517 464
f 465 466 520
f 466 467 521
f 468 522 469
f 467 470 524
f 470 471 525
f 469 523 471
f 455 505 509
f 451 504 505
f 450 507 504
f 452 508 506
f 453 506 507
f 456 509 510
f 454 511 508
f 457 512 511
f 458 513 512
f 459 514 513
f 460 515 514
f 461 519 515
f 463 516 517
f 464 517 518
f 465 520 519
f 467 524 521
f 466 521 520
f 469 522 523
f 470 525 524
f 471 523 525
f 464 518 477
f 477 537 478
f 478 538 479
f 479 539 480
f 480 540 481
f 468 481 541
f 477 518 537
f 478 537 538
f 479 538 539
f 480 539 540
f 481 540 541
f 468 541 522
f 488 510 509
f 488 489 510
f 488 491 489
f 488 492 491
f 488 490 530
f 488 530 492
f 492 530 493
f 493 530 494
f 488 498 490
f 490 498 502
f 490 502 530
f 488 507 506
f 488 508 503
f 488 506 508
f 488 527 498
f 488 503 527
f 488 505 504
f 488 509 505
f 488 504 507
f 503 508 511
f 503 511 512
f 503 512 513
f 503 513 514
f 503 514 515
f 503 515 519
f 503 519 520
f 503 520 542
f 521 524 542
f 520 521 542
f 503 542 526
f 503 526 529
f 503 529 527
f 526 543 529
f 494 530 516
f 516 530 517
f 502 533 530
f 517 530 518
f 518 530 537
f 530 538 537
f 530 542 538
f 538 542 539
f 539 542 540
f 522 541 542
f 540 542 541
f 524 525 542
f 523 542 525
f 522 542 523
f 530 533 542
f 533 543 542
f 526 542 543
f 932 990 949
f 933 934 992
f 932 933 991
f 934 935 993
f 935 936 995
f 936 951 1021
f 949 990 1019
f 932 991 990
f 933 992 991
f 934 993 992
f 935 995 993
f 936 1021 995
f 940 950 1020
f 940 1004 941
f 941 1005 942
f 942 1006 943
f 943 1007 944
f 944 1008 958
f 940 1020 1004
f 941 1004 1005
f 942 1005 1006
f 943 1006 1007
f 944 1007 1008
f 958 1008 1028
f 948 949 1019
f 948 1018 950
f 951 952 1022
f 952 953 1023
f 953 954 1024
f 954 955 1025
f 955 957 1027
f 956 1026 957
f 958 1028 959
f 959 1029 960
f 960 1030 961
f 961 1031 962
f 962 1032 964
f 963 964 1034
f 956 966 1036
f 966 967 1037
f 965 1035 967
f 963 1033 968
f 968 1038 969
f 965 969 1039
f 948 1019 1018
f 950 1018 1020
f 951 1022 1021
f 952 1023 1022
f 953 1024 1023
f 954 1025 1024
f 955 1027 1025
f 957 1026 1027
f 959 1028 1029
f 960 1029 1030
f 961 1030 1031
f 962 1031 1032
f 963 1034 1033
f 964 1032 1034
f 956 1036 1026
f 966 1037 1036
f 967 1035 1037
f 968 1033 1038
f 965 1039 1035
f 969 1038 1039
f 983 1020 1018
f 983 1004 1020
f 983 989 1003
f 983 993 994
f 983 1018 1019
f 983 1019 990
f 983 990 991
f 983 991 992
f 983 992 993
f 993 995 994
f 994 995 1021
f 994 1021 1022
f 994 1022 1023
f 994 1023 1024
f 983 1002 989
f 983 994 1002
f 994 1042 1002
f 983 1005 1004
f 983 1006 1005
f 983 1003 1009
f 983 1009 1006
f 1006 1009 1007
f 1007 1009 1008
f 1008 1009 1028
f 1009 1029 1028
f 989 1013 1003
f 1003 1013 1009
f 1009 1013 1017
f 994 1024 1025
f 994 1025 1027
f 994 1027 1041
f 1009 1030 1029
f 1009 1031 1030
f 1009 1032 1031
f 1026 1041 1027
f 1033 1041 1038
f 1038 1041 1039
f 1026 1036 1041
f 1036 1037 1041
f 1035 1041 1037
f 1035 1039 1041
f 994 1041 1040
f 994 1040 1042
f 1040 1041 1043
f 1040 1043 1042
f 1009 1041 1032
f 1032 1041 1034
f 1033 1034 1041
f 1009 1017 1041
f 1017 1043 1041
f 1301 1302 1321
f 1302 1305 1321
f 1302 1306 1305
f 1301 1316 1312
f 1301 1322 1313
f 1301 1321 1320
f 1301 1320 1322
f 1301 1313 1314
f 1301 1314 1317
f 1301 1317 1318
f 1312 1316 1315
f 1301 1325 1316
f 1301 1318 1325
f 1325 1318 1319
f 1301 1341 1302
f 1301 1312 1341
f 1312 1315 1348
f 1315 1316 1349
f 1325 1324 1326
f 1325 1319 1324
f 1326 1324 1329
f 1326 1329 1327
f 1327 1329 1330
f 1327 1331 1328
f 1327 1330 1331
f 1328 1331 1332
f 1328 1332 1335
f 1338 1334 1390
f 1338 1377 1339
f 1337 1335 1336
f 1328 1335 1337
f 1337 1333 1338
f 1337 1336 1333
f 1338 1333 1334
f 1316 1325 1350
f 1325 1326 1361
f 1326 1327 1362
f 1327 1328 1363
f 1328 1337 1364
f 1337 1338 1373
f 1338 1339 1374
f 1339 1340 1375
f 1302 1341 1342
f 1312 1348 1341
f 1315 1349 1348
f 1316 1350 1349
f 1325 1361 1350
f 1326 1362 1361
f 1327 1363 1362
f 1328 1364 1363
f 1337 1373 1364
f 1338 1374 1373
f 1339 1375 1374
f 1340 1376 1375
f 1377 1311 1310
f 1377 1323 1311
f 1377 1379 1323
f 1377 1380 1379
f 1377 1381 1380
f 1377 1382 1381
f 1377 1383 1382
f 1377 1384 1383
f 1377 1386 1385
f 1377 1390 1386
f 1377 1385 1384
f 1377 1378 1391
f 1378 1387 1394
f 1387 1388 1389
f 1387 1389 1394
f 1378 1394 1391
f 1377 1397 1378
f 1378 1406 1387
f 1387 1407 1388
f 1388 1408 1389
f 1338 1390 1377
f 1339 1377 1340
f 1340 1377 1395
f 1377 1391 1393
f 1377 1393 1392
f 1377 1392 1395
f 1391 1394 1409
f 1391 1411 1393
f 1392 1393 1410
f 1389 1413 1394
f 1340 1395 1376
f 1392 1414 1395
f 1377 1396 1397
f 1378 1397 1406
f 1387 1406 1407
f 1388 1407 1408
f 1392 1410 1414
f 1391 1409 1411
f 1393 1411 1410
f 1389 1408 1413
f 1394 1413 1409
f 1376 1395 1414
f 1724 1725 1750
f 1724 1750 1726
f 1720 1750 1725
f 1720 1721 1750
f 1723 1731 1729
f 1723 1804 1731
f 1804 1728 1731
f 1804 1732 1728
f 1721 1722 1750
f 1722 1723 1750
f 1723 1729 1730
f 1723 1730 1750
f 1805 1733 1732
f 1720 1725 1760
f 1720 1761 1721
f 1721 1762 1722
f 1722 1763 1723
f 1724 1726 1764
f 1724 1765 1725
f 1726 1727 1766
f 1727 1736 1767
f 1726 1749 1727
f 1727 1741 1736
f 1736 1741 1737
f 1750 1744 1738
f 1750 1738 1739
f 1750 1730 1744
f 1727 1749 1741
f 1726 1750 1749
f 1750 1739 1740
f 1750 1740 1742
f 1750 1742 1743
f 1750 1743 1745
f 1750 1745 1746
f 1750 1746 1747
f 1750 1747 1753
f 1750 1753 1754
f 1736 1737 1776
f 1737 1741 1777
f 1741 1749 1778
f 1749 1750 1789
f 1720 1760 1761
f 1721 1761 1762
f 1722 1762 1763
f 1726 1766 1764
f 1724 1764 1765
f 1725 1765 1760
f 1727 1767 1766
f 1736 1776 1767
f 1737 1777 1776
f 1741 1778 1777
f 1749 1789 1778
f 1750 1790 1789
f 1791 1794 1792
f 1791 1793 1794
f 1795 1796 1797
f 1795 1797 1798
f 1795 1798 1842
f 1795 1841 1843
f 1795 1842 1841
f 1804 1805 1732
f 1805 1806 1734
f 1805 1734 1733
f 1806 1735 1734
f 1806 1807 1735
f 1808 1810 1807
f 1809 1811 1810
f 1806 1808 1807
f 1808 1809 1810
f 1723 1823 1804
f 1804 1824 1805
f 1805 1825 1806
f 1806 1826 1808
f 1808 1828 1809
f 1809 1837 1818
f 1809 1812 1811
f 1809 1821 1812
f 1821 1816 1814
f 1821 1817 1816
f 1821 1748 1817
f 1821 1813 1812
f 1821 1815 1813
f 1821 1814 1815
f 1809 1818 1821
f 1818 1819 1820
f 1818 1820 1821
f 1822 1759 1758
f 1822 1758 1748
f 1821 1822 1748
f 1818 1838 1819
f 1819 1839 1820
f 1820 1844 1821
f 1821 1844 1822
f 1723 1763 1823
f 1804 1823 1824
f 1805 1824 1825
f 1806 1825 1826
f 1808 1826 1828
f 1809 1828 1837
f 1818 1837 1838
f 1819 1838 1839
f 1820 1839 1844
f 1822 1844 1845
f 1795 1843 1840
f 1441 1443 1442
f 1442 1447 1445
f 1445 1447 1446
f 1442 1500 1447
f 1442 1443 1500
f 1443 1449 1451
f 1443 1444 1449
f 1444 1477 1478
f 1444 1478 1448
f 1444 1448 1449
f 1443 1451 1450
f 1443 1501 1500
f 1443 1450 1504
f 1504 1450 1452
f 1441 1442 1522
f 1442 1445 1522
f 1445 1446 1524
f 1446 1447 1525
f 1456 1457 1458
f 1457 1459 1458
f 1458 1459 1461
f 1459 1460 1461
f 1460 1468 1461
f 1461 1468 1462
f 1462 1468 1469
f 1462 1469 1470
f 1462 1470 1471
f 1470 1472 1471
f 1471 1472 1490
f 1472 1473 1490
f 1473 1492 1490
f 1473 1491 1492
f 1491 1498 1492
f 1491 1496 1498
f 1492 1498 1497
f 1497 1498 1499
f 1456 1535 1457
f 1457 1538 1459
f 1459 1539 1460
f 1460 1547 1468
f 1468 1548 1469
f 1469 1549 1470
f 1470 1551 1472
f 1472 1552 1473
f 1473 1561 1491
f 1491 1566 1496
f 1496 1568 1498
f 1498 1568 1499
f 1443 1503 1501
f 1443 1504 1503
f 1504 1452 1453
f 1504 1453 1454
f 1504 1454 1455
f 1504 1455 1502
f 1505 1502 1506
f 1505 1506 1507
f 1504 1502 1505
f 1447 1500 1526
f 1500 1501 1570
f 1501 1503 1571
f 1503 1504 1572
f 1504 1505 1573
f 1505 1516 1575
f 1514 1487 1486
f 1518 1511 1487
f 1518 1512 1511
f 1514 1518 1487
f 1516 1507 1508
f 1516 1508 1509
f 1517 1509 1513
f 1505 1507 1516
f 1516 1509 1517
f 1517 1513 1510
f 1518 1510 1512
f 1517 1510 1518
f 1514 1519 1518
f 1514 1515 1519
f 1515 1520 1519
f 1516 1517 1585
f 1517 1518 1586
f 1518 1519 1587
f 1519 1520 1589
f 1441 1522 1521
f 1445 1524 1522
f 1446 1525 1524
f 1447 1526 1525
f 1457 1535 1536
f 1457 1536 1538
f 1459 1538 1539
f 1460 1539 1547
f 1468 1547 1548
f 1469 1548 1549
f 1470 1549 1551
f 1472 1551 1552
f 1473 1552 1561
f 1491 1561 1566
f 1496 1566 1568
f 1499 1568 1569
f 1535 1537 1536
f 1536 1537 1540
f 1536 1540 1538
f 1538 1540 1539
f 1539 1540 1541
f 1539 1541 1547
f 1547 1550 1548
f 1541 1550 1547
f 1548 1550 1549
f 1549 1550 1560
f 1549 1560 1551
f 1551 1560 1562
f 1551 1562 1552
f 1552 1567 1561
f 1552 1562 1567
f 1561 1568 1566
f 1561 1567 1568
f 1567 1569 1568
f 1500 1570 1526
f 1501 1571 1570
f 1503 1572 1571
f 1504 1573 1572
f 1505 1575 1573
f 1516 1585 1575
f 1517 1586 1585
f 1518 1587 1586
f 1519 1588 1587
f 1519 1589 1588
f 1898 1904 1923
f 1898 1931 1901
f 1900 1901 1931
f 1900 1931 1902
f 1904 1903 1922
f 1904 1922 1923
f 1898 1924 1925
f 1898 1923 1924
f 1898 1901 1978
f 1898 1986 1904
f 1899 1919 1979
f 1900 1982 1901
f 1900 1902 1981
f 1899 1983 1902
f 1904 1905 1909
f 1904 1912 1911
f 1904 1909 1912
f 1905 1910 1909
f 1905 1906 1910
f 1906 1907 1914
f 1906 1913 1910
f 1906 1914 1913
f 1907 1917 1916
f 1904 1911 1903
f 1907 1915 1914
f 1907 1916 1915
f 1917 1918 1916
f 1918 1938 1916
f 1918 1937 1938
f 1907 1908 1917
f 1904 1987 1905
f 1905 1988 1906
f 1906 1989 1907
f 1907 1989 1908
f 1899 1902 1930
f 1899 1921 1919
f 1919 1921 1920
f 1899 1930 1921
f 1902 1931 1930
f 1898 1932 1931
f 1898 1925 1932
f 1932 1925 1926
f 1932 1926 1927
f 1932 1927 1928
f 1932 1928 1929
f 1932 1929 1933
f 1933 1929 1943
f 1933 1943 1942
f 1919 1920 2001
f 1920 1921 2002
f 1921 1930 2003
f 1930 1931 2022
f 1951 1953 1952
f 1952 1953 1973
f 1953 1954 1958
f 1952 1973 1957
f 1953 1958 1973
f 1957 1974 1959
f 1957 1973 1974
f 1965 1966 1967
f 1966 1970 1967
f 1967 1970 1968
f 1969 1971 1970
f 1968 1970 1971
f 1969 1976 1971
f 1959 1975 1972
f 1959 1977 1975
f 1959 1974 1977
f 1969 1972 1976
f 1972 1975 1976
f 1951 2036 1953
f 1953 2039 1954
f 1954 2044 1958
f 1958 2057 1973
f 1965 1967 2052
f 1967 1968 2052
f 1968 1971 2053
f 1971 1976 2056
f 1973 2058 1974
f 1974 2061 1977
f 1975 1977 2059
f 1975 2060 1976
f 1898 1978 1986
f 1899 1979 1983
f 1919 2001 1979
f 1900 1981 1982
f 1902 1983 1981
f 1901 1982 1978
f 1904 1986 1987
f 1905 1987 1988
f 1906 1988 1989
f 1908 1989 1990
f 1920 2002 2001
f 1921 2003 2002
f 1930 2021 2003
f 1930 2022 2021
f 1980 2005 2008
f 1980 2004 2005
f 2006 2007 2023
f 2006 2023 2024
f 1984 2011 2010
f 1984 2009 2011
f 2006 2018 2017
f 2006 2019 2018
f 2006 2020 2019
f 2006 2029 2020
f 2006 2045 2029
f 2006 2046 2045
f 2006 2024 2025
f 2006 2025 2026
f 2006 2026 2054
f 1953 2036 2037
f 1953 2037 2039
f 1954 2039 2044
f 1958 2044 2057
f 1965 2052 2050
f 1968 2053 2052
f 1971 2056 2053
f 1976 2060 2056
f 1973 2057 2058
f 1974 2058 2061
f 1977 2061 2059
f 1975 2059 2060
f 2000 2038 2036
f 2036 2057 2037
f 2037 2044 2039
f 2036 2038 2057
f 2043 2040 2042
f 2043 2042 2030
f 2043 2030 2054
f 2038 2043 2057
f 2037 2057 2044
f 2043 2058 2057
f 2006 2054 2046
f 2054 2047 2046
f 2054 2048 2047
f 2054 2049 2048
f 2054 2030 2032
f 2054 2032 2031
f 2054 2031 2049
f 2050 2052 2051
f 2051 2052 2053
f 2051 2053 2055
f 2053 2056 2055
f 2055 2056 2060
f 2054 2055 2060
f 2043 2054 2060
f 2043 2060 2059
f 2043 2061 2058
f 2043 2059 2061
f 1303 1304 1307
f 1303 1306 1304
f 1307 1304 1308
f 1308 1304 1309
f 1308 1309 1310
f 1303 1344 1306
f 1303 1307 1345
f 1307 1308 1346
f 1308 1310 1347
f 1321 1305 1343
f 1306 1344 1305
f 1310 1311 1347
f 1314 1313 1351
f 1317 1314 1352
f 1318 1317 1353
f 1319 1318 1354
f 1324 1319 1355
f 1320 1321 1357
f 1322 1320 1356
f 1313 1322 1358
f 1311 1323 1359
f 1329 1324 1360
f 1330 1329 1365
f 1331 1330 1366
f 1332 1331 1367
f 1334 1333 1369
f 1335 1332 1368
f 1336 1335 1371
f 1333 1336 1372
f 1305 1344 1343
f 1303 1345 1344
f 1307 1346 1345
f 1308 1347 1346
f 1311 1359 1347
f 1313 1358 1351
f 1314 1351 1352
f 1352 1353 1317
f 1318 1353 1354
f 1319 1354 1355
f 1320 1357 1356
f 1356 1358 1322
f 1321 1343 1357
f 1324 1355 1360
f 1329 1360 1365
f 1330 1365 1366
f 1331 1366 1367
f 1332 1367 1368
f 1333 1372 1369
f 1334 1369 1370
f 1335 1368 1371
f 1336 1371 1372
f 1323 1379 1398
f 1379 1380 1399
f 1380 1381 1400
f 1381 1382 1401
f 1382 1383 1402
f 1383 1384 1403
f 1384 1385 1404
f 1385 1386 1405
f 1386 1390 1412
f 1390 1334 1370
f 1323 1398 1359
f 1399 1398 1379
f 1380 1400 1399
f 1401 1400 1381
f 1382 1402 1401
f 1383 1403 1402
f 1385 1405 1404
f 1384 1404 1403
f 1390 1370 1412
f 1386 1412 1405
f 1731 1728 1768
f 1730 1729 1769
f 1744 1730 1770
f 1729 1731 1771
f 1728 1732 1772
f 1732 1733 1773
f 1733 1734 1774
f 1734 1735 1775
f 1752 1751 1754
f 1752 1757 1751
f 1752 1755 1757
f 1755 1756 1757
f 1756 1759 1757
f 1739 1738 1779
f 1740 1739 1780
f 1742 1740 1781
f 1743 1742 1782
f 1745 1743 1783
f 1738 1744 1784
f 1746 1745 1785
f 1747 1746 1786
f 1753 1747 1787
f 1752 1754 1799
f 1752 1800 1755
f 1755 1801 1756
f 1756 1802 1759
f 1754 1753 1799
f 1759 1802 1758
f 1748 1758 1803
f 1744 1770 1784
f 1730 1769 1770
f 1729 1771 1769
f 1731 1768 1771
f 1728 1772 1768
f 1732 1773 1772
f 1733 1774 1773
f 1734 1775 1774
f 1738 1784 1779
f 1739 1779 1780
f 1740 1780 1781
f 1781 1782 1742
f 1782 1783 1743
f 1745 1783 1785
f 1746 1785 1786
f 1747 1786 1787
f 1748 1803 1788
f 1752 1799 1800
f 1753 1787 1799
f 1755 1800 1801
f 1756 1801 1802
f 1758 1802 1803
f 1735 1807 1827
f 1807 1810 1829
f 1830 1810 1811
f 1831 1811 1812
f 1812 1813 1832
f 1813 1815 1834
f 1815 1814 1833
f 1814 1816 1835
f 1816 1817 1836
f 1817 1748 1788
f 1735 1827 1775
f 1807 1829 1827
f 1830 1829 1810
f 1831 1830 1811
f 1832 1831 1812
f 1813 1834 1832
f 1814 1835 1833
f 1815 1833 1834
f 1816 1836 1835
f 1817 1788 1836
f 1448 1478 1553
f 1449 1448 1527
f 1451 1449 1528
f 1450 1451 1530
f 1452 1450 1529
f 1453 1452 1531
f 1454 1453 1532
f 1455 1454 1533
f 1463 1474 1464
f 1464 1475 1465
f 1465 1475 1466
f 1464 1474 1475
f 1463 1477 1474
f 1466 1475 1476
f 1466 1476 1467
f 1467 1476 1482
f 1467 1482 1479
f 1479 1482 1480
f 1480 1482 1483
f 1480 1483 1481
f 1481 1484 1488
f 1481 1483 1484
f 1488 1484 1495
f 1495 1484 1485
f 1495 1485 1486
f 1488 1495 1489
f 1489 1494 1493
f 1489 1495 1494
f 1463 1464 1543
f 1463 1542 1477
f 1464 1465 1544
f 1465 1466 1545
f 1466 1467 1546
f 1467 1479 1554
f 1479 1480 1555
f 1480 1481 1556
f 1495 1486 1557
f 1477 1553 1478
f 1486 1487 1557
f 1481 1488 1558
f 1488 1489 1559
f 1489 1493 1563
f 1493 1494 1564
f 1494 1495 1565
f 1502 1455 1534
f 1506 1502 1574
f 1507 1506 1576
f 1508 1507 1577
f 1509 1508 1578
f 1513 1509 1579
f 1512 1510 1580
f 1487 1511 1581
f 1511 1512 1582
f 1510 1513 1583
f 1448 1553 1527
f 1449 1527 1528
f 1450 1530 1529
f 1451 1528 1530
f 1452 1529 1531
f 1531 1532 1453
f 1454 1532 1533
f 1455 1533 1534
f 1463 1543 1542
f 1464 1544 1543
f 1465 1545 1544
f 1466 1546 1545
f 1467 1554 1546
f 1477 1542 1553
f 1479 1555 1554
f 1480 1556 1555
f 1481 1558 1556
f 1488 1559 1558
f 1489 1563 1559
f 1493 1564 1563
f 1494 1565 1564
f 1495 1557 1565
f 1502 1534 1574
f 1574 1576 1506
f 1507 1576 1577
f 1577 1578 1508
f 1509 1578 1579
f 1579 1583 1513
f 1510 1583 1580
f 1512 1580 1582
f 1511 1582 1581
f 1487 1581 1557
f 1903 1911 1993
f 1922 1903 1985
f 1912 1909 1991
f 1909 1910 1992
f 1910 1913 1995
f 1911 1912 1994
f 1913 1914 1996
f 1914 1915 1997
f 1915 1916 1998
f 1916 1938 2028
f 1923 1922 2012
f 1924 1923 2013
f 1925 1924 2014
f 1926 1925 2015
f 2016 1927 1926
f 1928 1927 2018
f 1929 1928 2019
f 1943 1929 2020
f 1948 1937 1934
f 1947 1934 1935
f 1948 1934 1945
f 1960 1940 1939
f 1960 1939 1942
f 1962 1944 1941
f 1961 1941 1940
f 1961 1962 1941
f 1964 1936 1944
f 1946 1935 1936
f 1945 1934 1947
f 1946 1947 1935
f 1964 1946 1936
f 1962 1963 1944
f 1963 1964 1944
f 1948 1956 1949
f 1949 1955 1950
f 1949 1956 1955
f 1948 1945 1956
f 1960 1961 1940
f 1960 1942 2029
f 1956 1945 2030
f 1945 1947 2032
f 1946 2031 1947
f 1937 2028 1938
f 1942 1943 2029
f 1948 1949 2034
f 1948 2033 1937
f 1949 1950 2035
f 1950 1955 2041
f 1955 1956 2042
f 1960 2045 1961
f 1961 2046 1962
f 1962 2047 1963
f 1963 2048 1964
f 1964 2049 1946
f 1922 1985 2012
f 1903 1993 1985
f 1909 1992 1991
f 1995 1992 1910
f 1994 1993 1911
f 1991 1994 1912
f 1913 1996 1995
f 1997 1996 1914
f 1915 1998 1997
f 1916 2028 1998
f 2013 2014 1924
f 2012 2013 1923
f 2014 2015 1925
f 2015 2016 1926
f 2016 2017 1927
f 2017 2018 1927
f 1928 2018 2019
f 1929 2019 2020
f 1943 2020 2029
f 1937 2033 2028
f 1946 2049 2031
f 1945 2032 2030
f 1947 2031 2032
f 1948 2034 2033
f 1949 2035 2034
f 1950 2041 2035
f 1955 2040 2041
f 1955 2042 2040
f 1956 2030 2042
f 1960 2029 2045
f 1961 2045 2046
f 1962 2046 2047
f 1963 2047 2048
f 1964 2048 2049
f 288 285 286
f 882 286 879
f 288 287 285
f 882 288 286
f 299 289 292
f 296 291 289
f 298 290 291
f 287 292 285
f 297 293 290
f 300 294 293
f 301 295 294
f 299 296 289
f 298 297 290
f 296 298 291
f 287 299 292
f 297 300 293
f 300 301 294
f 301 302 295
f 302 303 295
f 309 304 303
f 310 305 304
f 311 306 305
f 312 307 306
f 313 308 307
f 308 314 902
f 302 309 303
f 309 310 304
f 310 311 305
f 311 312 306
f 312 313 307
f 313 314 308
f 314 909 902
f 883 879 880
f 884 880 881
f 883 882 879
f 884 883 880
f 892 881 885
f 893 885 886
f 894 886 887
f 895 887 888
f 896 888 889
f 897 889 890
f 898 890 891
f 892 884 881
f 893 892 885
f 894 893 886
f 895 894 887
f 896 895 888
f 897 896 889
f 898 897 890
f 906 891 899
f 907 899 900
f 912 901 905
f 908 900 901
f 902 909 903
f 910 904 903
f 911 905 904
f 906 898 891
f 907 906 899
f 908 907 900
f 912 908 901
f 909 910 903
f 911 912 905
f 910 911 904
f 1211 1205 1207
f 1621 1206 1616
f 1212 1207 1208
f 1210 1208 1206
f 1211 1209 1205
f 1621 1210 1206
f 1212 1211 1207
f 1210 1212 1208
f 1219 1214 1213
f 1209 1213 1205
f 1220 1215 1214
f 1221 1216 1215
f 1222 1217 1216
f 1223 1218 1217
f 1224 1225 1218
f 1219 1220 1214
f 1209 1219 1213
f 1220 1221 1215
f 1221 1222 1216
f 1222 1223 1217
f 1223 1224 1218
f 1230 1226 1225
f 1231 1227 1226
f 1232 1228 1227
f 1233 1229 1228
f 1229 1234 1638
f 1224 1230 1225
f 1230 1231 1226
f 1231 1232 1227
f 1232 1233 1228
f 1233 1234 1229
f 1234 1644 1638
f 1622 1616 1617
f 1623 1617 1618
f 1624 1618 1619
f 1625 1619 1620
f 1622 1621 1616
f 1623 1622 1617
f 1624 1623 1618
f 1625 1624 1619
f 1632 1620 1626
f 1633 1626 1627
f 1634 1627 1628
f 1635 1628 1629
f 1636 1629 1630
f 1637 1630 1631
f 1632 1625 1620
f 1633 1632 1626
f 1634 1633 1627
f 1635 1634 1628
f 1636 1635 1629
f 1637 1636 1630
f 1648 1637 1631
f 1638 1644 1639
f 1645 1641 1639
f 1647 1640 1641
f 1649 1642 1643
f 1648 1631 1642
f 1646 1643 1640
f 1644 1645 1639
f 1647 1646 1640
f 1645 1647 1641
f 1649 1648 1642
f 1646 1649 1643

