iteration,steps,phase,elapsed_wall_s,cumulative_wall_s,control_steps_per_wall_s,rollout_mean_reward,loss,approx_kl,recent_return,recent_fall_rate,recent_success_rate
1,1024,nominal,1.6540712189998885,1.6540712189998885,619.0785428327249,0.04100528359413147,0.11461110529489815,0.01933008898049593,,,
2,2048,nominal,3.342179311000109,3.342179311000109,612.7738249289681,0.04074641317129135,0.07327327493112534,0.00976280914619565,16.794142159775003,0.0,0.75
3,3072,nominal,5.043907483000112,5.043907483000112,609.0516153109091,0.04255599528551102,0.04780052484420594,0.012203203747048974,16.794142159775003,0.0,0.75
4,4096,nominal,6.701955174999966,6.701955174999966,611.1649351638674,0.03877083957195282,0.08167603611946106,0.008476483169943094,16.60498455323335,0.0,0.625
5,5120,nominal,8.396293755999977,8.396293755999977,609.7928620400229,0.040782298892736435,0.08350886241532862,0.009614601265639067,16.441260886226555,0.0,0.75
6,6144,nominal,9.873406128999704,9.873406128999704,622.2776537019106,0.044716350734233856,0.03697133602690883,0.00918678380548954,16.441260886226555,0.0,0.75
7,7168,nominal,11.295121275999918,11.295121275999918,634.6102733071755,0.0421675443649292,0.09759467444382608,0.009518205653876066,16.629455584497816,0.0,0.8125
8,8192,nominal,12.774371557999984,12.774371557999984,641.2839929389511,0.04271700233221054,0.11579809099202976,0.007034555310383439,16.72000077647238,0.0,0.8
9,9216,nominal,14.26708226899973,14.26708226899973,645.9624908748871,0.041496261954307556,0.02376639691647142,0.021216476568952203,16.72000077647238,0.0,0.8
10,10240,nominal,15.69520087500041,15.69520087500041,652.4287316583792,0.04205797612667084,0.13436615618411452,0.014082218753173947,16.696642606210407,0.0,0.7916666666666666
11,11264,nominal,17.1195025119996,17.1195025119996,657.9630449018426,0.0443158783018589,0.15748168888967484,0.016551031498238444,16.768828303253322,0.0,0.8214285714285714
12,12288,nominal,18.816888125000332,18.816888125000332,653.0304011147317,0.04243858903646469,0.016676808649208397,0.014101151376962662,16.768828303253322,0.0,0.8214285714285714
13,13312,nominal,20.33645624699966,20.33645624699966,654.5879890929368,0.040660180151462555,0.15526815690100193,0.011671265587210655,16.812841702167393,0.0,0.8125
14,14336,nominal,21.88711401100045,21.88711401100045,654.9972734091272,0.04286878556013107,0.0045130494982004166,0.0164868482388556,16.812841702167393,0.0,0.8125
15,15360,nominal,23.590141134000078,23.590141134000078,651.1194618442485,0.037748388946056366,0.13798598042922094,0.011719742557033896,16.780064220764284,0.0,0.7777777777777778
16,16384,nominal,25.26664989100027,25.26664989100027,648.4437022984919,0.04456097632646561,0.15898430875192085,0.021437399710218113,16.696319070776998,0.0,0.8
17,17408,nominal,26.732738100999995,26.732738100999995,651.1865688516515,0.04618031904101372,0.00909031048649922,0.008202729048207402,16.696319070776998,0.0,0.8
18,18432,nominal,28.3217229210004,28.3217229210004,650.8078640347397,0.0410606786608696,0.13892850471893325,0.003608535509556532,16.85988196626088,0.0,0.7954545454545454
19,19456,nominal,29.87166565300049,29.87166565300049,651.3195556621304,0.04249091446399689,0.1657683360390365,0.011088624596595764,16.849601577885828,0.0,0.8125
20,20480,nominal,31.37867105100031,31.37867105100031,652.6726376242478,0.04394770413637161,0.010773955087643117,0.006662253988906741,16.849601577885828,0.0,0.8125
21,21504,nominal,32.892690403000415,32.892690403000415,653.7622716942133,0.04392210766673088,0.15829372993903235,0.011103734839707613,16.878428309982954,0.0,0.8269230769230769
22,22528,nominal,34.49309260900009,34.49309260900009,653.1162704187881,0.04248218983411789,0.15407181537011638,0.00860943109728396,16.923157744275173,0.0,0.8035714285714286
23,23552,nominal,35.99457581099978,35.99457581099978,654.3208099927828,0.039453502744436264,0.0190148432739079,0.007121928734704852,16.923157744275173,0.0,0.8035714285714286
24,24576,nominal,37.414168078999865,37.414168078999865,656.863462742453,0.042188458144664764,0.14314522180939093,0.010426939930766821,16.861362519069054,0.0,0.8166666666666667
25,25600,nominal,39.007276774000275,39.007276774000275,656.2878036403531,0.044352106750011444,0.16247237799689174,0.005959819303825498,16.890987966644968,0.0,0.8125
26,26624,nominal,40.785458299999846,40.785458299999846,652.7816802784364,0.04192798212170601,0.008355506986845285,0.008231308544054627,16.890987966644968,0.0,0.8125
27,27648,nominal,42.44319865600028,42.44319865600028,651.411789768379,0.04113835096359253,0.16273885173723102,0.0020350601989775896,16.90398734891547,0.0,0.8235294117647058
28,28672,nominal,44.168859092000275,44.168859092000275,649.1451350436395,0.04399412125349045,0.007294600363820791,0.008320809341967106,16.90398734891547,0.0,0.8235294117647058
29,29696,nominal,46.089251217999845,46.089251217999845,644.3150889898257,0.041549816727638245,0.15483159065479413,0.008307104697450995,16.8994651487572,0.0,0.8333333333333334
30,30720,nominal,47.80046623900034,47.80046623900034,642.6715556790027,0.04323796182870865,0.17513958318158984,0.009819057071581483,16.90093824600507,0.0,0.8289473684210527
31,31744,nominal,49.39321307699993,49.39321307699993,642.6793889782739,0.04486260935664177,0.01208280268474482,0.007082388736307621,16.90093824600507,0.0,0.8289473684210527
32,32768,nominal,50.90923257299983,50.90923257299983,643.6553517677421,0.04161493852734566,0.15050243318546563,0.01707785832695663,16.942924986999593,0.0,0.8375
33,33792,nominal,52.40798144499968,52.40798144499968,644.7872836976846,0.04299326613545418,0.16639810311608016,0.011112077394500375,16.94893230159839,0.0,0.8452380952380952
34,34816,nominal,54.07324173800043,54.07324173800043,643.8674449868013,0.04291527345776558,0.01552455365890637,0.005434057675302029,16.94893230159839,0.0,0.8452380952380952
35,35840,nominal,55.88208550699983,55.88208550699983,641.3504377088907,0.04103220999240875,0.15556729026138783,0.00554304663091898,16.95198552593481,0.0,0.8522727272727273
36,36864,nominal,57.70361957299974,57.70361957299974,638.8507388754714,0.044336479157209396,0.1745978156104684,0.011278590885922313,16.947886875106907,0.0,0.8586956521739131
37,37888,nominal,59.64995052700033,59.64995052700033,635.1723625126921,0.04171445220708847,0.01453715394018218,0.0051554907113313675,16.947886875106907,0.0,0.8586956521739131
38,38912,nominal,61.51311831699968,61.51311831699968,632.5805139559367,0.04412933439016342,0.159069097135216,0.011610534973442554,16.95476804116738,0.0,0.8645833333333334
39,39936,nominal,63.12134214799971,63.12134214799971,632.6861666908576,0.0441068559885025,0.010377113125286996,0.006007869262248278,16.95476804116738,0.0,0.8645833333333334
40,40960,nominal,64.75570342999981,64.75570342999981,632.5311568003782,0.03980155289173126,0.14964880421757698,0.014937639003619552,16.977831658761794,0.0,0.87
41,41984,nominal,66.5984409169996,66.5984409169996,630.4051479572003,0.040815871208906174,0.17832377197919413,0.007996458560228348,16.967284816717456,0.0,0.88
42,43008,nominal,68.35598013399976,68.35598013399976,629.1768462055617,0.043538082391023636,0.007909674197435379,0.0115277417935431,16.967284816717456,0.0,0.88
43,44032,nominal,70.18990569899961,70.18990569899961,627.3266727102551,0.03955911472439766,0.1679743428248912,0.010005861520767212,16.977017933008412,0.0,0.9
44,45056,nominal,71.91511854199962,71.91511854199962,626.5163836681511,0.04366065189242363,0.16641331155551597,0.01957395044155419,16.9903482056743,0.0,0.9
45,46080,nominal,73.42829448700013,73.42829448700013,627.5510049897466,0.044944435358047485,0.012108508439268917,0.010768701788038015,16.9903482056743,0.0,0.9
46,47104,nominal,75.0413370919996,75.0413370919996,627.7073653718506,0.04076911136507988,0.16489494615234435,0.013089062180370092,17.016965158739715,0.0,0.9
47,48128,nominal,76.79777339799966,76.79777339799966,626.6848356472478,0.04304908961057663,0.16723942384123802,0.017963342368602753,17.001110163361375,0.0,0.91
48,49152,nominal,78.54439780499979,78.54439780499979,625.7861970248781,0.04204946756362915,0.009354432462714612,0.014986414229497313,17.001110163361375,0.0,0.91
49,50176,nominal,80.32674210999994,80.32674210999994,624.6487618194284,0.039183299988508224,0.1674404963850975,0.010413154261186719,17.01426140296253,0.0,0.92
50,51200,nominal,82.06862457199986,82.06862457199986,623.8681380005531,0.043054141104221344,0.1810051598586142,0.01362382690422237,16.969140009265274,0.0,0.91
51,52224,nominal,84.11645710100038,84.11645710100038,620.853538057286,0.04187430068850517,0.009903573605697602,0.00851761526428163,16.969140009265274,0.0,0.91
52,53248,nominal,86.09785896799985,86.09785896799985,618.4590492522094,0.04010222852230072,0.1625743336044252,0.008657074766233563,16.969759630888507,0.0,0.92
53,54272,nominal,87.70956724799998,87.70956724799998,618.7694421812068,0.0439881831407547,0.009218264021910727,0.01246652752161026,16.969759630888507,0.0,0.92
54,55296,nominal,89.34213228299996,89.34213228299996,618.9241132598504,0.04053622856736183,0.1512448067078367,0.009353052591904998,16.969577396733595,0.0,0.94
55,56320,nominal,91.33806654700038,91.33806654700038,616.6103808538478,0.04131804034113884,0.17269760131603107,0.012827734928578138,17.006752607590467,0.0,0.94
56,57344,nominal,93.24013238400039,93.24013238400039,615.0141418057444,0.0431663878262043,0.00941818585852161,0.006954459473490715,17.006752607590467,0.0,0.94
57,58368,nominal,94.95307426399995,94.95307426399995,614.7036360056998,0.03850606828927994,0.15986381587572396,0.0073451942298561335,16.925868734094237,0.0,0.94
58,59392,nominal,96.73683215599976,96.73683215599976,613.9543612946024,0.040743954479694366,0.1434904949273914,0.012226489139720798,16.903551562808495,0.0,0.94
59,60416,nominal,98.554176181,98.554176181,613.0232359615364,0.04250475391745567,0.011999359412584454,0.010193190770223737,16.903551562808495,0.0,0.94
60,61440,nominal,100.33481877800023,100.33481877800023,612.34973808984,0.042432643473148346,0.1460903980769217,0.005057844333350658,16.87349212000582,0.0,0.94
61,62464,nominal,102.3556904979996,102.3556904979996,610.2640673526673,0.041740864515304565,0.1474943266948685,0.016156785422936082,16.838314568629436,0.0,0.93
62,63488,nominal,104.20688730300026,104.20688730300026,609.2495577129871,0.043221332132816315,0.015122546872589737,0.018249468528665602,16.838314568629436,0.0,0.93
63,64512,nominal,105.9142870730002,105.9142870730002,609.0962964754307,0.043073464184999466,0.15821899438742548,0.016022313851863146,16.902308059810736,0.0,0.93
64,65536,nominal,107.55508896100037,107.55508896100037,609.324957406371,0.04535074904561043,0.0075061507523059845,0.015434495871886611,16.902308059810736,0.0,0.93
65,66560,nominal,109.00417051899967,109.00417051899967,610.6188385553418,0.04293117672204971,0.15894550422672182,0.007582865422591567,16.910057666812435,0.0,0.94
66,67584,nominal,110.8214546700001,110.8214546700001,609.8458119075324,0.043420374393463135,0.1812142957933247,0.016020660288631916,16.91543376974712,0.0,0.93
67,68608,nominal,112.3852521810004,112.3852521810004,610.471558043082,0.043220993131399155,0.011123838950879872,0.01145784230902791,16.91543376974712,0.0,0.93
68,69632,nominal,114.04721113800042,114.04721113800042,610.5541670435349,0.03841021656990051,0.1594242769642733,0.00966388126835227,16.932718900358143,0.0,0.91
69,70656,nominal,115.74897689800036,115.74897689800036,610.4244019561664,0.043300267308950424,0.18802549922838807,0.008493129163980484,16.903173579491057,0.0,0.92
70,71680,nominal,117.41236311600005,117.41236311600005,610.4978904920107,0.0429827943444252,0.014726627268828452,0.006002666195854545,16.903173579491057,0.0,0.92
71,72704,nominal,119.16975829700004,119.16975829700004,610.0876685409056,0.04316640645265579,0.13914009992731735,0.014225631253793836,16.879643023920803,0.0,0.9
72,73728,nominal,121.06615306000003,121.06615306000003,608.9893676844644,0.04438226670026779,0.19296356989070773,0.011727325851097703,16.90157398573359,0.0,0.9
73,74752,nominal,123.0906460289998,123.0906460289998,607.292287525964,0.0437810905277729,0.006864384049549699,0.012461018981412053,16.90157398573359,0.0,0.9
74,75776,nominal,124.85838173499997,124.85838173499997,606.895579992598,0.04467175155878067,0.20192643254995346,0.0073481660801917315,16.926162082057463,0.0,0.9
75,76800,nominal,126.50144790900049,126.50144790900049,607.1076755994643,0.04494209587574005,0.19927673786878586,0.014176726108416915,16.965346895063718,0.0,0.9
76,77824,nominal,128.03309515599994,128.03309515599994,607.8428386439971,0.038028813898563385,0.008751438756007701,0.009059498086571693,16.965346895063718,0.0,0.9
77,78848,nominal,129.59619560200008,129.59619560200008,608.4129216427641,0.04243707284331322,0.16948596853762865,0.00614867452532053,16.92228245583552,0.0,0.9
78,79872,nominal,131.23886773400045,131.23886773400045,608.6001912321232,0.0435536727309227,0.0038218306726776063,0.01498181582428515,16.92228245583552,0.0,0.9
79,80896,nominal,132.81065696099995,132.81065696099995,609.1077467055617,0.04230503365397453,0.18015567283146083,0.01003845944069326,16.9051958014823,0.0,0.89
80,81920,nominal,134.48739607799962,134.48739607799962,609.1277129976423,0.042482100427150726,0.18343518069013953,0.007779642706736922,16.929761189136784,0.0,0.89
81,82944,nominal,136.0977063549999,136.0977063549999,609.4445102818064,0.04399474337697029,0.007477247272618115,0.014587894082069397,16.929761189136784,0.0,0.89
82,83968,nominal,137.76193300500017,137.76193300500017,609.5152569973907,0.041673362255096436,0.18571870168671012,0.0038894738536328077,16.952360395971933,0.0,0.89
83,84992,nominal,139.23094544000014,139.23094544000014,610.4390064393139,0.043255530297756195,0.16678613796830177,0.00756469857878983,16.97827780560639,0.0,0.88
84,86016,nominal,140.96012618199984,140.96012618199984,610.2151177769304,0.04417937994003296,0.009450491081224754,0.013195938663557172,16.97827780560639,0.0,0.88
85,87040,nominal,142.35399615300048,142.35399615300048,611.4334852001653,0.04342907667160034,0.17100604809820652,0.0030464230803772807,16.962360721250747,0.0,0.87
86,88064,nominal,143.83822147499995,143.83822147499995,612.2433877236595,0.04380948841571808,0.17164500011131167,0.019790361169725657,16.98942141309176,0.0,0.87
87,89088,nominal,145.71410883600038,145.71410883600038,611.3889774412138,0.040127359330654144,0.00929231010377407,0.006527905818074942,16.98942141309176,0.0,0.87
88,90112,nominal,147.64181876200018,147.64181876200018,610.3419800406366,0.04359085112810135,0.17179825803032145,0.00974191608838737,16.976417633810374,0.0,0.87
89,91136,nominal,149.40753537,149.40753537,609.9826208517959,0.04533647373318672,0.008976834011264145,0.013558648293837905,16.976417633810374,0.0,0.87
90,92160,nominal,151.17793607000021,151.17793607000021,609.6127675491414,0.0426521971821785,0.17623849888332188,0.010605870746076107,17.047601985531525,0.0,0.88
91,93184,nominal,152.83046943800036,152.83046943800036,609.7213490389919,0.039244476705789566,0.15824362763669342,0.006270271027460694,17.04337715611278,0.0,0.86
92,94208,nominal,154.34500493300038,154.34500493300038,610.3728464740063,0.04341612756252289,0.005822392005939037,0.008341547800228,17.04337715611278,0.0,0.86
93,95232,nominal,155.999168585,155.999168585,610.4647919845194,0.04197331890463829,0.1648251861333847,0.005758613348007202,17.039095893972434,0.0,0.85
94,96256,nominal,157.84381071200005,157.84381071200005,609.8180192546641,0.040546514093875885,0.16970315831713378,0.010492152534425259,17.045203278370014,0.0,0.85
95,97280,nominal,159.5918010260002,159.5918010260002,609.5551236003123,0.04293341934680939,0.014438730897381902,0.006847124081104994,17.045203278370014,0.0,0.85
96,98304,nominal,161.21361203499964,161.21361203499964,609.7748121830934,0.040761444717645645,0.15888724708929658,0.006411766167730093,17.047652358532872,0.0,0.86
97,99328,nominal,162.74635572900024,162.74635572900024,610.3239581314966,0.042473696172237396,0.17121673841029406,0.004357598721981049,17.06717449710113,0.0,0.85
98,100352,nominal,164.6869174229996,164.6869174229996,609.3501631477205,0.04070478677749634,0.0046234275214374065,0.019097401527687907,17.06717449710113,0.0,0.85
99,101376,nominal,166.3371079059998,166.3371079059998,609.4611195073169,0.040807586163282394,0.15910303452983499,0.00898777786642313,17.06630288133379,0.0,0.84
100,102400,nominal,168.05853594899963,168.05853594899963,609.3115081704336,0.04492314159870148,0.16491163184400648,0.010593572398647666,17.082589964413295,0.0,0.87
101,103424,nominal,169.73158217299988,169.73158217299988,609.3385725620851,0.043734245002269745,0.010497790208319202,0.006846756208688021,17.082589964413295,0.0,0.87
102,104448,nominal,171.4135288919997,171.4135288919997,609.3334678723533,0.04418882355093956,0.1808684312272817,0.0074338060803711414,17.085709767969384,0.0,0.87
103,105472,nominal,172.94677774299998,172.94677774299998,609.8523567564356,0.04372269660234451,0.011120476410724223,0.012360119028016925,17.085709767969384,0.0,0.87
104,106496,nominal,174.57795353100028,174.57795353100028,610.0197524717187,0.042544420808553696,0.1760277438443154,0.000788163160905242,17.081982067884198,0.0,0.86
105,107520,nominal,176.42378054399978,176.42378054399978,609.441650487615,0.04325632005929947,0.18315252079628408,0.008641190128400922,17.081584214895347,0.0,0.86
106,108544,nominal,178.220912494,178.220912494,609.0418822406953,0.04520649090409279,0.012406479043420404,0.013077127048745751,17.081584214895347,0.0,0.86
107,109568,nominal,180.12383183800011,180.12383183800011,608.2926333620492,0.04261399805545807,0.17591295251622796,0.0010402444750070572,17.103490130975526,0.0,0.88
108,110592,nominal,182.0379620120002,182.0379620120002,607.521633277292,0.04214968532323837,0.18244492658413947,0.008155581308528781,17.142884368078985,0.0,0.88
109,111616,nominal,184.10061401199982,184.10061401199982,606.2771740279193,0.0422939769923687,0.013113109394907951,0.014758557081222534,17.142884368078985,0.0,0.88
110,112640,nominal,186.00998277600047,186.00998277600047,605.558896995571,0.03961150348186493,0.1684955544769764,0.008338725892826915,17.1253850640682,0.0,0.9
111,113664,nominal,187.69299739400049,187.69299739400049,605.584659940186,0.04412291571497917,0.16007084999000654,0.012969003524631262,17.07780295268236,0.0,0.9
112,114688,nominal,189.20792911700028,189.20792911700028,606.1479586782038,0.043576814234256744,0.012209140986669809,0.0036764382384717464,17.07780295268236,0.0,0.9
113,115712,nominal,191.04064667300008,191.04064667300008,605.6930920991991,0.04343981295824051,0.1692898643668741,0.010911100078374147,17.08137687092137,0.0,0.9
114,116736,nominal,192.8201459740003,192.8201459740003,605.413917774653,0.042924486100673676,0.002911798481363803,0.009158733300864697,17.08137687092137,0.0,0.9
115,117760,nominal,194.713082235,194.713082235,604.7873036998869,0.042641591280698776,0.16563144302926958,0.013767778873443604,17.04675591925131,0.0,0.89
116,118784,nominal,196.50125146499977,196.50125146499977,604.4948778413121,0.04074171558022499,0.20032283617183566,0.011581628117710352,17.103579019958246,0.0,0.89
117,119808,nominal,198.2746001429996,198.2746001429996,604.2528892434638,0.04398319870233536,0.01379475137218833,0.01057834061793983,17.103579019958246,0.0,0.89
118,120832,nominal,200.1125292249999,200.1125292249999,603.8202628689006,0.04198363795876503,0.16495673335157335,0.01020475896075368,17.08242868891148,0.0,0.9
119,121856,nominal,202.0706195820003,202.0706195820003,603.0367019810657,0.042415257543325424,0.19025433948263526,0.006360385566949844,17.080153683278326,0.0,0.9
120,122880,nominal,203.9500102259999,203.9500102259999,602.5005826860951,0.0409572534263134,0.018092378857545555,0.007742791436612606,17.080153683278326,0.0,0.9
121,123904,nominal,205.8640916940003,205.8640916940003,601.8728131770201,0.03800524026155472,0.11021356156561524,0.013195171020925045,17.04010144713071,0.0,0.87
122,124928,nominal,207.75279962900004,207.75279962900004,601.3300433163521,0.042385295033454895,0.16062490991316736,0.011407391866669059,16.99970370112348,0.0,0.88
123,125952,nominal,209.41744171899973,209.41744171899973,601.439875141846,0.04038567095994949,0.008499686897266656,0.014957921812310815,16.99970370112348,0.0,0.88
124,126976,nominal,211.20946016499965,211.20946016499965,601.1851926556919,0.04203382879495621,0.17315593571402133,0.01450683269649744,16.957519012254124,0.0,0.89
125,128000,nominal,212.91811424800017,212.91811424800017,601.1700810524262,0.04379058629274368,0.18212455208413303,0.012146569089964032,16.945486064528488,0.0,0.88
126,129024,nominal,214.52287628700014,214.52287628700014,601.4463456446706,0.040594104677438736,0.013587056018877774,0.0043359792325645685,16.945486064528488,0.0,0.88
127,130048,nominal,216.29218959900027,216.29218959900027,601.2607308710749,0.04035763442516327,0.17081763758324087,0.005631955340504646,16.950453089500623,0.0,0.88
128,131072,nominal,218.17088011099986,218.17088011099986,600.7767853038584,0.04358019679784775,0.004796544148121029,0.017570001538842916,16.950453089500623,0.0,0.88
129,132096,nominal,219.65451285200015,219.65451285200015,601.3807696680663,0.04140279442071915,0.1600053459405899,0.010204467922449112,16.898913919666903,0.0,0.87
130,133120,nominal,221.27197300900025,221.27197300900025,601.6125684140998,0.04118383303284645,0.15736903762444854,0.010009341640397906,16.891055748607535,0.0,0.88
131,134144,nominal,222.73753946299985,222.73753946299985,602.2514225640145,0.0440821647644043,0.011626028455793858,0.004760645097121596,16.891055748607535,0.0,0.88
132,135168,nominal,224.16843260299993,224.16843260299993,602.975175543031,0.04465144872665405,0.1458844576845877,0.0063426673877984285,16.916693139247183,0.0,0.88
133,136192,nominal,225.70650534499964,225.70650534499964,603.4030777793762,0.044651322066783905,0.18387650419026613,0.0013123448006808758,16.95355669487615,0.0,0.88
134,137216,nominal,227.2477654989998,227.2477654989998,603.816718279696,0.043018192052841187,0.024931821157224476,0.007425104500725865,16.95355669487615,0.0,0.88
135,138240,nominal,228.80134376000024,228.80134376000024,604.1922557282094,0.04049132019281387,0.12997795618139207,0.009356235153973103,16.980464267354627,0.0,0.85
136,139264,nominal,230.4951008959997,230.4951008959997,604.1950542924401,0.04437623172998428,0.15537746576592326,0.013872935669496655,16.98861711564573,0.0,0.86
137,140288,nominal,232.49149863399998,232.49149863399998,603.4113110555004,0.0445093959569931,0.00768140540458262,0.01524740387685597,16.98861711564573,0.0,0.86
138,141312,nominal,234.10455110099974,234.10455110099974,603.6277352806941,0.043643489480018616,0.1773457305971533,0.002665489912033081,17.04966732605897,0.0,0.86
139,142336,nominal,235.63624108099975,235.63624108099975,604.0496968845812,0.043945059180259705,0.003137343330308795,0.012937163468450308,17.04966732605897,0.0,0.86
140,143360,nominal,237.3383881660002,237.3383881660002,604.0320788718366,0.04291941598057747,0.16069533745758235,0.009318541968241334,17.059247136727517,0.0,0.85
141,144384,nominal,238.93384929500007,238.93384929500007,604.2844093711312,0.04124155640602112,0.18783080531284213,0.004612922901287675,17.05308504986488,0.0,0.85
142,145408,nominal,240.49319380500037,240.49319380500037,604.6241795844812,0.044914960861206055,0.008331145703171691,0.01890240702778101,17.05308504986488,0.0,0.85
143,146432,nominal,242.22896589399988,242.22896589399988,604.51894949706,0.04258132725954056,0.1823264854028821,0.008441424695774913,17.035137381470623,0.0,0.86
144,147456,nominal,243.97236717099986,243.97236717099986,604.3963163117088,0.04268979653716087,0.18814404890872538,0.014736074721440673,17.03868923357218,0.0,0.87
145,148480,nominal,245.41776331300025,245.41776331300025,605.0091810617309,0.04336386173963547,0.009883678692858666,0.008642956730909646,17.03868923357218,0.0,0.87
146,149504,nominal,246.93346902299982,246.93346902299982,605.4424318887081,0.04077381268143654,0.14324077195487916,0.004647055873647332,17.005379934434377,0.0,0.86
147,150528,nominal,248.6340079800002,248.6340079800002,605.4199955305722,0.044785432517528534,0.19805119559168816,0.011212706798687577,17.001616242614688,0.0,0.86
148,151552,nominal,250.3028246089998,250.3028246089998,605.4745895766087,0.04291283339262009,0.012536670546978712,0.014934299979358912,17.001616242614688,0.0,0.86
149,152576,nominal,251.770429186,251.770429186,606.0123918972299,0.0404181182384491,0.16707257693633437,0.007007709471508861,17.0221175363694,0.0,0.85
150,153600,nominal,253.30467897899962,253.30467897899962,606.3843771821298,0.043799739331007004,0.1777073540724814,0.009141133865341544,17.029431174522355,0.0,0.85
151,154624,nominal,254.79341806499997,254.79341806499997,606.860260262116,0.041900716722011566,0.013270694413222373,-0.0026948207523673773,17.029431174522355,0.0,0.85
152,155648,nominal,256.2642182649997,256.2642182649997,607.3731286162092,0.0404808446764946,0.15147112682461739,0.006696603028103709,17.004172405760354,0.0,0.84
153,156672,nominal,257.80362880699977,257.80362880699977,607.7183658159047,0.04360157623887062,0.007268858200404793,0.012883909745141864,17.004172405760354,0.0,0.84
154,157696,nominal,259.4469350830004,259.4469350830004,607.8160065739494,0.03901754692196846,0.1682631199946627,0.006918921135365963,16.98801161175509,0.0,0.84
155,158720,nominal,261.03727525500017,261.03727525500017,608.0357674778469,0.04108121991157532,0.18227968888822943,0.005662416340783238,16.940921813035967,0.0,0.84
156,159744,nominal,262.8855670180001,262.8855670180001,607.65603000587,0.04441642761230469,0.009303993720095605,0.010336172999814153,16.940921813035967,0.0,0.84
157,160768,nominal,264.5726714279999,264.5726714279999,607.6515731283719,0.041286762803792953,0.18197475001215935,0.014317532302811742,16.960062657221325,0.0,0.84
158,161792,nominal,266.22188006099987,266.22188006099987,607.733669234581,0.041714176535606384,0.18085174984298646,0.011280708014965057,16.950485143886368,0.0,0.84
159,162816,nominal,267.8920283710004,267.8920283710004,607.767244848802,0.04245685786008835,0.008499621122609824,0.011728657642379403,16.950485143886368,0.0,0.84
160,163840,nominal,269.469598914,269.469598914,608.0092175900287,0.04246379807591438,0.16560590267181396,0.01143196108750999,16.966045481307052,0.0,0.87
161,164864,nominal,271.26199538699984,271.26199538699984,607.7666713495726,0.04371687397360802,0.14854885428212583,0.007782674394547939,17.008871084463745,0.0,0.85
162,165888,nominal,272.76603430199975,272.76603430199975,608.1695634300748,0.04174559563398361,0.014007940189912915,0.00352894002571702,17.008871084463745,0.0,0.85
163,166912,nominal,274.39667331300006,274.39667331300006,608.2872579493923,0.040490321815013885,0.1723230427596718,0.00704110786318779,17.035715213867242,0.0,0.85
164,167936,nominal,276.0320017260001,276.0320017260001,608.3932259662403,0.043487340211868286,0.011633442481979728,0.007033636095002294,17.035715213867242,0.0,0.85
165,168960,nominal,277.83109645399963,277.83109645399963,608.1392693491192,0.042658109217882156,0.15449766931124032,0.013285230379551649,17.013153112472583,0.0,0.85
166,169984,nominal,279.65523050699994,279.65523050699994,607.8341524019705,0.03971482068300247,0.17230509221553802,0.007824700092896819,17.03633906172532,0.0,0.84
167,171008,nominal,281.4734663299996,281.4734663299996,607.5457208442879,0.04320012032985687,0.009645903541240841,0.013422987423837185,17.03633906172532,0.0,0.84
168,172032,nominal,283.24559218299964,283.24559218299964,607.3598486533671,0.04173452779650688,0.17015556618571281,0.005360439885407686,17.02398180530515,0.0,0.84
169,173056,nominal,284.8101119209996,284.8101119209996,607.6188757230717,0.04256681352853775,0.16878428659401834,0.011354898335412145,17.028333853805336,0.0,0.83
170,174080,nominal,286.2863859549998,286.2863859549998,608.0624456496613,0.04446426033973694,0.009938928706105798,0.0136213144287467,17.028333853805336,0.0,0.83
171,175104,nominal,287.7933781499996,287.7933781499996,608.4365148552332,0.04305579885840416,0.177870515268296,0.010108206188306212,17.048083342817037,0.0,0.84
172,176128,nominal,289.5067476710001,289.5067476710001,608.3726939592945,0.044606100767850876,0.18381648883223534,0.002903552260249853,17.036621597366324,0.0,0.84
173,177152,nominal,291.2925140850002,291.2925140850002,608.1584367400063,0.041457537561655045,0.016476134420372546,0.007259078091010451,17.036621597366324,0.0,0.84
174,178176,nominal,292.976363449,292.976363449,608.1582756453869,0.040289510041475296,0.14958418131573126,0.010156959295272827,17.01791007109587,0.0,0.87
175,179200,nominal,294.66599895499985,294.66599895499985,608.1461744331306,0.044116098433732986,0.16048454772680998,0.006029992830008268,17.009370685540446,0.0,0.87
176,180224,nominal,296.3452598189997,296.3452598189997,608.1555011545531,0.04086466506123543,0.009495614387560636,0.009622916113585234,17.009370685540446,0.0,0.87
177,181248,nominal,298.1360873630001,298.1360873630001,607.9371390532765,0.04325978457927704,0.15367130044614896,0.016310306964442134,16.95480001315524,0.0,0.86
178,182272,nominal,300.0301449660001,300.0301449660001,607.5122885423908,0.046218641102313995,0.004428627842571586,0.013177441549487412,16.95480001315524,0.0,0.86
179,183296,nominal,301.647209021,301.647209021,607.6502434578779,0.04181213676929474,0.18387586763128638,-0.0005582687444984913,16.993019399181016,0.0,0.87
180,184320,nominal,303.3031134920002,303.3031134920002,607.7088951639184,0.04228872433304787,0.18327616015449166,0.009041567565873265,16.971879053428527,0.0,0.86
181,185344,nominal,304.7029910399997,304.7029910399997,608.2775865356342,0.0441351979970932,0.008712234499398619,0.005888946820050478,16.971879053428527,0.0,0.86
182,186368,nominal,306.1712218120001,306.1712218120001,608.7051516371337,0.04115012288093567,0.18230735417455435,0.011821853695437312,16.98181913685364,0.0,0.86
183,187392,nominal,307.6877487040001,307.6877487040001,609.0330238669129,0.043514836579561234,0.17040791339240968,0.011896196752786636,16.969014679126772,0.0,0.86
184,188416,nominal,309.18971466400035,309.18971466400035,609.3863769199231,0.04376813396811485,0.012783014273736626,0.004586411640048027,16.969014679126772,0.0,0.86
185,189440,nominal,310.7281084489996,310.7281084489996,609.6648318865982,0.04346110671758652,0.17508083395659924,0.006707987282425165,16.98112744891163,0.0,0.87
186,190464,nominal,312.33033699000043,312.33033699000043,609.8158822340012,0.04494978114962578,0.18475755606777966,0.01071006990969181,17.00346383860501,0.0,0.87
187,191488,nominal,313.74597064299996,313.74597064299996,610.3281569084664,0.04243394732475281,0.011180743749719113,0.015992806758731604,17.00346383860501,0.0,0.87
188,192512,nominal,315.35725480200017,315.35725480200017,610.4568614439213,0.040881551802158356,0.171831373590976,0.00706529535818845,17.00168223028197,0.0,0.87
189,193536,nominal,317.0403440119999,317.0403440119999,610.4459689605773,0.04472636431455612,0.014598881884012371,0.011082424316555262,17.00168223028197,0.0,0.87
190,194560,nominal,318.7369515999999,318.7369515999999,610.4093015364086,0.04035619646310806,0.1774067662190646,0.00820065918378532,17.01889497130776,0.0,0.87
191,195584,nominal,320.51085959400007,320.51085959400007,610.2258134022405,0.0430104061961174,0.18387132417410612,0.007842227350920439,17.009407181757734,0.0,0.88
192,196608,nominal,322.18378123300045,322.18378123300045,610.2355594920988,0.04430320858955383,0.011125760618597269,0.007752861827611923,17.009407181757734,0.0,0.88
193,197632,nominal,323.99169782100034,323.99169782100034,609.9909390554451,0.04098367691040039,0.17951807146891952,0.015275081619620323,17.03589460791128,0.0,0.89
194,198656,nominal,325.9270061469997,325.9270061469997,609.5107071624562,0.04142274707555771,0.1832884419709444,0.014701507287099957,17.05793378831843,0.0,0.89
195,199680,nominal,327.89010874199994,327.89010874199994,608.9845185208623,0.04332200065255165,0.014880715287290514,0.014246528036892414,17.05793378831843,0.0,0.89
196,200704,nominal,329.82262114900004,329.82262114900004,608.5210265469643,0.04289223998785019,0.17326747719198465,0.014952034456655383,17.046338862759402,0.0,0.88
197,201728,nominal,331.58851489599965,331.58851489599965,608.3684776092758,0.04419424384832382,0.18934151344001293,-0.00013523665256798267,17.06752608372442,0.0,0.86
198,202752,nominal,333.24774906400035,333.24774906400035,608.4122115437348,0.04349706321954727,0.015049176523461938,0.013098662486299872,17.06752608372442,0.0,0.86
199,203776,nominal,334.9012554660003,334.9012554660003,608.4659184584265,0.042597245424985886,0.1888423749478534,0.015936227748170495,17.101578223366264,0.0,0.84
200,204800,nominal,336.4979542880001,336.4979542880001,608.6218278305397,0.044428590685129166,0.18149702530354261,0.011627922067418694,17.108969959412512,0.0,0.85
201,205824,nominal,338.26108715099963,338.26108715099963,608.4767294209051,0.04043128713965416,0.01781498925993219,0.0030959886498749256,17.108969959412512,0.0,0.85
202,206848,nominal,340.1087771749999,340.1087771749999,608.1818932110895,0.04206594079732895,0.16531917813699692,0.009381097508594394,17.091334851845453,0.0,0.84
203,207872,nominal,342.0253523419997,342.0253523419997,607.7678118788797,0.04409481957554817,0.006818014429882169,0.010891063138842583,17.091334851845453,0.0,0.84
204,208896,nominal,343.9448174529998,343.9448174529998,607.3532421477631,0.03910030052065849,0.184698938857764,0.008696914184838533,17.118805509817147,0.0,0.85
205,209920,nominal,345.86062920600034,345.86062920600034,606.9496851431684,0.04292485862970352,0.1792412749491632,0.010417763376608491,17.077971792570924,0.0,0.86
206,210944,nominal,347.72990890799974,347.72990890799974,606.6317408889043,0.044252216815948486,0.014542483569433292,0.01643863848100106,17.077971792570924,0.0,0.86
207,211968,nominal,349.54902430699985,349.54902430699985,606.4042101683397,0.04084093123674393,0.188393731135875,-0.0024303190875798464,17.127060745486457,0.0,0.86
208,212992,nominal,350.9880233590002,350.9880233590002,606.8355209435335,0.0427139587700367,0.1679476802237332,0.0069623400922864676,17.114743417062243,0.0,0.87
209,214016,nominal,352.6079217710003,352.6079217710003,606.9517636617131,0.04439642280340195,0.012917345156893134,0.008404812775552273,17.114743417062243,0.0,0.87
210,215040,nominal,354.2945617129999,354.2945617129999,606.9525847653159,0.04407219588756561,0.17244618758559227,0.011382668977603316,17.11690252871137,0.0,0.87
211,216064,nominal,355.76896057500016,355.76896057500016,607.315488261802,0.045099709182977676,0.17624788777902722,0.012289171572774649,17.123077977970034,0.0,0.87
212,217088,nominal,357.27184175300044,357.27184175300044,607.6269513287968,0.04095890000462532,0.017040432314388454,0.010108596179634333,17.123077977970034,0.0,0.87
213,218112,nominal,358.6685421709999,358.6685421709999,608.1157792087946,0.04258443042635918,0.16750963497906923,0.010625201975926757,17.125405337596483,0.0,0.86
214,219136,nominal,360.3576955660001,360.3576955660001,608.1068968315258,0.044720619916915894,0.011602664075326174,0.01589276222512126,17.125405337596483,0.0,0.86
215,220160,nominal,362.0456571229997,362.0456571229997,608.1000991684423,0.03982176259160042,0.16219005780294538,0.0009709848091006279,17.157230361487404,0.0,0.85
216,221184,nominal,364.0577720809997,364.0577720809997,607.5519243434486,0.04243410751223564,0.1869939803145826,0.017875491408631206,17.14662544552149,0.0,0.86
217,222208,nominal,365.9459731220004,365.9459731220004,607.2153167973773,0.045247554779052734,0.007856151089072227,0.0110526611097157,17.14662544552149,0.0,0.86
218,223232,nominal,367.69928290999997,367.69928290999997,607.1048010573343,0.042166247963905334,0.18519287649542093,0.0065659398678690195,17.127574133294157,0.0,0.86
219,224256,nominal,369.37684342600005,369.37684342600005,607.1198127094473,0.042641784995794296,0.17780191381461918,0.01373237557709217,17.13482111900143,0.0,0.87
220,225280,nominal,370.93939446199965,370.93939446199965,607.3229302774378,0.044007789343595505,0.00928043044405058,0.01665283995680511,17.13482111900143,0.0,0.87
221,226304,nominal,372.55451672300023,372.55451672300023,607.4386159388865,0.04245009645819664,0.17210141546092927,0.003531693248078227,17.13329098456343,0.0,0.87
222,227328,nominal,374.16071735399964,374.16071735399964,607.5677896055593,0.04295412823557854,0.18746495037339628,0.008401766419410706,17.131455790148426,0.0,0.85
223,228352,nominal,375.7464708489997,375.7464708489997,607.7289281893675,0.0436861552298069,0.010386593698058277,0.006672677816823125,17.131455790148426,0.0,0.85
224,229376,nominal,377.16080918199987,377.16080918199987,608.1649906772632,0.04307592287659645,0.1784894685843028,0.006507478188723326,17.143608784182405,0.0,0.85
225,230400,nominal,378.5680064950002,378.5680064950002,608.6092750762945,0.0430481880903244,0.19246156653389335,0.0173264320474118,17.117924022177334,0.0,0.83
226,231424,nominal,380.1386235299997,380.1386235299997,608.7884410454718,0.041278861463069916,0.018950274563394487,0.010172593174502254,17.117924022177334,0.0,0.83
227,232448,nominal,381.6193261640001,381.6193261640001,609.1096128085137,0.04117889702320099,0.16263273218646646,0.010100919520482421,17.10365826391386,0.0,0.83
228,233472,nominal,383.0708109220004,383.0708109220004,609.4747846698734,0.044304847717285156,0.011557350924704224,0.011824224377050996,17.10365826391386,0.0,0.83
229,234496,nominal,384.558155058,384.558155058,609.7803333923129,0.040723834186792374,0.18756274925544858,0.004909520968794823,17.104002831714155,0.0,0.83
230,235520,nominal,386.22503672699986,386.22503672699986,609.7999290669379,0.04323751851916313,0.17844586772844195,0.015190222067758441,17.102985422080398,0.0,0.83
231,236544,nominal,387.81516119499975,387.81516119499975,609.9400530683787,0.044273730367422104,0.008729279623366892,0.010764725971966982,17.102985422080398,0.0,0.83
232,237568,nominal,389.31949377900037,389.31949377900037,610.2134719584757,0.041616689413785934,0.16180475847795606,-0.0005412281025201082,17.10974968591197,0.0,0.83
233,238592,nominal,390.82722715,390.82722715,610.4794738582225,0.04135962203145027,0.17653748160228133,0.009394017746672034,17.111363642748543,0.0,0.82
234,239616,nominal,392.3075285120003,392.3075285120003,610.7861373674107,0.04241296648979187,0.011601653997786343,0.012047099648043513,17.111363642748543,0.0,0.82
235,240640,nominal,393.9000364129997,393.9000364129997,610.9164197885265,0.044186461716890335,0.16239865054376423,0.010067978873848915,17.107352346656583,0.0,0.83
236,241664,nominal,395.4775205400001,395.4775205400001,611.0688659876869,0.044750094413757324,0.1781846061348915,0.014591266168281436,17.12409380884099,0.0,0.85
237,242688,nominal,396.98075173800044,396.98075173800044,611.3344260080634,0.04302804544568062,0.012563621916342527,0.0069660216104239225,17.12409380884099,0.0,0.85
238,243712,nominal,398.60856792400045,398.60856792400045,611.4068276787935,0.04352348670363426,0.1868392494507134,0.013859429163858294,17.12326557367169,0.0,0.86
239,244736,nominal,400.25797584500015,400.25797584500015,611.4456544765369,0.04451463744044304,0.009465104260016233,0.01294051413424313,17.12326557367169,0.0,0.86
240,245760,nominal,402.0902823610004,402.0902823610004,611.2060171087506,0.041596122086048126,0.18149972334504128,0.01231280225329101,17.131055546443847,0.0,0.86
241,246784,nominal,403.9066206610005,403.9066206610005,610.9927081564881,0.041805244982242584,0.1853297462221235,0.00886800279840827,17.144039132173226,0.0,0.86
242,247808,nominal,405.6336803530003,405.6336803530003,610.9157399956201,0.0442579947412014,0.010558678943198174,0.006433452712371945,17.144039132173226,0.0,0.86
243,248832,nominal,407.26853277600003,407.26853277600003,610.9777210233401,0.0407680980861187,0.17528171138837934,0.011779113439843059,17.142158350406714,0.0,0.85
244,249856,nominal,408.98166263799976,408.98166263799976,610.9222559964846,0.039579518139362335,0.17813509609550238,0.017900614999234676,17.151460271812496,0.0,0.83
245,250880,nominal,410.8847023489998,410.8847023489998,610.584912423695,0.04420759901404381,0.015156513487454504,0.005611710716038942,17.151460271812496,0.0,0.83
246,251904,nominal,412.58628209499966,412.58628209499966,610.5486559584598,0.040807511657476425,0.15332370344549417,0.010818695882335305,17.125677934658665,0.0,0.84
247,252928,nominal,414.6747944609997,414.6747944609997,609.9430285574977,0.04198513925075531,0.1771827219054103,0.011747410288080573,17.120646815036014,0.0,0.84
248,253952,nominal,416.3127342380003,416.3127342380003,610.0029595895548,0.04235709831118584,0.017662325059063733,0.01473304908722639,17.120646815036014,0.0,0.84
249,254976,nominal,417.8847143720004,417.8847143720004,610.1587141879056,0.0428306981921196,0.1517883539199829,0.014237585477530956,17.094857237274365,0.0,0.84
250,256000,nominal,419.4530729999997,419.4530729999997,610.3185707260278,0.043612752109766006,0.17932571936398745,0.011247533140704036,17.067417198337758,0.0,0.83
251,257024,nominal,421.0154659339996,421.0154659339996,610.4858866165556,0.041093677282333374,0.014535588677972555,0.014237655326724052,17.067417198337758,0.0,0.83
252,258048,nominal,422.5552142639999,422.5552142639999,610.6846899273601,0.03976414352655411,0.17059687222354114,0.00806380482390523,17.06819641676664,0.0,0.83
253,259072,nominal,424.17192836699996,424.17192836699996,610.7712054340545,0.04389622062444687,0.012375962804071605,0.004470138344913721,17.06819641676664,0.0,0.83
254,260096,nominal,425.749196793,425.749196793,610.9136598711168,0.0423915833234787,0.17995441239327192,0.00992534402757883,17.03165872597487,0.0,0.84
255,261120,nominal,427.1532082800004,427.1532082800004,611.3029117853071,0.04316176846623421,0.18270952568855137,0.018020732095465064,17.073480793829905,0.0,0.85
256,262144,nominal,428.6161391309997,428.6161391309997,611.6055278074348,0.0442652553319931,0.009829472517594695,0.010546457022428513,17.073480793829905,0.0,0.85
257,263168,nominal,430.081523545,430.081523545,611.9025942588868,0.040896978229284286,0.17181901261210442,0.005234981887042522,17.054941785681706,0.0,0.85
258,264192,nominal,431.716826287,431.716826287,611.9566899261148,0.042812518775463104,0.16321010189130902,0.009869223460555077,17.03684841758733,0.0,0.84
259,265216,nominal,433.15677086400046,433.15677086400046,612.2864003048694,0.04409262537956238,0.00769417331321165,0.01935592107474804,17.03684841758733,0.0,0.84
260,266240,nominal,434.7421397930002,434.7421397930002,612.4090020966648,0.04391123354434967,0.18411492346785963,0.0048424662090837955,17.04912607014445,0.0,0.84
261,267264,nominal,436.173472814,436.173472814,612.7470299276338,0.04497011750936508,0.17690784763544798,0.009675228036940098,17.078030721506014,0.0,0.86
262,268288,nominal,437.6050954909997,437.6050954909997,613.0824406854236,0.04218369349837303,0.014217205462045968,0.007181541528552771,17.078030721506014,0.0,0.86
263,269312,nominal,439.10502556400024,439.10502556400024,613.3202407649223,0.04175503924489021,0.1677644040901214,0.007774882484227419,17.06329075067562,0.0,0.85
264,270336,nominal,440.86445855700003,440.86445855700003,613.1952684161494,0.04439060389995575,0.0005016918876208365,0.01852885098196566,17.06329075067562,0.0,0.85
265,271360,nominal,442.3396534679996,442.3396534679996,613.4652362104614,0.039957910776138306,0.17902549030259252,0.012805263977497816,17.06559812431868,0.0,0.87
266,272384,nominal,443.8435654550003,443.8435654550003,613.6937002134281,0.04248522222042084,0.18184842728078365,0.009404014563187957,17.05877401301098,0.0,0.88
267,273408,nominal,445.40071568799976,445.40071568799976,613.8472399571098,0.043797627091407776,0.014410818635951728,0.00476660649292171,17.05877401301098,0.0,0.88
268,274432,nominal,446.9089188480002,446.9089188480002,614.0669573285873,0.04078406095504761,0.1791724434006028,0.010172127280384302,17.058463962128798,0.0,0.88
269,275456,nominal,448.4660234140001,448.4660234140001,614.2182141314942,0.041751377284526825,0.16210573678836226,0.004840886685997248,17.06303519599071,0.0,0.87
270,276480,nominal,450.1986343540002,450.1986343540002,614.128917553753,0.042318928986787796,0.010385123430751264,0.01175352232530713,17.06303519599071,0.0,0.87
271,277504,nominal,452.0117460720003,452.0117460720003,613.9309485019373,0.03963366150856018,0.16235145460814238,0.009869704255834222,17.02195105618222,0.0,0.86
272,278528,nominal,453.7252486819998,453.7252486819998,613.8692982351762,0.043100614100694656,0.16546370880678296,0.013314981944859028,17.004634401597706,0.0,0.86
273,279552,nominal,455.2681665680002,455.2681665680002,614.0381000221884,0.04307128116488457,0.005336659960448742,0.006201598793268204,17.004634401597706,0.0,0.86
274,280576,nominal,457.03161926099983,457.03161926099983,613.909384330299,0.04246772080659866,0.17094231769442558,0.0038637248799204826,17.02686844003971,0.0,0.85
275,281600,nominal,458.87585818200023,458.87585818200023,613.6736003407511,0.045001205056905746,0.17695648386143148,0.009104715893045068,17.014986692644566,0.0,0.85
276,282624,nominal,460.7504149960005,460.7504149960005,613.3993389945255,0.040715206414461136,0.016437765210866928,0.005291864741593599,17.014986692644566,0.0,0.85
277,283648,nominal,462.3077325989998,462.3077325989998,613.5480330501694,0.04228513687849045,0.16265223687514663,0.01222431194037199,16.987115625094063,0.0,0.86
278,284672,nominal,463.8594912890003,463.8594912890003,613.7030832525094,0.0447956807911396,0.005042972567025572,0.015872109681367874,16.987115625094063,0.0,0.86
279,285696,nominal,465.37642771300034,465.37642771300034,613.9030320121627,0.04214465990662575,0.1867034756578505,0.00687013566493988,16.98158084730199,0.0,0.86
280,286720,nominal,467.14022515600027,467.14022515600027,613.777158462966,0.04198336973786354,0.17583389533683658,0.005371373845264316,16.991538086270495,0.0,0.87
281,287744,nominal,468.5737203710005,468.5737203710005,614.0848013673798,0.04466059431433678,0.010008310084231198,0.00802331231534481,16.991538086270495,0.0,0.87
282,288768,nominal,470.1720979869997,470.1720979869997,614.1751099997952,0.04350161552429199,0.17990478716092184,0.007697593187913299,16.99386181985708,0.0,0.88
283,289792,nominal,471.71758725899963,471.71758725899963,614.3336772408442,0.0452202670276165,0.18770156521350145,0.016810639994218946,17.041193038226147,0.0,0.9
284,290816,nominal,473.1438583420004,473.1438583420004,614.6460423666555,0.0450628437101841,0.012163426668848842,0.01142512378282845,17.041193038226147,0.0,0.9
285,291840,nominal,474.77974939900014,474.77974939900014,614.6850205161985,0.043087974190711975,0.17698798107448965,0.005504013504832983,17.088722523512114,0.0,0.88
286,292864,nominal,476.5644882059996,476.5644882059996,614.531731272026,0.0440802127122879,0.1801143796183169,0.004542712587863207,17.119056295664983,0.0,0.88
287,293888,nominal,478.1532268210003,478.1532268210003,614.6314267372263,0.043228648602962494,0.021071266499347985,0.013368170009925961,17.119056295664983,0.0,0.88
288,294912,nominal,480.05903709799986,480.05903709799986,614.324441807761,0.042713064700365067,0.1885376707650721,0.012310220394283533,17.140850707028736,0.0,0.88
289,295936,nominal,481.91602887000045,481.91602887000045,614.082085407934,0.04311459884047508,0.009938465489540249,0.00817849044688046,17.140850707028736,0.0,0.88
290,296960,nominal,484.2203620279997,484.2203620279997,613.2744991480315,0.04300076887011528,0.16997846821323037,0.010621460154652596,17.134087026775234,0.0,0.88
291,297984,nominal,486.2480543700003,486.2480543700003,612.8230176387611,0.040231090039014816,0.18778145825490355,0.011593779549002647,17.156662620242148,0.0,0.88
292,299008,nominal,488.07868256300026,488.07868256300026,612.6225354277885,0.043054383248090744,0.006111753813456744,0.008158609736710787,17.156662620242148,0.0,0.88
293,300032,nominal,490.30647553699964,490.30647553699964,611.9274677565602,0.04315781593322754,0.16391327884048223,0.009899424621835351,17.148330215895857,0.0,0.87
294,301056,nominal,492.067528046,492.067528046,611.8184656392452,0.04163193702697754,0.19150233687832952,0.01078323507681489,17.143977993874454,0.0,0.85
295,302080,nominal,493.6592193180004,493.6592193180004,611.9201023275313,0.04410117492079735,0.024230188108049333,0.00598201178945601,17.143977993874454,0.0,0.85
296,303104,nominal,495.3005064130002,495.3005064130002,611.9598023331324,0.04277520999312401,0.18105259421281517,0.0102841230109334,17.13905908980821,0.0,0.85
297,304128,nominal,496.791198463,496.791198463,612.1847587898658,0.044622231274843216,0.17819456872530282,0.010795331560075283,17.16872264619175,0.0,0.86
298,305152,nominal,498.2247633930001,498.2247633930001,612.4785888237672,0.044795922935009,0.007655836525373161,0.01411055470816791,17.16872264619175,0.0,0.86
299,306176,nominal,499.7976585619999,499.7976585619999,612.5999086928873,0.03851253166794777,0.1836864841170609,0.011050666449591517,17.183430638302426,0.0,0.86
300,307200,nominal,501.5457610220001,501.5457610220001,612.5064228915392,0.043384477496147156,0.16848059964831918,0.007152371574193239,17.113958155804074,0.0,0.86
301,308224,nominal,503.2287279640004,503.2287279640004,612.4928543865832,0.04264608025550842,0.016244366706814617,0.007878751028329134,17.113958155804074,0.0,0.86
302,309248,nominal,505.0724008799998,505.0724008799998,612.2844951757208,0.04449194297194481,0.18178596021607518,0.005938509479165077,17.120762502160066,0.0,0.87
303,310272,nominal,506.6358063560001,506.6358063560001,612.4162487283414,0.04453177750110626,0.011324999446514994,0.013132639229297638,17.120762502160066,0.0,0.87
304,311296,nominal,508.4518879569996,508.4518879569996,612.2427851547808,0.04327421635389328,0.19284946867264807,0.008804290322586894,17.148791809046887,0.0,0.86
305,312320,nominal,510.02250893400014,510.02250893400014,612.365130026871,0.044259075075387955,0.19469913933426142,0.008564077084884048,17.189236015361192,0.0,0.86
306,313344,nominal,511.6917979589998,511.6917979589998,612.3686196453499,0.04418167471885681,0.011625533981714398,0.012115543941035867,17.189236015361192,0.0,0.86
307,314368,nominal,513.234151871,513.234151871,612.5235408710985,0.044378701597452164,0.160505487350747,0.019309639232233167,17.205035235239315,0.0,0.86
308,315392,nominal,514.8646888359999,514.8646888359999,612.572597885931,0.04410919174551964,0.1817260265816003,0.014622413087636232,17.240390610385155,0.0,0.86
309,316416,nominal,516.3672241980003,516.3672241980003,612.7732070745659,0.04492560774087906,0.016960747248958796,0.009847228648141026,17.240390610385155,0.0,0.86
310,317440,nominal,517.9223834490003,517.9223834490003,612.9103706352136,0.04120282828807831,0.1715742638334632,0.004530515754595399,17.30018299913711,0.0,0.87
311,318464,nominal,519.4338283140005,519.4338283140005,613.0983055795258,0.04348458722233772,0.14659709483385086,0.009124758187681437,17.309277713155623,0.0,0.88
312,319488,nominal,521.1616748209999,521.1616748209999,613.0304959775343,0.04005737602710724,0.017537537903990597,0.008158964104950428,17.309277713155623,0.0,0.88
313,320512,nominal,522.8619012729996,522.8619012729996,612.9955141494474,0.04177550971508026,0.1625354690477252,0.010018028551712632,17.28125727772912,0.0,0.88
314,321536,nominal,524.3800998810002,524.3800998810002,613.1735359007093,0.042996641248464584,0.009576982934959233,0.012603491079062223,17.28125727772912,0.0,0.88
315,322560,nominal,525.9609511640001,525.9609511640001,613.2774672457051,0.04082980751991272,0.15630334964953363,0.012585851131007075,17.252786890189086,0.0,0.86
316,323584,nominal,527.7951693369996,527.7951693369996,613.0863236328527,0.04203344136476517,0.16847343277186155,0.000965457409620285,17.24973783494103,0.0,0.85
317,324608,nominal,529.9291462780002,529.9291462780002,612.5498140268568,0.043994881212711334,0.0067500772420316935,0.014704024652019143,17.24973783494103,0.0,0.85
318,325632,nominal,532.1401997160001,532.1401997160001,611.9289619047532,0.04028734564781189,0.1785937868990004,0.0037881070747971535,17.242569632424264,0.0,0.85
319,326656,nominal,534.0352412749999,534.0352412749999,611.6749883773858,0.04185772314667702,0.1712419386021793,0.009505949448794127,17.220720978522127,0.0,0.85
320,327680,nominal,535.9681594370004,535.9681594370004,611.3796019976382,0.04476657509803772,0.004573073994833976,0.015820216853171587,17.220720978522127,0.0,0.85
321,328704,nominal,537.9396941269997,537.9396941269997,611.0424710960217,0.0421442873775959,0.17911155009642243,0.005446350667625666,17.22667867518104,0.0,0.85
322,329728,nominal,539.496170251,539.496170251,611.1776471862523,0.043245136737823486,0.17281037638895214,0.00678577390499413,17.200506514559827,0.0,0.85
323,330752,nominal,541.120967029,541.120967029,611.2348627257576,0.04343638941645622,0.012612982342640558,0.02050147329767545,17.200506514559827,0.0,0.85
324,331776,nominal,542.7262403599998,542.7262403599998,611.3137256454141,0.041217140853405,0.1878478212747723,0.009778014617040753,17.178292887396562,0.0,0.87
325,332800,nominal,544.3351691030002,544.3351691030002,611.3880176958158,0.044164977967739105,0.17571834428235888,0.006875340361148119,17.156555302580216,0.0,0.88
326,333824,nominal,545.7234947059997,545.7234947059997,611.7090490667672,0.04273322597146034,0.006139784905826673,0.012718258192762733,17.156555302580216,0.0,0.88
327,334848,nominal,547.1236037300005,547.1236037300005,612.0152698899897,0.03843158483505249,0.18026492465287447,0.009319038828834891,17.146544813269053,0.0,0.87
328,335872,nominal,548.5951873470003,548.5951873470003,612.240150381692,0.04374868795275688,0.011082527926191688,0.010341492947191,17.146544813269053,0.0,0.87
329,336896,nominal,550.0882892330001,550.0882892330001,612.4398693703175,0.0391029417514801,0.17299216089304537,0.010181395569816232,17.112473565799796,0.0,0.88
330,337920,nominal,551.8976398089999,551.8976398089999,612.2874526460141,0.0420515239238739,0.17707527533639222,0.008924380876123905,17.073633413072756,0.0,0.89
331,338944,nominal,553.7102786530004,553.7102786530004,612.1323967915895,0.04474848136305809,0.01379377581179142,0.002537411404773593,17.073633413072756,0.0,0.89
332,339968,nominal,555.3784978240001,555.3784978240001,612.1374906158793,0.04260445386171341,0.17122164694592357,0.01147198211401701,17.112991094434914,0.0,0.9
333,340992,nominal,556.92690305,556.92690305,612.2742466427167,0.04043571650981903,0.16295969276688993,0.018785435240715742,17.095682742970123,0.0,0.9
334,342016,nominal,558.5279380330003,558.5279380330003,612.3525372866706,0.04247315973043442,0.01468281849520281,0.0029266683850437403,17.095682742970123,0.0,0.9
335,343040,nominal,560.3567975839997,560.3567975839997,612.1813842163251,0.040534645318984985,0.16319260210730135,0.014069280819967389,17.07390789892776,0.0,0.9
336,344064,nominal,562.0399544680004,562.0399544680004,612.1700019096938,0.0456823967397213,0.1629692473798059,0.012184933759272099,17.060506148268807,0.0,0.9
337,345088,nominal,563.8489866709997,563.8489866709997,612.0220274535235,0.042977720499038696,0.00891489878995344,0.010287736775353551,17.060506148268807,0.0,0.9
338,346112,nominal,565.3979389389997,565.3979389389997,612.1564585988732,0.04169975593686104,0.1764342705719173,0.009602143196389079,17.042815858559628,0.0,0.89
339,347136,nominal,566.9638273219998,566.9638273219998,612.2718651023367,0.04390272498130798,0.010805229132529348,0.01331030298024416,17.042815858559628,0.0,0.89
340,348160,nominal,568.745812137,568.745812137,612.1539580077557,0.043971508741378784,0.16954677226021886,0.007245622808113694,17.08189858742866,0.0,0.88
341,349184,nominal,570.5912413739998,570.5912413739998,611.968734674502,0.04330674558877945,0.18740862483779588,0.022496660550435383,17.093776495731802,0.0,0.87
342,350208,nominal,572.3189368960002,572.3189368960002,611.9105579475847,0.04472722113132477,0.009618614509236068,0.01720426371321082,17.093776495731802,0.0,0.87
343,351232,nominal,573.825893624,573.825893624,612.0880983285588,0.0418156273663044,0.19181068893522024,0.007228425703942776,17.08595451668387,0.0,0.87
344,352256,nominal,575.4604358030001,575.4604358030001,612.1289633204069,0.04175420105457306,0.1791045981226489,0.007817447651177645,17.062230187305694,0.0,0.86
345,353280,nominal,577.0090765860004,577.0090765860004,612.2607326911699,0.04203246161341667,0.012951842625625432,0.01584208500571549,17.062230187305694,0.0,0.86
346,354304,nominal,578.4478233230002,578.4478233230002,612.5081393938616,0.04223238304257393,0.16360745299607515,0.01393499388359487,17.0200358525147,0.0,0.84
347,355328,nominal,580.0948044750003,580.0948044750003,612.5343603474959,0.04187150299549103,0.16914933058433235,0.003941708593629301,16.981695156845255,0.0,0.83
348,356352,nominal,581.644659998,581.644659998,612.6627209149059,0.042409747838974,0.012782416946720332,0.010543988784775138,16.981695156845255,0.0,0.83
349,357376,nominal,583.2045636160001,583.2045636160001,612.7798414062264,0.0385906919836998,0.17981009650975466,0.009989874670282006,16.94814431944182,0.0,0.83
350,358400,nominal,584.8398465689997,584.8398465689997,612.8173415381603,0.04290277883410454,0.16272482101339847,0.015402622986584902,16.91810425828551,0.0,0.82
351,359424,nominal,586.7360492850003,586.7360492850003,612.5820979263095,0.037484295666217804,0.019683117512613535,0.0011745716910809278,16.91810425828551,0.0,0.82
352,360448,nominal,588.470660123,588.470660123,612.5165185374925,0.04130205512046814,0.16452337248483673,0.013794563012197614,16.88867358072167,0.0,0.82
353,361472,nominal,590.1008580500002,590.1008580500002,612.5596922439518,0.0437920019030571,0.008983115199953318,0.018932549748569727,16.88867358072167,0.0,0.82
354,362496,nominal,591.6800865360001,591.6800865360001,612.6553998500073,0.04389611631631851,0.174746495205909,0.01153338560834527,16.8969657949911,0.0,0.83
355,363520,nominal,593.2392074589998,593.2392074589998,612.7713668101139,0.04270812124013901,0.1858040289953351,0.008724373066797853,16.942639493426373,0.0,0.84
356,364544,nominal,594.7998685709999,594.7998685709999,612.8851387876277,0.044893257319927216,0.009756499086506665,0.0109818778000772,16.942639493426373,0.0,0.84
357,365568,nominal,596.1597995210004,596.1597995210004,613.2047150675453,0.04286664351820946,0.18150937132304534,0.010814308887347579,16.945986802522064,0.0,0.85
358,366592,nominal,597.6205974530003,597.6205974530003,613.4192856845609,0.04345814511179924,0.18475854874122888,0.0037224628031253815,16.98074370449993,0.0,0.85
359,367616,nominal,599.1352932669997,599.1352932669997,613.5776078144924,0.04339808225631714,0.016409549047239125,0.013891836628317833,16.98074370449993,0.0,0.85
360,368640,nominal,600.8272339369996,600.8272339369996,613.5540787398031,0.04415960609912872,0.15940527501516044,0.0063241575844585896,16.969183240709764,0.0,0.85
361,369664,nominal,602.2491631740004,602.2491631740004,613.8057511807576,0.04555894434452057,0.20634348457679152,0.01014422974549234,17.01198509932629,0.0,0.85
362,370688,nominal,603.8169920379996,603.8169920379996,613.9078642832757,0.03981092572212219,0.018472282274160534,0.0025176978670060635,17.01198509932629,0.0,0.85
363,371712,nominal,605.2597824630002,605.2597824630002,614.1362944806644,0.04176107048988342,0.1568979148287326,0.009593023220077157,16.970778364178404,0.0,0.84
364,372736,nominal,606.7401792820001,606.7401792820001,614.3255593211013,0.045299358665943146,0.014438355574384332,0.0018015627283602953,16.970778364178404,0.0,0.84
365,373760,nominal,608.5043926520002,608.5043926520002,614.2272833414877,0.04410254955291748,0.1744491709396243,0.007025268627330661,16.997711197985314,0.0,0.84
366,374784,nominal,610.2237193560004,610.2237193560004,614.1747495419029,0.0431230291724205,0.22407957818359137,0.005437913816422224,17.028367473336324,0.0,0.85
367,375808,nominal,611.6861563760003,611.6861563760003,614.3804238214486,0.0431407131254673,0.015146424586419016,0.019750819308683276,17.028367473336324,0.0,0.85
368,376832,nominal,613.2707233419997,613.2707233419997,614.4627252813664,0.04198773205280304,0.16622764384374022,0.010845437878742814,17.052873697119367,0.0,0.84
369,377856,nominal,614.9280567470005,614.9280567470005,614.4718814732194,0.0412764772772789,0.16506079898681492,0.00870079966261983,17.076631094752983,0.0,0.83
370,378880,nominal,616.3920914130003,616.3920914130003,614.6736878655693,0.042599890381097794,0.016788057750090957,0.018217328004539013,17.076631094752983,0.0,0.83
371,379904,nominal,618.0486812979998,618.0486812979998,614.6829715778078,0.0408586785197258,0.15725893701892346,0.010335648898035288,17.049417560618025,0.0,0.82
372,380928,nominal,619.5489410950004,619.5489410950004,614.8473102491984,0.043765705078840256,0.1730158820282668,0.016014971071854234,17.049212810573195,0.0,0.83
373,381952,nominal,620.9760491540001,620.9760491540001,615.083303970194,0.04446255415678024,0.017164460150524974,0.010838475078344345,17.049212810573195,0.0,0.83
374,382976,nominal,622.506555766,622.506555766,615.2160109040852,0.04364831745624542,0.18553498992696404,0.001154039055109024,17.095808158790966,0.0,0.83
375,384000,nominal,624.0464861979999,624.0464861979999,615.338774422909,0.04409661889076233,0.1824101614765823,0.013605017680674791,17.106113653775886,0.0,0.83
376,385024,nominal,625.4900369260004,625.4900369260004,615.5557679099386,0.042261820286512375,0.02012845396529883,0.005527762463316321,17.106113653775886,0.0,0.83
377,386048,nominal,627.2035793229998,627.2035793229998,615.5066914903422,0.03901237994432449,0.17340938095003366,0.011341916862875223,17.093739620029456,0.0,0.83
378,387072,nominal,628.8802597659997,628.8802597659997,615.4939576955807,0.04429630562663078,0.018229431472718716,0.01416645827703178,17.093739620029456,0.0,0.83
379,388096,nominal,630.6192650780004,630.6192650780004,615.4204628556614,0.03810560703277588,0.17954503139480948,0.015960023505613208,17.07520593380336,0.0,0.84
380,389120,nominal,632.284804504,632.284804504,615.4188701486314,0.04243447631597519,0.16867048339918256,0.009263845859095454,17.00664842462281,0.0,0.85
381,390144,nominal,634.0822272599999,634.0822272599999,615.2892846183258,0.044260330498218536,0.023816384025849402,0.010986327892169356,17.00664842462281,0.0,0.85
382,391168,nominal,635.8775919629998,635.8775919629998,615.1624226801833,0.04084961116313934,0.151976827532053,0.009068146580830216,16.999507968403268,0.0,0.86
383,392192,nominal,637.6206956719998,637.6206956719998,615.0866850183743,0.04186303913593292,0.1576258281711489,0.018088091630488634,16.97929194111795,0.0,0.85
384,393216,nominal,639.279661906,639.279661906,615.0923037777145,0.041856080293655396,0.016485625004861504,0.004991296213120222,16.97929194111795,0.0,0.85
385,394240,nominal,641.0509106870004,641.0509106870004,614.9901566749223,0.04464375600218773,0.1682732163462788,0.010882873204536736,16.993467502554655,0.0,0.86
386,395264,nominal,642.703247548,642.703247548,615.0023381832684,0.04566537216305733,0.18003107164986432,0.014290839899331331,17.046059684471054,0.0,0.88
387,396288,nominal,644.2977980730002,644.2977980730002,615.0696171634282,0.041992392390966415,0.01310190453659743,0.007177458377555013,17.046059684471054,0.0,0.88
388,397312,nominal,645.9382127110002,645.9382127110002,615.0928868761039,0.03992315009236336,0.1659684334299527,0.004734008805826306,17.048673378828582,0.0,0.87
389,398336,nominal,647.6122216180001,647.6122216180001,615.0841301370036,0.04291604459285736,0.015583957894705236,0.011008246801793575,17.048673378828582,0.0,0.87
390,399360,nominal,649.4104287689997,649.4104287689997,614.9577867990405,0.04014252498745918,0.15730997687205672,0.008763825753703713,17.062236883850787,0.0,0.87
391,400384,nominal,651.4699163149999,651.4699163149999,614.5855548706652,0.0427870973944664,0.17034979397431016,0.003942415816709399,17.089159766426498,0.0,0.86
392,401408,nominal,653.4060814539998,653.4060814539998,614.331594690337,0.045488450676202774,0.007054650748614222,0.013981706462800503,17.089159766426498,0.0,0.86
393,402432,nominal,655.3390438079996,655.3390438079996,614.0821362657953,0.0402953140437603,0.1954402313567698,0.003595683490857482,17.12662078079529,0.0,0.86
394,403456,nominal,657.1085162360005,657.1085162360005,613.9868682741266,0.04250674694776535,0.1760874700266868,0.011419240618124604,17.07708373534308,0.0,0.86
395,404480,nominal,658.9480957100004,658.9480957100004,613.8267985495621,0.04455721378326416,0.013581593753769994,0.0149789375718683,17.07708373534308,0.0,0.86
396,405504,nominal,660.7758903780004,660.7758903780004,613.6785647067559,0.04235145077109337,0.1851817547576502,0.017267082817852497,17.080548617561245,0.0,0.85
397,406528,nominal,662.5212786809998,662.5212786809998,613.6074614982153,0.04493100568652153,0.1797543065622449,0.012795311398804188,17.07456221423135,0.0,0.85
398,407552,nominal,664.2125254470002,664.2125254470002,613.5867427759309,0.04363298788666725,0.011684929835610092,0.002151031047105789,17.07456221423135,0.0,0.85
399,408576,nominal,665.862085492,665.862085492,613.6045419947684,0.04362048581242561,0.18018087791278958,0.007909500505775213,17.093500442613028,0.0,0.84
400,409600,nominal,667.7315613319997,667.7315613319997,613.4201582188574,0.04500050097703934,0.19443552289158106,0.007608822081238031,17.078665287498627,0.0,0.84
401,410624,nominal,669.3635003990003,669.3635003990003,613.45442312769,0.042971596121788025,0.015313591982703656,0.006932753138244152,17.078665287498627,0.0,0.84
402,411648,nominal,671.0401822679996,671.0401822679996,613.4476159217486,0.0430217981338501,0.17875604063738137,0.004303154302760959,17.111978701296255,0.0,0.84
403,412672,nominal,672.5925065179999,672.5925065179999,613.5542635412279,0.04423623904585838,0.012404323206283152,0.011969616869464517,17.111978701296255,0.0,0.84
404,413696,nominal,674.2512650540002,674.2512650540002,613.563550328478,0.039911821484565735,0.19703495455905795,0.010282411938533187,17.115396250889503,0.0,0.83
405,414720,nominal,675.8118734319996,675.8118734319996,613.661902526087,0.04178066924214363,0.16877857048530132,0.008856403874233365,17.04995401897617,0.0,0.82
406,415744,nominal,677.4556848709999,677.4556848709999,613.684421408561,0.0440308079123497,0.010158657561987638,0.003015761962160468,17.04995401897617,0.0,0.82
407,416768,nominal,679.0422923220003,679.0422923220003,613.7585312615103,0.04015045613050461,0.19154579169116914,0.012197921052575111,17.069478908678093,0.0,0.83
408,417792,nominal,680.5728366789999,680.5728366789999,613.882860853961,0.0409826897084713,0.16590454149991274,0.006160314893350005,17.051614958709948,0.0,0.84
409,418816,nominal,682.0169886860003,682.0169886860003,614.084409842791,0.04018225148320198,0.01699317235033959,0.007586372317746282,17.051614958709948,0.0,0.84
410,419840,nominal,683.7747107900004,683.7747107900004,614.0034040085177,0.042962849140167236,0.16754535934887826,0.009941397933289409,17.020754086997496,0.0,0.85
411,420864,nominal,685.2966212560004,685.2966212560004,614.1340653754389,0.04464684799313545,0.1805857284925878,0.01588763971813023,17.04797200938215,0.0,0.85
412,421888,nominal,686.6600200410003,686.6600200410003,614.4059471742787,0.04275453835725784,0.011823183158412576,0.004605231806635857,17.04797200938215,0.0,0.85
413,422912,nominal,688.6261556050003,688.6261556050003,614.1387406762757,0.039986852556467056,0.1787829126114957,0.01315408363007009,17.02516433955773,0.0,0.84
414,423936,nominal,690.6250979360002,690.6250979360002,613.8438948526106,0.04392893984913826,0.010195803071837872,0.008173102280125022,17.02516433955773,0.0,0.84
415,424960,nominal,692.5055239209996,692.5055239209996,613.6557548217897,0.042214855551719666,0.17424119915813208,0.00848943111486733,16.99551817747149,0.0,0.83
416,425984,nominal,694.2055035969997,694.2055035969997,613.6280939761784,0.039852362126111984,0.1881018620915711,0.008515049936249852,16.990328623246405,0.0,0.82
417,427008,nominal,695.8281701989999,695.8281701989999,613.668745083833,0.043689876794815063,0.010879170964471996,0.013117526425048709,16.990328623246405,0.0,0.82
418,428032,nominal,697.4061179399996,697.4061179399996,613.7485591097512,0.04236850515007973,0.17345540458336473,0.005792599869892001,16.995844175129783,0.0,0.82
419,429056,nominal,699.0197629619997,699.0197629619997,613.7966660369293,0.04168565571308136,0.17996609257534146,0.010940666776150465,17.03718719712715,0.0,0.8
420,430080,nominal,700.5144964210003,700.5144964210003,613.9487508071887,0.04311003163456917,0.009975404536817223,0.008705241838470101,17.03718719712715,0.0,0.8
421,431104,nominal,701.96790461,701.96790461,614.1363403780023,0.042542465031147,0.1701547671109438,0.008551257196813822,17.01874960231306,0.0,0.78
422,432128,nominal,703.4570594779998,703.4570594779998,614.2919374789707,0.04402025043964386,0.16643884114455432,0.010354661848396063,17.050083939331365,0.0,0.8
423,433152,nominal,705.083773759,705.083773759,614.3270007346003,0.04309893026947975,0.01336164033273235,0.008060167543590069,17.050083939331365,0.0,0.8
424,434176,nominal,706.741685815,706.741685815,614.3347827280305,0.03969281166791916,0.16069731576135382,0.01181231182999909,17.07002409888144,0.0,0.8
425,435200,nominal,708.4266375560001,708.4266375560001,614.3190796740729,0.04397051781415939,0.16244176484178752,0.007770546013489366,17.005232349905285,0.0,0.8
426,436224,nominal,710.079177218,710.079177218,614.3314914670082,0.042250052094459534,0.012676646641921252,0.0068850829266011715,17.005232349905285,0.0,0.8
427,437248,nominal,711.6255433779997,711.6255433779997,614.4355048364861,0.04387613385915756,0.18157637468539178,0.005001154262572527,17.00864367623844,0.0,0.8
428,438272,nominal,713.2000634630003,713.2000634630003,614.5148079094876,0.044868066906929016,0.009595073526725173,0.013236607192084193,17.00864367623844,0.0,0.8
429,439296,nominal,714.7954523600001,714.7954523600001,614.5758182282791,0.042301665991544724,0.19234135281294584,0.014454453019425273,17.07030346036177,0.0,0.81
430,440320,nominal,716.31352324,716.31352324,614.7028999373941,0.041950736194849014,0.1685547628439963,0.009729588637128472,17.088629163220823,0.0,0.82
431,441344,nominal,717.9254079889997,717.9254079889997,614.7491021891266,0.04377516359090805,0.011725604068487883,0.00346663361415267,17.088629163220823,0.0,0.82
432,442368,nominal,719.6917926839997,719.6917926839997,614.6631162073481,0.04003728926181793,0.17743853759020567,0.007981749717146158,17.06016638801531,0.0,0.82
433,443392,nominal,721.1228336989998,721.1228336989998,614.8633482115947,0.041972674429416656,0.16730147670023143,0.015810224460437894,17.063179201062997,0.0,0.82
434,444416,nominal,722.6100354720002,722.6100354720002,615.0149848247164,0.04135020822286606,0.011864115891512483,0.013117613038048148,17.063179201062997,0.0,0.82
435,445440,nominal,724.1250920000002,724.1250920000002,615.1423351036148,0.04366279020905495,0.16822014516219497,0.004140680423006415,17.024281672619367,0.0,0.83
436,446464,nominal,725.6038166710005,725.6038166710005,615.2999608633996,0.0439714752137661,0.17931613977998495,0.013196481624618173,17.025588753390565,0.0,0.82
437,447488,nominal,727.1296554110004,727.1296554110004,615.4170671901194,0.04249248281121254,0.013309618050698191,0.0025385760236531496,17.025588753390565,0.0,0.82
438,448512,nominal,728.669715563,728.669715563,615.5216697231082,0.03920315206050873,0.17259450140409172,0.015690321568399668,17.011580071673382,0.0,0.81
439,449536,nominal,730.0100838480002,730.0100838480002,615.7942334582882,0.041935939341783524,0.007223494467325509,0.012270995881408453,17.011580071673382,0.0,0.81
440,450560,nominal,731.3502417250002,731.3502417250002,616.0659753626198,0.043570272624492645,0.15227965486701578,0.012380049796774983,16.937851549751812,0.0,0.78
441,451584,nominal,732.977536759,732.977536759,616.0952789859901,0.042201753705739975,0.17672252684133127,0.011348658474162221,16.942853633167672,0.0,0.77
442,452608,nominal,734.6124250410003,734.6124250410003,616.1180842738114,0.043229080736637115,0.008476890332531184,0.007280751597136259,16.942853633167672,0.0,0.77
443,453632,nominal,736.0615437229999,736.0615437229999,616.296291890932,0.04269687086343765,0.19598775651926795,0.012671407001713911,16.92397827152748,0.0,0.76
444,454656,nominal,737.4771669880001,737.4771669880001,616.5017987701278,0.04133763909339905,0.17162247031228617,0.005438826745375991,16.956323082201042,0.0,0.75
445,455680,nominal,739.000116321,739.000116321,616.6169530101481,0.04365934804081917,0.020161648688372225,0.0034155610483139753,16.956323082201042,0.0,0.75
446,456704,nominal,740.6447445659996,740.6447445659996,616.6303121041084,0.04014892876148224,0.1767628649249673,0.007554323878139257,16.945862450626095,0.0,0.75
447,457728,nominal,742.0023792969996,742.0023792969996,616.8821189410045,0.043679408729076385,0.16568465903401375,0.007321274373680353,16.945521652051863,0.0,0.74
448,458752,nominal,743.5411328119999,743.5411328119999,616.9826789071437,0.04418620467185974,0.020577783172484487,0.014388396637514234,16.945521652051863,0.0,0.74
449,459776,nominal,745.0790975850005,745.0790975850005,617.083476761402,0.042757295072078705,0.17557431082241237,0.016979063162580132,17.019873651892564,0.0,0.74
450,460800,nominal,746.5720880560002,746.5720880560002,617.2210391629797,0.04518457502126694,0.1828476592199877,0.01015770249068737,17.01917133539679,0.0,0.75
451,461824,nominal,748.0215745639998,748.0215745639998,617.3939572119747,0.03884672373533249,0.014626089367084205,-0.0010415255092084408,17.01917133539679,0.0,0.75
452,462848,nominal,749.5759925259999,749.5759925259999,617.4797547080533,0.04293329268693924,0.17938679782673717,0.011039844481274486,16.97701657921107,0.0,0.75
453,463872,nominal,750.951773363,750.951773363,617.7121040977561,0.043701574206352234,0.012206785613670945,0.010872355429455638,16.97701657921107,0.0,0.75
454,464896,nominal,752.5095026219997,752.5095026219997,617.7941918077364,0.03758785501122475,0.18603631341829896,0.0035304806660860777,17.006135618428868,0.0,0.75
455,465920,nominal,754.0538532170003,754.0538532170003,617.8869029211344,0.04317626729607582,0.16077554319053888,0.017402328550815582,16.964108248912034,0.0,0.77
456,466944,nominal,755.5703566840002,755.5703566840002,618.0020111552477,0.04474865272641182,0.006088376801926643,0.014411922311410308,16.964108248912034,0.0,0.77
457,467968,nominal,757.071973174,757.071973174,618.1288128235142,0.04079237952828407,0.17926691635511816,0.011392518179491162,17.004829748027973,0.0,0.76
458,468992,nominal,758.4218289709997,758.4218289709997,618.3788257206573,0.04319281876087189,0.1732218312099576,-0.0015777226071804762,16.999870125715756,0.0,0.78
459,470016,nominal,759.7573387250004,759.7573387250004,618.6396314233243,0.042970068752765656,0.009164511691778898,0.009334868751466274,16.999870125715756,0.0,0.78
460,471040,nominal,761.3610593590001,761.3610593590001,618.6814970502626,0.03860728070139885,0.178646351210773,0.00829718611203134,17.009056655429898,0.0,0.8
461,472064,nominal,762.656945279,762.656945279,618.9729247496809,0.0438368022441864,0.16924902598839253,0.009678049478679895,16.958748773345647,0.0,0.8
462,473088,nominal,764.0221178040001,764.0221178040001,619.2072048382303,0.03947232663631439,0.011242027045227587,0.010716674150899053,16.958748773345647,0.0,0.8
463,474112,nominal,765.3220591629997,765.3220591629997,619.4934463518747,0.04087211936712265,0.16373367980122566,0.006989809917286038,16.922992054862675,0.0,0.8
464,475136,nominal,766.7811769050004,766.7811769050004,619.6500570316771,0.04412476718425751,0.00875524862203747,0.007756334031000733,16.922992054862675,0.0,0.8
465,476160,nominal,768.1776735809999,768.1776735809999,619.8565987739446,0.043253444135189056,0.1765348413027823,0.007292389869689941,16.936120396500904,0.0,0.8
466,477184,nominal,769.7117237640005,769.7117237640005,619.9515809198045,0.04346229135990143,0.18393326038494706,0.0035772989504039288,16.949950606335065,0.0,0.81
467,478208,nominal,771.125437103,771.125437103,620.1429456101904,0.044131115078926086,0.01134842075407505,0.008504352997988462,16.949950606335065,0.0,0.81
468,479232,nominal,772.6360108609997,772.6360108609997,620.2558426780547,0.04192080348730087,0.18538214778527617,0.011058293748646975,16.93345917731821,0.0,0.8
469,480256,nominal,774.1891402950005,774.1891402950005,620.3341987166096,0.04385315254330635,0.1744513416197151,0.010278161149471998,16.94058778162443,0.0,0.81
470,481280,nominal,775.801073949,775.801073949,620.365214951531,0.044657304883003235,0.009667490841820836,0.010663790628314018,16.94058778162443,0.0,0.81
471,482304,nominal,777.335640155,777.335640155,620.4578499756284,0.04085283726453781,0.18530700518749654,0.009497533785179257,16.96174077189491,0.0,0.81
472,483328,nominal,778.8195328490001,778.8195328490001,620.590495762141,0.04254346713423729,0.1759198741056025,0.0068865392822772264,16.96201939325801,0.0,0.81
473,484352,nominal,780.3795336060002,780.3795336060002,620.6620998399231,0.03871862590312958,0.019466906785964966,0.0025000800378620625,16.96201939325801,0.0,0.81
474,485376,nominal,781.8659541819998,781.8659541819998,620.7918344619671,0.04123866930603981,0.1726367948576808,0.008441261947154999,16.944216447138707,0.0,0.81
475,486400,nominal,783.4553713639998,783.4553713639998,620.8394476295122,0.04503946751356125,0.18122016126289964,0.014993743039667606,16.933796556950657,0.0,0.82
476,487424,nominal,784.898375445,784.898375445,621.0026867792327,0.04337522014975548,0.009985749784391373,0.008357766084372997,16.933796556950657,0.0,0.82
477,488448,nominal,786.4681917079997,786.4681917079997,621.0651684961612,0.04278842359781265,0.1903747906908393,0.004967037821188569,16.951517908306517,0.0,0.84
478,489472,nominal,787.8951305549999,787.8951305549999,621.2400369262491,0.04423590004444122,0.006918014143593609,0.005605001701042056,16.951517908306517,0.0,0.84
479,490496,nominal,789.3421902540003,789.3421902540003,621.398432842117,0.0419885590672493,0.1870352646219544,0.007637431612238288,17.00304168469662,0.0,0.87
480,491520,nominal,790.8884875189997,790.8884875189997,621.478258637811,0.04127299413084984,0.17822504974901676,0.00355268525891006,16.99009829259576,0.0,0.88
481,492544,nominal,792.3312602870001,792.3312602870001,621.638984459088,0.04407060891389847,0.007390635029878467,0.013596992241218686,16.99009829259576,0.0,0.88
482,493568,nominal,793.846364348,793.846364348,621.7424707932953,0.04633103311061859,0.17759530653711408,0.010624773800373077,16.98851196633235,0.0,0.9
483,494592,nominal,795.3924848650004,795.3924848650004,621.8213138937888,0.04530680924654007,0.2069068337441422,0.006899871863424778,17.05259788257358,0.0,0.92
484,495616,nominal,796.9233459269999,796.9233459269999,621.9117591836739,0.042637526988983154,0.008773942827247083,0.008420505793765187,17.05259788257358,0.0,0.92
485,496640,nominal,798.3825767830003,798.3825767830003,622.0576631333305,0.04390871152281761,0.1634870646521449,0.010288435267284513,17.048940967321897,0.0,0.91
486,497664,nominal,799.8990756680005,799.8990756680005,622.1584886623326,0.045436371117830276,0.1974306350457482,0.006385148502886295,17.109848693295213,0.0,0.92
487,498688,nominal,801.4694521370002,801.4694521370002,622.2171021868918,0.040739864110946655,0.020981394802220166,0.007141538662835956,17.109848693295213,0.0,0.92
488,499712,nominal,802.8298656770003,802.8298656770003,622.438229273657,0.040431663393974304,0.17010008683428168,0.01148018124513328,17.06877778691489,0.0,0.92
489,500736,nominal,804.2807591119999,804.2807591119999,622.5885604336211,0.04357897490262985,0.008099488914012909,0.009513752069324255,17.06877778691489,0.0,0.92
490,501760,nominal,805.6639893769998,805.6639893769998,622.7906504645922,0.041668880730867386,0.1560555793112144,0.01231827400624752,17.03270159982583,0.0,0.91
491,502784,nominal,807.0575938829998,807.0575938829998,622.9840395664368,0.041833557188510895,0.19389075227081776,0.013589235255494714,17.0708144385473,0.0,0.92
492,503808,nominal,808.5856745259998,808.5856745259998,623.073121219142,0.04395166039466858,0.006250402133446187,0.013930958928540349,17.0708144385473,0.0,0.92
493,504832,nominal,810.2304638539999,810.2304638539999,623.07210419944,0.0456106998026371,0.16281225078273565,0.01583764934912324,17.053787989144823,0.0,0.92
494,505856,nominal,811.6251874219997,811.6251874219997,623.263062605009,0.04534129425883293,0.21034705312922597,0.00817440147511661,17.152759296120006,0.0,0.92
495,506880,nominal,813.3368528199999,813.3368528199999,623.2104179744797,0.04388977959752083,0.018676783016417176,0.0036389185115695,17.152759296120006,0.0,0.92
496,507904,nominal,814.9024307330001,814.9024307330001,623.2697079368671,0.04006080701947212,0.1592515662778169,0.008255418622866273,17.146970987869825,0.0,0.92
497,508928,nominal,816.575575764,816.575575764,623.2466597152867,0.044002946466207504,0.15822498279158026,0.003911309177055955,17.13965306589073,0.0,0.92
498,509952,nominal,818.1573971730004,818.1573971730004,623.293270661672,0.04371758922934532,0.016141614643856883,0.014039084082469344,17.13965306589073,0.0,0.92
499,510976,nominal,819.79445854,819.79445854,623.2976994136001,0.04276985302567482,0.1654205140657723,0.0026418152265250683,17.152601573838535,0.0,0.9
500,512000,nominal,821.3324458440002,821.3324458440002,623.37729696514,0.04413371905684471,0.18802378291729838,0.016817964613437653,17.201180931413592,0.0,0.9
501,513024,robustness,1.9624852119995921,823.2949310559998,521.787371307954,0.04289419949054718,0.011352512636221945,0.012107411632314324,,,
502,514048,robustness,3.50487742399946,824.8373232679996,584.3285662364195,0.0439000278711319,0.19676801655441523,0.006181822856888175,17.414260896260963,0.0,1.0
503,515072,robustness,4.991098960999807,826.323544805,615.4957102643028,0.045014236122369766,0.013368370360694826,0.004277019994333386,17.414260896260963,0.0,1.0
504,516096,robustness,6.567719455999395,827.9001652999996,623.6563585642257,0.0435151681303978,0.20951512968167663,0.011807121569290757,17.585570773467637,0.0,1.0
505,517120,robustness,8.405712180999217,829.7381580249994,609.1096018697332,0.04085851460695267,0.1810596501454711,0.004307904513552785,17.5643307498359,0.0,1.0
506,518144,robustness,9.914496745999713,831.2469425899999,619.6986248927836,0.042036041617393494,0.006756711634807289,0.007494838675484061,17.5643307498359,0.0,1.0
507,519168,robustness,11.79304460899948,833.1254904529997,607.8158980701195,0.038459789007902145,0.16435544902924448,0.01072821905836463,17.203701178964614,0.0,1.0
508,520192,robustness,13.78576830199927,835.1182141459994,594.2360135859792,0.042235326021909714,0.15481536788865924,0.011927328538149595,16.977508330363545,0.0,1.0
509,521216,robustness,15.751725922999867,837.084171767,585.0787428026072,0.043816253542900085,0.007196672027930617,0.00710251578129828,16.977508330363545,0.0,1.0
510,522240,robustness,17.630340908999642,838.9627867529998,580.8169026824011,0.04546871781349182,0.17825590958818793,0.0023974047508090734,17.042798787183735,0.0,1.0
511,523264,robustness,19.551850066999577,840.8842959109998,576.1091641660984,0.04618578776717186,0.19824777398025617,0.013825524598360062,17.255911077889113,0.0,1.0
512,524288,robustness,21.360039950999635,842.6924857949998,575.2798228930715,0.038965027779340744,0.012130461458582431,0.0017527565360069275,17.255911077889113,0.0,1.0
513,525312,robustness,22.947186086999864,844.279631931,580.1147011895097,0.04215273633599281,0.15290273819118738,0.006496607791632414,17.09771706336607,0.0,0.96875
514,526336,robustness,24.550689895999312,845.8831357399995,583.934710622374,0.04434136301279068,0.007196084596216679,0.01757835131138563,17.09771706336607,0.0,0.96875
515,527360,robustness,26.166103268999905,847.4985491130001,587.0190086040685,0.03800775483250618,0.18488399998750538,0.011204593698494136,17.140237225556838,0.0,0.9722222222222222
516,528384,robustness,28.001289436999286,849.3337352809995,585.1159117819456,0.04265301674604416,0.16956696659326553,0.010650012642145157,17.026739855644518,0.0,0.95
517,529408,robustness,29.96597208899948,851.2984179329997,580.9255894752196,0.04191992059350014,0.009435164218302816,0.015203758841380477,17.026739855644518,0.0,0.95
518,530432,robustness,31.8123613129992,853.1448071569994,579.3974178354467,0.042900241911411285,0.1649854474235326,0.013420386705547571,16.99802272889353,0.0,0.9318181818181818
519,531456,robustness,33.951679449999574,855.2841252939998,573.0497081492751,0.04004083573818207,0.17470595485065132,0.00800958601757884,17.0234447458625,0.0,0.9166666666666666
520,532480,robustness,35.707667730999674,857.0401135749999,573.5462801514827,0.039555419236421585,0.019598595798015594,0.004173352383077145,17.0234447458625,0.0,0.9166666666666666
521,533504,robustness,37.44936138199955,858.7818072259997,574.2153993134883,0.04009513929486275,0.14625267055816948,0.005767578026279807,16.894895622149416,0.0,0.8846153846153846
522,534528,robustness,39.31943794399922,860.6518837879994,572.9481696072447,0.03945484757423401,0.13924097968265414,0.0009484258480370045,16.835806120452872,0.0,0.8571428571428571
523,535552,robustness,41.13332918599917,862.4657750299993,572.5770431442868,0.0385521724820137,0.01378510263748467,0.007160144159570336,16.835806120452872,0.0,0.8571428571428571
524,536576,robustness,42.96193140299965,864.2943772469998,572.0413211749618,0.03924751281738281,0.16046265722252429,0.015376354334875941,16.74521847644302,0.0,0.8666666666666667
525,537600,robustness,44.758990847999485,866.0914366919997,571.9521266003744,0.043447259813547134,0.16255402739625424,0.013705839635804296,16.731476845253262,0.0,0.859375
526,538624,robustness,46.67845496299924,868.0109008069994,570.3702065782625,0.041025396436452866,0.008765850681811571,0.010860912036150694,16.731476845253262,0.0,0.859375
527,539648,robustness,48.372312819999934,869.7047586640001,571.5666336418941,0.03870774805545807,0.17096600984223187,0.0038921907544136047,16.726494965701807,0.0,0.8529411764705882
528,540672,robustness,49.85173145799945,871.1841773019996,575.1455197530387,0.042178381234407425,0.009321107645519078,0.002283130306750536,16.726494965701807,0.0,0.8529411764705882
529,541696,robustness,51.578732232999755,872.9111780769999,575.7411769225433,0.038517653942108154,0.17271333560347557,0.004016643622890115,16.68057176599204,0.0,0.8611111111111112
530,542720,robustness,53.24431437599924,874.5767602199994,576.963012107966,0.038901690393686295,0.15565431048162282,0.01089679286815226,16.6428911497669,0.0,0.868421052631579
531,543744,robustness,54.95931550899968,876.2917613529999,577.5908907526672,0.04063810035586357,0.010553773725405335,0.018556217895820737,16.6428911497669,0.0,0.868421052631579
532,544768,robustness,56.689528158999565,878.0219740029997,578.0256259691239,0.03931249678134918,0.14485958474688232,0.008684435160830617,16.58945614972937,0.0,0.875
533,545792,robustness,58.43349333199967,879.7659391759998,578.2984735826951,0.04072161018848419,0.16557497205212712,0.005251067224889994,16.580943157621853,0.0,0.8809523809523809
534,546816,robustness,59.88126855599967,881.2137143999998,581.4172084120233,0.03852221742272377,0.015098409436177462,0.009370298124849796,16.580943157621853,0.0,0.8809523809523809
535,547840,robustness,61.59794634899936,882.9303921929995,581.8375794046616,0.03856116160750389,0.13910098932683468,0.017725143115967512,16.523036034195645,0.0,0.875
536,548864,robustness,63.39918383299937,884.7316296769995,581.4585893897932,0.04403470456600189,0.15711987088434398,0.011812860378995538,16.519568620751794,0.0,0.8804347826086957
537,549888,robustness,65.05722929499916,886.3896751389993,582.3795512132637,0.04237363487482071,0.021694141323678195,0.012088636634871364,16.519568620751794,0.0,0.8804347826086957
538,550912,robustness,66.65697484199973,887.9894206859999,583.7648662009491,0.042303938418626785,0.17515058489516377,0.007028234889730811,16.54434014867841,0.0,0.8854166666666666
539,551936,robustness,68.46696087599958,889.7994067199998,583.2886327805325,0.044261384755373,0.014766786131076515,0.0065564364194869995,16.54434014867841,0.0,0.8854166666666666
540,552960,robustness,70.20045986599962,891.5329057099998,583.4719612689926,0.041301533579826355,0.18029894959181547,0.00483195367269218,16.574345363861894,0.0,0.89
541,553984,robustness,72.04020347099959,893.3726493149998,582.7856943366495,0.039635609835386276,0.1731056011049077,0.013280628016218543,16.54944915646291,0.0,0.89
542,555008,robustness,73.82408965499963,895.1565354989998,582.5740649290533,0.041420772671699524,0.005903287616092712,0.005532840499654412,16.54944915646291,0.0,0.89
543,556032,robustness,75.68858963799994,897.0210354820001,581.7521532716399,0.040386904031038284,0.16589343012310565,0.004141156794503331,16.472621821761738,0.0,0.89
544,557056,robustness,77.18161952299943,898.5140653669996,583.7659312988854,0.03994550183415413,0.16923944186419249,0.017812852980569005,16.431290158695294,0.0,0.88
545,558080,robustness,78.74130255199998,900.0737483960002,585.2074896725162,0.04117702692747116,0.01342239766381681,0.012185327243059874,16.431290158695294,0.0,0.88
546,559104,robustness,80.211272431,901.5437182750002,587.2491306071748,0.040930718183517456,0.16069489519577473,0.008975600125268102,16.42484351168265,0.0,0.88
547,560128,robustness,81.63954817099966,902.9719940149998,589.5182062888514,0.04326511174440384,0.16519080847501755,0.011448920238763094,16.454413418931903,0.0,0.88
548,561152,robustness,83.06933114200001,904.4017769860002,591.6985164594477,0.04308852553367615,0.009007052285596728,0.020037290640175343,16.454413418931903,0.0,0.88
549,562176,robustness,84.56721488499988,905.8996607290001,593.3268592117247,0.038854558020830154,0.17479270370677114,0.009069366147741675,16.452563652171968,0.0,0.87
550,563200,robustness,86.32185727899923,907.6543031229994,593.1290360738817,0.0421711727976799,0.15122177707962692,0.005462926113978028,16.344202833860876,0.0,0.86
551,564224,robustness,88.18798288999915,909.5204287339993,592.1895284206846,0.04188331589102745,0.008794550551101565,0.008853378240019083,16.344202833860876,0.0,0.86
552,565248,robustness,90.02820729399991,911.3606531380001,591.459072667204,0.04028407484292984,0.17167049075942487,0.012866246979683638,16.3809451729752,0.0,0.86
553,566272,robustness,91.9039434639999,913.2363893080001,590.5296111832147,0.04236767068505287,0.007673062034882605,0.013076887931674719,16.3809451729752,0.0,0.86
554,567296,robustness,93.66871689599975,915.0011627399999,590.3358328415567,0.03984684869647026,0.18951421440578997,0.015162303578108549,16.33457324217312,0.0,0.86
555,568320,robustness,95.26152926499981,916.593975109,591.2145273600245,0.041351448744535446,0.1728955552680418,0.005026007303968072,16.348602187636438,0.0,0.87
556,569344,robustness,96.94484046099933,918.2772863049995,591.5116237987863,0.04329293221235275,0.013756478729192168,0.00983546650968492,16.348602187636438,0.0,0.87
557,570368,robustness,98.80059489399991,920.1330407380001,590.7656736543055,0.04179394617676735,0.16894276766106486,0.01144632464274764,16.35827214135795,0.0,0.86
558,571392,robustness,100.7900931159993,922.1225389599995,589.2642636181093,0.04174389690160751,0.1733128898194991,0.01446568127721548,16.342742874527936,0.0,0.86
559,572416,robustness,102.60182972299935,923.9342755669995,588.8394014327902,0.03981040418148041,0.020000186690595,0.013989623868837953,16.342742874527936,0.0,0.86
560,573440,robustness,104.53620343799957,925.8686492819998,587.7389648691428,0.03945227339863777,0.15182562719564885,0.007882800186052918,16.366206014105426,0.0,0.87
561,574464,robustness,106.31477798499964,927.6472238289998,587.5382631078182,0.044304605573415756,0.16801005881279707,0.009041418554261327,16.38990743791886,0.0,0.89
562,575488,robustness,108.04494732499916,929.3773931689993,587.6073020705737,0.043661076575517654,0.012765726423822343,0.012168093817308545,16.38990743791886,0.0,0.89
563,576512,robustness,110.04224721699939,931.3746930609996,586.2475697427792,0.0402202382683754,0.18780445388983935,0.007710350677371025,16.47453180330217,0.0,0.89
564,577536,robustness,111.85542365799938,933.1878695019996,585.8991710619047,0.04302072525024414,0.015895477728918195,0.013532907469198108,16.47453180330217,0.0,0.89
565,578560,robustness,113.77316237999912,935.1056082239993,585.023731499099,0.0377323292195797,0.16324955923482776,0.0031996637117117643,16.46551376725657,0.0,0.9
566,579584,robustness,115.72297475999949,937.0554206039997,584.0154052396596,0.04066096618771553,0.1634021531790495,0.016682648565620184,16.423721697883124,0.0,0.9
567,580608,robustness,117.72312429199974,939.0555701359999,582.7911925767883,0.04171864315867424,0.014823079691268504,0.008146370761096478,16.423721697883124,0.0,0.9
568,581632,robustness,119.63817984499929,940.9706256889995,582.0215594237037,0.041623443365097046,0.1537884313147515,0.015125704929232597,16.44677643527047,0.0,0.89
569,582656,robustness,121.68015128499974,943.0125971289999,580.6698894917482,0.03908718377351761,0.17260059481486678,0.004822006216272712,16.484836406172523,0.0,0.89
570,583680,robustness,123.50774075199934,944.8401865959995,580.3684818746038,0.039760246872901917,0.02065329486504197,0.015261285472661257,16.484836406172523,0.0,0.89
571,584704,robustness,125.2641167869997,946.5965626309999,580.4056410155079,0.042168471962213516,0.1505248334724456,0.012240388663485646,16.475714564741864,0.0,0.89
572,585728,robustness,127.20377458199982,948.536220426,579.6054420733597,0.04136493429541588,0.16245352034457028,0.008567206328734756,16.490158660869234,0.0,0.89
573,586752,robustness,128.95109117299944,950.2835370169996,579.6926518420344,0.039419032633304596,0.008586544427089393,0.01297105010598898,16.490158660869234,0.0,0.89
574,587776,robustness,130.42644805999953,951.7588939039997,580.9864573260562,0.03610837087035179,0.16501467395573854,0.00828829687088728,16.519440918558736,0.0,0.9
575,588800,robustness,132.21846025499963,953.5509060989998,580.8568625884897,0.041834913194179535,0.14486746198963374,0.01433257246389985,16.4688574929286,0.0,0.89
576,589824,robustness,133.98363923799934,955.3160850819995,580.8470380608097,0.042313143610954285,0.016470007365569472,0.01061916328035295,16.4688574929286,0.0,0.89
577,590848,robustness,135.7574877799998,957.089933624,580.8003763871662,0.04057691991329193,0.182324955239892,0.009364096214994788,16.474250550740365,0.0,0.89
578,591872,robustness,137.50007315999937,958.8325190039996,580.8869636531643,0.042534951120615005,0.00905891030561179,0.013782812049612403,16.474250550740365,0.0,0.89
579,592896,robustness,139.5992954759995,960.9317413199997,579.4871652049848,0.04018284007906914,0.16486248408909887,0.0014458938967436552,16.43136575169412,0.0,0.88
580,593920,robustness,141.72481856999912,963.0572644139993,578.0215549158668,0.04271891713142395,0.17762284562923014,0.006946963956579566,16.420574412596576,0.0,0.87
581,594944,robustness,143.17153372099983,964.503979565,579.3330408936878,0.04403083026409149,0.010155936179216951,0.010033339960500598,16.420574412596576,0.0,0.87
582,595968,robustness,144.644136721,965.9765825650002,580.5143706720966,0.04229888692498207,0.17987602716311812,0.016587650403380394,16.48510158132235,0.0,0.86
583,596992,robustness,146.06638495899915,967.3988308029993,581.8724138607063,0.04317164793610573,0.17243665613932535,0.003970770398154855,16.50886573518258,0.0,0.86
584,598016,robustness,147.51887351199912,968.8513193559993,583.0847128384796,0.043472036719322205,0.009766848117578775,0.016044492251239717,16.50886573518258,0.0,0.86
585,599040,robustness,149.05383299999994,970.3862788440001,583.9500953994254,0.04471462219953537,0.17352127050980926,0.011411081068217754,16.564075257737514,0.0,0.85
586,600064,robustness,150.63308861699988,971.9655344610001,584.6258667902096,0.045176099985837936,0.1894642310217023,0.002234019571915269,16.615886440468397,0.0,0.85
587,601088,robustness,152.2749349199994,973.6073807639996,585.0470403865489,0.03894584998488426,0.01054213201859966,0.0025154496543109417,16.615886440468397,0.0,0.85
588,602112,robustness,154.01798065099956,975.3504264949997,585.0745453168307,0.041768696159124374,0.1566149522550404,0.010532599873840809,16.565020651436136,0.0,0.86
589,603136,robustness,155.83409612299965,977.1665419669998,584.8270838499071,0.04304097592830658,0.009408297715708613,0.01029200665652752,16.565020651436136,0.0,0.86
590,604160,robustness,157.25109680999958,978.5835426539998,586.0690441565147,0.042213886976242065,0.16934548364952207,0.007972375256940722,16.611160866248284,0.0,0.87
591,605184,robustness,158.74840243999915,980.0808482839993,586.991733886708,0.04080794006586075,0.18677661707624793,0.016853759065270424,16.62389831679661,0.0,0.88
592,606208,robustness,160.3799980189997,981.7124438629999,587.4049205864156,0.04301896691322327,0.009925744496285915,0.001589860999956727,16.62389831679661,0.0,0.88
593,607232,robustness,161.8540378889993,983.1864837329995,588.3819844229702,0.0389978289604187,0.1689954528119415,0.00807279348373413,16.6274821499477,0.0,0.88
594,608256,robustness,163.54738061399985,984.879826458,588.5511564821746,0.04179747402667999,0.14794242556672543,0.011089909356087446,16.615172577644426,0.0,0.87
595,609280,robustness,165.24481409499913,986.5772599389993,588.7022871657189,0.042304396629333496,0.010432679671794176,0.013005960965529084,16.615172577644426,0.0,0.87
596,610304,robustness,166.82317484599935,988.1556206899995,589.2706459444142,0.038810648024082184,0.15713615389540792,0.004496254026889801,16.6094804906999,0.0,0.87
597,611328,robustness,168.43366726799923,989.7661131119994,589.7158306359062,0.041935570538043976,0.16083320317557082,0.0028588995337486267,16.56690161663098,0.0,0.87
598,612352,robustness,169.90717828799916,991.2396241319993,590.6283713916991,0.0441746711730957,0.013524384994525462,0.00975028332322836,16.56690161663098,0.0,0.87
599,613376,robustness,171.4451711799993,992.7776170239995,591.3027430417735,0.04135781154036522,0.19216443318873644,0.0042912045028060675,16.63600420941473,0.0,0.88
600,614400,robustness,173.21044501399956,994.5428908579997,591.1883662196216,0.04420876502990723,0.16732057055924088,0.00858674943447113,16.64774347262697,0.0,0.88
601,615424,robustness,174.81266786999913,996.1451137139993,591.6276049108301,0.03532116115093231,0.018710552249103785,8.851266466081142e-05,16.64774347262697,0.0,0.88
602,616448,robustness,176.4686946239999,997.8011404680001,591.8783511293395,0.04003668949007988,0.14784608845366165,0.010170330293476582,16.535574194143543,0.0,0.86
603,617472,robustness,178.26781031499922,999.6002561589994,591.649158721538,0.04352065920829773,0.009107854159083217,0.011386111611500382,16.535574194143543,0.0,0.86
604,618496,robustness,179.9063789289994,1001.2388247729996,591.9523289500978,0.03538880497217178,0.1800469160079956,0.0027606915682554245,16.564201767741384,0.0,0.85
605,619520,robustness,181.61780068399912,1002.9502465279993,592.0124546991759,0.039364706724882126,0.1497014006599784,0.007848321460187435,16.537028558241236,0.0,0.86
606,620544,robustness,183.1968323759993,1004.5292782199995,592.4993275932887,0.041920751333236694,0.011368384410161525,0.007437224267050624,16.537028558241236,0.0,0.86
607,621568,robustness,184.86934918799943,1006.2017950319996,592.6780208901848,0.0435025691986084,0.14306833839509636,0.010636635823175311,16.525844267712753,0.0,0.85
608,622592,robustness,186.5242735669999,1007.8567194110001,592.9094261304018,0.042887888848781586,0.17980036232620478,0.008119983365759254,16.568460078359863,0.0,0.85
609,623616,robustness,188.0645486379999,1009.3969944820001,593.4983536681677,0.03969807177782059,0.011752012360375375,0.00981290522031486,16.568460078359863,0.0,0.85
610,624640,robustness,189.63177260799966,1010.9642184519998,593.9932873635346,0.042080093175172806,0.15554069582140073,0.009418696165084839,16.5838072852415,0.0,0.85
611,625664,robustness,191.48020815499967,1012.8126539989998,593.6070421857444,0.04379153624176979,0.1590174603043124,0.005930270534008741,16.601370973015538,0.0,0.84
612,626688,robustness,193.18678747399917,1014.5192333179994,593.6637877755265,0.04294557496905327,0.013954115100204945,0.010979651007801294,16.601370973015538,0.0,0.84
613,627712,robustness,194.89049514999988,1016.222940994,593.728287831281,0.03994802385568619,0.16991291579324752,0.013370593544095755,16.65033985116504,0.0,0.83
614,628736,robustness,196.60898619599993,1017.9414320400001,593.7470217339182,0.04213834926486015,0.008517825917806476,0.021252012345939875,16.65033985116504,0.0,0.83
615,629760,robustness,198.21281620599984,1019.54526205,594.1089090708124,0.04235871881246567,0.16242283070459962,0.008981044869869947,16.689135742622895,0.0,0.83
616,630784,robustness,199.89566798499982,1021.228113829,594.2299860590954,0.041693780571222305,0.18705942411907017,0.014669996220618486,16.691110367178556,0.0,0.83
617,631808,robustness,201.5809046739996,1022.9133505179998,594.3420096945974,0.04226396977901459,0.008892488549463451,0.006028148345649242,16.691110367178556,0.0,0.83
618,632832,robustness,203.1809756979992,1024.5134215419994,594.7013473328343,0.04179200157523155,0.18027248326689005,0.004383498802781105,16.697469860538,0.0,0.84
619,633856,robustness,204.6654298149997,1025.9978756589999,595.3912202473449,0.041506633162498474,0.17552111856639385,0.0122700952924788,16.714695349186478,0.0,0.85
620,634880,robustness,206.1121861039992,1027.4446319479994,596.1801789730072,0.04303877055644989,0.010696928191464394,0.007906896527856588,16.714695349186478,0.0,0.85
621,635904,robustness,207.53585936999934,1028.8683052139995,597.0245353074204,0.04248867928981781,0.1801406517624855,0.012836065609008074,16.690312164613502,0.0,0.86
622,636928,robustness,209.12862955799937,1030.4610754019996,597.3739715314907,0.04442739114165306,0.17718052677810192,0.008473586523905396,16.70233526523898,0.0,0.87
623,637952,robustness,210.8318231789999,1032.164269023,597.4050695993107,0.044977977871894836,0.009205077541992068,0.01041558850556612,16.70233526523898,0.0,0.87
624,638976,robustness,212.26285730199925,1033.5953031459994,598.2016901776816,0.03937926143407822,0.18852062476798892,0.012798660551197827,16.727918960437496,0.0,0.87
625,640000,robustness,213.83309560499947,1035.1655414489996,598.5977036802872,0.04334253817796707,0.16413853864651173,0.01363404281437397,16.647602407340983,0.0,0.87
626,641024,robustness,215.3614015109997,1036.693847355,599.1045707111542,0.03636099025607109,0.018234313349239528,0.0018342372495681047,16.647602407340983,0.0,0.87
627,642048,robustness,216.8221917589999,1038.154637603,599.7910036097675,0.04145851731300354,0.15749478642828763,0.0068957689218223095,16.615646516683647,0.0,0.86
628,643072,robustness,218.3562471339992,1039.6886929779994,600.2667737716006,0.04372739791870117,0.010349350690376014,0.0075562759302556515,16.615646516683647,0.0,0.86
629,644096,robustness,219.75496983999983,1041.087415684,601.1058593859199,0.039812833070755005,0.187203629873693,0.003501442726701498,16.62677455463939,0.0,0.85
630,645120,robustness,221.4984015029995,1042.8308473469997,600.9975652045385,0.040268413722515106,0.1635643484769389,0.007169628981500864,16.577794083409827,0.0,0.84
631,646144,robustness,223.38985216699984,1044.722298011,600.4928097616439,0.042146626859903336,0.011557051737327129,0.004236305132508278,16.577794083409827,0.0,0.84
632,647168,robustness,224.9959209969993,1046.3283668409995,600.757557741692,0.03783918172121048,0.16631549503654242,0.0056383616756647825,16.584293817328657,0.0,0.82
633,648192,robustness,226.60542213399913,1047.9378679779993,601.0094494537966,0.041709087789058685,0.16042149253189564,0.00963338278234005,16.571855627104135,0.0,0.83
634,649216,robustness,228.2148545179998,1049.547300362,601.2579693368622,0.04267369955778122,0.007130662444978952,0.018630312057211995,16.571855627104135,0.0,0.83
635,650240,robustness,229.9598456599997,1051.2922915039999,601.1484292105094,0.03809761628508568,0.16647181077860296,0.005901979049667716,16.578077304391094,0.0,0.83
636,651264,robustness,231.85253010999986,1053.184975954,600.6576677594493,0.04073701053857803,0.15622306684963405,0.0113653305452317,16.558802746554832,0.0,0.83
637,652288,robustness,233.81416616599927,1055.1466120099994,599.9978628343707,0.04274354875087738,0.008440430043265224,0.009361258242279291,16.558802746554832,0.0,0.83
638,653312,robustness,235.7055754239991,1057.0380212679993,599.5276087373021,0.039277203381061554,0.16497940674889833,0.014302213443443179,16.539208875251557,0.0,0.83
639,654336,robustness,237.5942305869994,1058.9266764309996,599.0717857430511,0.04262028634548187,0.008122573839500546,0.011149289086461067,16.539208875251557,0.0,0.83
640,655360,robustness,239.34163836399966,1060.6740842079998,598.976429592133,0.03672531992197037,0.16349344793707132,0.010984276654198766,16.507067769171996,0.0,0.83
641,656384,robustness,241.18616954299978,1062.518615387,598.6412913873926,0.040634192526340485,0.15991576481610537,0.016541317105293274,16.535622076270876,0.0,0.85
642,657408,robustness,242.93762417499966,1064.2700700189998,598.5404710110099,0.044320493936538696,0.007237082114443183,0.01696180202998221,16.535622076270876,0.0,0.85
643,658432,robustness,244.41735260399946,1065.7497984479996,599.1063991158044,0.04084870591759682,0.18216885928995907,0.0031252026092261076,16.538544704827487,0.0,0.86
644,659456,robustness,246.03715450799973,1067.369600352,599.3241154770612,0.04242228716611862,0.16890506021445617,0.009446803480386734,16.604836662373007,0.0,0.85
645,660480,robustness,247.50517944699914,1068.8376252909993,599.9066376378421,0.0454181469976902,0.01107422134373337,0.01883883331902325,16.604836662373007,0.0,0.85
646,661504,robustness,249.04781412199918,1070.3802599659994,600.3023978631011,0.04126376658678055,0.18771049671340734,0.011629543034359813,16.671612101895697,0.0,0.87
647,662528,robustness,250.66680788099984,1071.999253725,600.5102999973607,0.04214414954185486,0.16015342762693763,0.011144585907459259,16.614744824144275,0.0,0.86
648,663552,robustness,252.2810716719996,1073.6135175159998,600.7267964876835,0.04130241647362709,0.01021099416539073,0.0070684123784303665,16.614744824144275,0.0,0.86
649,664576,robustness,253.8063099279998,1075.138755772,601.1513269440899,0.04385598003864288,0.17391952278558165,0.01598518225364387,16.648683823214242,0.0,0.86
650,665600,robustness,255.63495018699996,1076.9673960310001,600.8568072857009,0.046735674142837524,0.1941044896375388,0.008635940728709102,16.693751955059142,0.0,0.87
651,666624,robustness,257.16886209099994,1078.501307935,601.2547504498654,0.0417039692401886,0.013154056563507766,0.009370691375806928,16.693751955059142,0.0,0.87
652,667648,robustness,258.54520677099936,1079.8776526149995,602.0146416323306,0.03997423127293587,0.17566008190624416,0.005509768845513463,16.68499079253142,0.0,0.88
653,668672,robustness,260.3152829069995,1081.6477287509997,601.8547902774221,0.042899999767541885,0.01060424669412896,0.008231385378167033,16.68499079253142,0.0,0.88
654,669696,robustness,262.1229254509999,1083.455371295,601.6108653170018,0.04093922674655914,0.17536021675914526,0.015557838138192892,16.68892319064863,0.0,0.89
655,670720,robustness,263.6266527989992,1084.9590986429994,602.0635558462112,0.04168979823589325,0.16728602489456534,0.011467249365523458,16.657418066466892,0.0,0.88
656,671744,robustness,265.2197243449991,1086.5521701889993,602.3081442924819,0.04265572875738144,0.015459897113032639,0.009907299652695656,16.657418066466892,0.0,0.88
657,672768,robustness,266.73893441199925,1088.0713802559994,602.7166613467878,0.03834817558526993,0.1728076139697805,0.004088981309905648,16.679003658685826,0.0,0.85
658,673792,robustness,268.4286741289998,1089.761119973,602.7373957904624,0.04001879692077637,0.15845183050259948,0.003986385650932789,16.64039687729869,0.0,0.84
659,674816,robustness,270.01375500999984,1091.346200854,602.9915031327578,0.04009100794792175,0.018016910646110773,0.00546420831233263,16.64039687729869,0.0,0.84
660,675840,robustness,271.53845232299955,1092.8708981669997,603.3767910156222,0.04104666784405708,0.16584288165904582,0.01619101013056934,16.594553807674636,0.0,0.84
661,676864,robustness,273.2385282999994,1094.5709741439996,603.3702531840213,0.04339560493826866,0.17723523394670337,0.010991924908012152,16.571333204263727,0.0,0.84
662,677888,robustness,274.7778976699992,1096.1103435139994,603.7166795679723,0.041490379720926285,0.010739992605522275,0.009470779448747635,16.571333204263727,0.0,0.84
663,678912,robustness,276.2188124149998,1097.551258259,604.2745551639915,0.04247687757015228,0.17813914630096406,0.005098255118355155,16.528356576191417,0.0,0.85
664,679936,robustness,277.74134159299956,1099.0737874369997,604.6489119581354,0.04452966898679733,0.009900506411213428,0.014872883213683963,16.528356576191417,0.0,0.85
665,680960,robustness,279.23020566599916,1100.5626515099993,605.0921303338554,0.043613847345113754,0.17601828114129603,0.00867281574755907,16.580622578434223,0.0,0.85
666,681984,robustness,280.7533259409993,1102.0857717849995,605.4567632645691,0.040815066546201706,0.19237020215950906,0.012200703611597419,16.675391405214373,0.0,0.86
667,683008,robustness,282.26559928199913,1103.5980451259993,605.8407416100091,0.044110603630542755,0.005196749698370695,0.010697449557483196,16.675391405214373,0.0,0.86
668,684032,robustness,283.8610610809992,1105.1935069249994,606.0429681509257,0.041934236884117126,0.18639069388154894,0.004405739717185497,16.65294670204659,0.0,0.87
669,685056,robustness,285.4508114419996,1106.7832572859998,606.2550641414556,0.042184390127658844,0.17600034340284765,0.007700121263042092,16.687543684583858,0.0,0.87
670,686080,robustness,287.17224112799977,1108.504686972,606.1867237453785,0.044579844921827316,0.009237881866283715,0.007353281602263451,16.687543684583858,0.0,0.87
671,687104,robustness,288.76240640299966,1110.0948522469998,606.3947249269808,0.04251973330974579,0.1857746578170918,0.003166075563058257,16.728807676860566,0.0,0.89
672,688128,robustness,290.3628445679997,1111.6952904119998,606.5789865850169,0.04378493130207062,0.1799161029048264,0.0073204555083066225,16.789781687675525,0.0,0.89
673,689152,robustness,292.0256716009999,1113.358117445,606.6315986152275,0.04242481663823128,0.010146254673600197,0.011350912507623434,16.789781687675525,0.0,0.89
674,690176,robustness,293.45913751899934,1114.7915833629995,607.157785258823,0.04191088303923607,0.17531570745632052,0.003461088752374053,16.788581557623747,0.0,0.91
675,691200,robustness,295.0103718099999,1116.342817654,607.4362704624261,0.04178738221526146,0.16821163159329444,0.011286531807854772,16.835054017317713,0.0,0.91
676,692224,robustness,296.53648700099984,1117.868932845,607.7633205366473,0.040801577270030975,0.007771147531457245,0.007649519946426153,16.835054017317713,0.0,0.91
677,693248,robustness,298.12165736099996,1119.4541032050001,607.9665650742177,0.040438055992126465,0.18401085709532103,0.01775655864427487,16.815787807182716,0.0,0.91
678,694272,robustness,299.65289629699964,1120.9853421409998,608.2771174664099,0.043088700622320175,0.008378552447538823,0.018046027282252908,16.815787807182716,0.0,0.91
679,695296,robustness,301.40158746399993,1122.734033308,608.1454365992457,0.04124228283762932,0.18552110251039267,0.0032253533136099577,16.829279231113844,0.0,0.9
680,696320,robustness,302.96949196199967,1124.3019378059998,608.3780872006696,0.04191635549068451,0.17144238638381162,0.017643158944944542,16.881580384129574,0.0,0.9
681,697344,robustness,304.61049400499996,1125.9429398490001,608.4622941354007,0.04441303387284279,0.013527910748962313,0.010575711727142334,16.881580384129574,0.0,0.9
682,698368,robustness,306.19388390899985,1127.526329753,608.6601000018281,0.04075586795806885,0.19196668127551675,0.019058621488511562,16.891182382086484,0.0,0.9
683,699392,robustness,307.702420095,1129.0348659390002,609.0039848960065,0.041786327958106995,0.1774666323326528,0.012992867967113853,16.892332468664726,0.0,0.91
684,700416,robustness,309.14476593699965,1130.4772117809998,609.4749798817462,0.04091281816363335,0.009597683732863516,0.009973280364647508,16.892332468664726,0.0,0.91
685,701440,robustness,310.76461202599967,1132.0970578699998,609.5932183686049,0.03792126104235649,0.16585097287315875,0.004807281075045466,16.82640287011798,0.0,0.9
686,702464,robustness,312.27584198099976,1133.608287825,609.9223007189544,0.04199880734086037,0.16008284979034215,0.007710381178185344,16.79165804047436,0.0,0.9
687,703488,robustness,313.78157560899945,1135.1140214529996,610.2589026406431,0.043221063911914825,0.009535848279483616,0.010499013355001807,16.79165804047436,0.0,0.9
688,704512,robustness,315.3687366989998,1136.701182543,610.4346360233575,0.03736751154065132,0.17359544709324837,0.008407242828980088,16.823670206781866,0.0,0.89
689,705536,robustness,316.85028910599976,1138.18273495,610.8121300632744,0.04228079319000244,0.015938473341520876,0.014901841059327126,16.823670206781866,0.0,0.89
690,706560,robustness,318.30660145799993,1139.639047302,611.2345741772871,0.04020183905959129,0.160183739149943,0.01823429623618722,16.70822929474911,0.0,0.89
691,707584,robustness,319.8616704189999,1141.194116263,611.4643237615702,0.04206319898366928,0.17683629522798583,0.013879268895834684,16.689169759113213,0.0,0.89
692,708608,robustness,321.6132095369994,1142.9456553809996,611.3181740359504,0.04349737986922264,0.012511135777458549,0.00887215998955071,16.689169759113213,0.0,0.89
693,709632,robustness,323.3698272339998,1144.702273078,611.1640089939119,0.04019628092646599,0.18879371578805149,0.010809683706611395,16.721963154622298,0.0,0.88
694,710656,robustness,325.1812196289993,1146.5136654729995,610.9085888374719,0.04056067019701004,0.16603828757070005,0.004442743258550763,16.721827603185655,0.0,0.89
695,711680,robustness,326.63048845699996,1147.9629343010001,611.3330110219865,0.041242267936468124,0.009574658120982349,0.006039229920133948,16.721827603185655,0.0,0.89
696,712704,robustness,328.1486566279991,1149.4811024719993,611.6252373616301,0.04137687757611275,0.1684276182204485,0.015371663961559534,16.68203371093584,0.0,0.92
697,713728,robustness,329.6726856289997,1151.005131473,611.9038937518061,0.04434077441692352,0.17605928907869384,0.017648929031565785,16.732982635139066,0.0,0.93
698,714752,robustness,331.32474651099983,1152.657192355,611.9434244953651,0.04449253901839256,0.013195900246500969,0.014932517660781741,16.732982635139066,0.0,0.93
699,715776,robustness,333.34447276099945,1154.6769186049996,611.3075711505883,0.03850407153367996,0.19908415945246816,0.0026947101578116417,16.820127755183325,0.0,0.93
700,716800,robustness,335.45780208999986,1156.790247934,610.5089782501296,0.04231611639261246,0.16106423689052463,0.016509423730894923,16.771440136163317,0.0,0.93
701,717824,robustness,337.3101438859994,1158.6425897299996,610.1921443238963,0.04248911887407303,0.014285772107541561,0.016409893985837698,16.771440136163317,0.0,0.93
702,718848,robustness,339.1021021629995,1160.4345480069996,609.9873715927965,0.04269648715853691,0.1763247202616185,0.00723920320160687,16.78299725259914,0.0,0.92
703,719872,robustness,340.93416718699973,1162.266613031,609.7130179562902,0.04355724900960922,0.01251571933971718,0.013238957617431879,16.78299725259914,0.0,0.92
704,720896,robustness,342.8286536679998,1164.161099512,609.3306313955247,0.040719300508499146,0.19163107662461698,0.009785892209038138,16.77393277737879,0.0,0.92
705,721920,robustness,344.5023834599997,1165.8348293039999,609.3426637333379,0.04232526198029518,0.16864348959643394,0.006178850773721933,16.731111517506946,0.0,0.91
706,722944,robustness,346.1711515849993,1167.5035974289995,609.363313592596,0.0434916652739048,0.010481107165105641,0.01692832331173122,16.731111517506946,0.0,0.91
707,723968,robustness,347.7078924419993,1169.0403382859995,609.615152855232,0.04162149876356125,0.18568369140848517,0.008701849961653352,16.752669618927133,0.0,0.9
708,724992,robustness,349.34382707199984,1170.676272916,609.6916089377537,0.04161534830927849,0.17037787474691868,0.020190633833408356,16.749905565778068,0.0,0.91
709,726016,robustness,350.935768413,1172.2682142570002,609.8437926912441,0.0419730506837368,0.013462391507346183,0.0107033452950418,16.749905565778068,0.0,0.91
710,727040,robustness,352.6654269449991,1173.9978727889993,609.7563967718819,0.03996143490076065,0.17045345646329224,0.00926449871622026,16.714485885645946,0.0,0.91
711,728064,robustness,354.4275140459995,1175.7599598899997,609.6140718126022,0.04212728515267372,0.1614235881716013,0.006729546934366226,16.667455405843896,0.0,0.9
712,729088,robustness,356.13080686599915,1177.4632527099993,609.5737740590451,0.03968607261776924,0.008125528926029801,0.012474810471758246,16.667455405843896,0.0,0.9
713,730112,robustness,357.715080682,1179.0475265260002,609.7366641187159,0.0406586155295372,0.16136131389066577,0.006469038315117359,16.639987192782066,0.0,0.9
714,731136,robustness,359.3793133449999,1180.711759189,609.7624205476513,0.04293306916952133,0.006377226556651294,0.012944536050781608,16.639987192782066,0.0,0.9
715,732160,robustness,361.0721924699992,1182.4046383139994,609.7395606511367,0.0403897799551487,0.17324761813506484,0.005421285517513752,16.645211262559723,0.0,0.91
716,733184,robustness,362.82865903199945,1184.1611048759996,609.6100583402173,0.041116051375865936,0.16412693378515542,0.013414562679827213,16.637114858968168,0.0,0.9
717,734208,robustness,364.7348157489996,1186.0672615929998,609.2316675162631,0.04272676631808281,0.008984146814327687,0.006279833614826202,16.637114858968168,0.0,0.9
718,735232,robustness,366.77551902899995,1188.1079648730001,608.6338602723091,0.039280965924263,0.16862759739160538,0.009535722667351365,16.64428214912218,0.0,0.91
719,736256,robustness,368.81593176299975,1190.148377607,608.0431475072676,0.039195239543914795,0.15562622994184494,0.010910220677033067,16.605165953179363,0.0,0.89
720,737280,robustness,370.72574666999935,1192.0581925139995,607.6729280972559,0.04181375354528427,0.026437039797504742,0.01654267559448878,16.605165953179363,0.0,0.89
721,738304,robustness,372.7727823109999,1194.105228155,607.0829490206645,0.04223014414310455,0.15736634121276438,0.009168346878141165,16.56660902721743,0.0,0.89
722,739328,robustness,374.7232428799998,1196.055688724,606.6557234422706,0.04292548447847366,0.16025386581895873,0.01087299850769341,16.58534853226982,0.0,0.89
723,740352,robustness,376.7233476299998,1198.055793474,606.1530336162672,0.042111169546842575,0.016432166914455593,0.010464285733178258,16.58534853226982,0.0,0.89
724,741376,robustness,379.1964137489995,1200.5288595929997,604.9002355592695,0.03976443037390709,0.16622772067785263,0.014202813617885113,16.60846281165318,0.0,0.89
725,742400,robustness,381.0462166159996,1202.3786624599998,604.651063186349,0.042915377765893936,0.16446136077865958,0.00881760218180716,16.637611714566507,0.0,0.9
726,743424,robustness,382.92529923999973,1204.257745084,604.3580835722066,0.04111318290233612,0.014813651621807367,0.0057026168797165155,16.637611714566507,0.0,0.9
727,744448,robustness,384.72205299399957,1206.0544988379997,604.1972332779827,0.04068540036678314,0.17224118602462113,0.004655610071495175,16.613640774938723,0.0,0.91
728,745472,robustness,386.6793090779993,1208.0117549219995,603.7871551924828,0.0434686616063118,0.010878634871914983,0.017570706782862544,16.613640774938723,0.0,0.91
729,746496,robustness,388.4737004789995,1209.8061463229997,603.6341706294648,0.04134419932961464,0.17840431490913033,0.018562362994998693,16.663212706075996,0.0,0.91
730,747520,robustness,390.24676611499945,1211.5792119589996,603.5155713003296,0.04109424352645874,0.17249356186948717,0.011467831209301949,16.680937226828547,0.0,0.91
731,748544,robustness,392.0902564179996,1213.4227022619998,603.289666417584,0.04301834851503372,0.01034738909220323,0.020269389497116208,16.680937226828547,0.0,0.91
732,749568,robustness,393.74430396499974,1215.076749809,603.356029808415,0.04049615561962128,0.1803843481466174,0.004714451031759381,16.65509395089043,0.0,0.92
733,750592,robustness,395.54940635099956,1216.8818521949997,603.1913995296964,0.04193159192800522,0.16321036021690816,0.0068148507270962,16.657871259236277,0.0,0.92
734,751616,robustness,397.2531852809998,1218.585631125,603.1820734942779,0.04372695833444595,0.014419931045267731,0.014032865408807993,16.657871259236277,0.0,0.92
735,752640,robustness,398.96407034999993,1220.296516194,603.1620837156922,0.041019607335329056,0.18315095314756036,0.008041989989578724,16.7118120324197,0.0,0.92
736,753664,robustness,400.5849869799995,1221.9174328239997,603.2777259624706,0.04334608465433121,0.17018603580072522,0.01079928339459002,16.686825107592416,0.0,0.92
737,754688,robustness,402.3445893999997,1223.6770352439999,603.1844503287863,0.04171733558177948,0.015046219108626246,0.010972970863804221,16.686825107592416,0.0,0.92
738,755712,robustness,403.99562695199984,1225.328072796,603.2540546013294,0.04410869628190994,0.18182674841955304,0.0056796453427523375,16.657727113453674,0.0,0.92
739,756736,robustness,405.69634933399993,1227.028795178,603.2492044894267,0.044211480766534805,0.013318672368768603,0.014307066798210144,16.657727113453674,0.0,0.92
740,757760,robustness,407.32005379399925,1228.6524996379994,603.3584590566029,0.04335474967956543,0.1668526388821192,0.008557161316275597,16.735745276900843,0.0,0.91
741,758784,robustness,408.9008466389996,1230.2332924829998,603.5301761501967,0.042215701192617416,0.19421243108808994,0.00819273036904633,16.747388659484283,0.0,0.92
742,759808,robustness,410.5914548669998,1231.923900711,603.539106970141,0.04241492971777916,0.010734635754488409,0.013570734998211265,16.747388659484283,0.0,0.92
743,760832,robustness,412.5068897349993,1233.8393355789995,603.2190157111157,0.038103170692920685,0.18426789925433695,0.002796119311824441,16.723788050946965,0.0,0.92
744,761856,robustness,414.13589394599967,1235.4683397899998,603.3188710577679,0.03848433494567871,0.12331076618283987,0.01167546957731247,16.684239432991554,0.0,0.92
745,762880,robustness,415.60981510299916,1236.9422609469993,603.6431067871322,0.042254865169525146,0.008584420720580965,0.006324388086795807,16.684239432991554,0.0,0.92
746,763904,robustness,417.5021934439992,1238.8346392879994,603.359704345574,0.03987511992454529,0.1707026690710336,0.005660005379468203,16.645345341150236,0.0,0.93
747,764928,robustness,419.4926589739998,1240.825104818,602.9378454884392,0.04110917076468468,0.16062886454164982,0.014576908899471164,16.61877874216142,0.0,0.92
748,765952,robustness,421.4919934669997,1242.8244393109999,602.5072929881951,0.04011572524905205,0.013737214670982212,0.00944716390222311,16.61877874216142,0.0,0.92
749,766976,robustness,423.3429998849997,1244.6754457289999,602.2917588557357,0.03450679033994675,0.17021608946379274,0.010375723009929061,16.60236020077375,0.0,0.92
750,768000,robustness,425.1086391179997,1246.4410849619999,602.1990061908404,0.04160407558083534,0.15276295971125364,0.010451158974319696,16.5440274995073,0.0,0.93
